Path,HTTP status,Language,Title,Meta description,Declared canonical,Technical errors,Duplicate description within language,HTML bytes uncompressed,JSON-LD syntax errors,Checked at UTC
/,200,en,"Messi vs Ronaldo: Career Stats, Goals & Trophies","Compare Messi vs Ronaldo career goals, assists, trophies and scoring rates. Explore club, World Cup and Champions League records. Data through 27 September 2026.",https://messivsronaldo17.com,,no,346331,,2026-10-06T18:54:41Z
/2026,200,en,"Messi vs Ronaldo 2026 Goals, Assists & Stats | The Rivalry","Goals, assists, appearances and playing minutes from 1 January 2026. Updated 27 September 2026. The year is still in progress.",https://messivsronaldo17.com/2026,,no,294260,,2026-10-06T18:54:41Z
/about,200,en,About The Rivalry | The Rivalry,Two extraordinary careers deserve more than an argument over a single number.,https://messivsronaldo17.com/about,,no,249680,,2026-10-06T18:54:41Z
/accessibility,200,en,Accessibility Statement | The Rivalry,"How we support accessible browsing, and how to describe a problem when something gets in the way.",https://messivsronaldo17.com/accessibility,,no,247366,,2026-10-06T18:54:41Z
/answers,200,en,"Messi vs Ronaldo: Goals, Records & Quick Answers | The Rivalry","Find dated answers about Messi and Ronaldo’s goals, assists, appearances and scoring records, with sources and counting rules.",https://messivsronaldo17.com/answers,,no,263741,,2026-10-06T18:54:41Z
/ar,200,ar,ميسي ضد رونالدو: إحصائيات المسيرة والأهداف والألقاب,قارن أهداف ميسي ورونالدو وتمريراتهما الحاسمة وألقابهما ومعدلات التسجيل. استكشف سجلات الأندية وكأس العالم ودوري الأبطال. البيانات حتى 27 سبتمبر 2026.,https://messivsronaldo17.com/ar,,no,614370,,2026-10-06T18:54:41Z
/ar/2026,200,ar,ميسي ضد رونالدو 2026 الأهداف المسجلة، التمريرات الحاسمة والإحصائيات | The Rivalry,"Goals, assists, appearances and playing minutes from 1 January 2026. تم التحديث 27 سبتمبر 2026. The year is still in progress.",https://messivsronaldo17.com/ar/2026,,no,555843,,2026-10-06T18:54:41Z
/ar/about,200,ar,عن التنافس | The Rivalry,مهنتان استثنائيتان تستحقان أكثر من مجرد جدال حول رقم واحد.,https://messivsronaldo17.com/ar/about,,no,505477,,2026-10-06T18:54:41Z
/ar/accessibility,200,ar,بيان إمكانية الوصول | The Rivalry,كيف ندعم التصفح الذي يسهل الوصول إليه، وكيف نصف المشكلة عندما يعترض شيء ما الطريق.,https://messivsronaldo17.com/ar/accessibility,,no,503868,,2026-10-06T18:54:41Z
/ar/answers,200,ar,ميسي ضد رونالدو: أهداف وأرقام قياسية وإجابات سريعة | The Rivalry,اعثر على إجابات مؤرخة عن أهداف ميسي ورونالدو وتمريراتهما الحاسمة ومشاركاتهما وأرقامهما التهديفية، مع المصادر وقواعد الاحتساب.,https://messivsronaldo17.com/ar/answers,,no,522390,,2026-10-06T18:54:41Z
/ar/assists,200,ar,ميسي ضد رونالدو التمريرات الحاسمة ومساهمات الأهداف | The Rivalry,نظرة عامة على المهنة. تمت مراجعة خط الأساس بالإضافة إلى تحديثات المباريات المنشورة. اطلع على تغطية كل إحصائية وسجل التحديث العام.,https://messivsronaldo17.com/ar/assists,,yes,566208,,2026-10-06T18:54:41Z
/ar/ballon-dor,200,ar,ميسي ضد رونالدو: الكرة الذهبية | The Rivalry,قارن عدد مرات فوز ميسي ورونالدو بالكرة الذهبية وأعوام الفوز والتسلسل الزمني للجائزة.,https://messivsronaldo17.com/ar/ballon-dor,,no,562973,,2026-10-06T18:54:41Z
/ar/career-timeline,200,ar,المسار الزمني لميسي ورونالدو: أهداف وتمريرات حاسمة تفاعلية | The Rivalry,اختر نطاقاً من السنوات، وبدّل بين الأهداف والتمريرات الحاسمة، وقارن المسيرتين عبر الزمن.,https://messivsronaldo17.com/ar/career-timeline,,no,507484,,2026-10-06T18:54:41Z
/ar/champions-league,200,ar,أهداف ميسي ورونالدو في دوري أبطال أوروبا | The Rivalry,دوري أبطال أوروبا. تمت مراجعة خط الأساس بالإضافة إلى تحديثات المباريات المنشورة. اطلع على تغطية كل إحصائية وسجل التحديث العام.,https://messivsronaldo17.com/ar/champions-league,,no,560626,,2026-10-06T18:54:41Z
/ar/club-stats,200,ar,ميسي ضد رونالدو: الأهداف والإحصائيات حسب موسم الأندية | The Rivalry,قارن ميسي ورونالدو حسب موسم الأندية، من 2002/2003 إلى 2026/2027: الأهداف والتمريرات الحاسمة والمشاركات والدقائق ومعدلات التسجيل.,https://messivsronaldo17.com/ar/club-stats,,no,527435,,2026-10-06T18:54:41Z
/ar/club-stats/2002-2003,200,ar,ميسي ضد رونالدو 2002/2003: أهداف وإحصائيات الموسم | The Rivalry,موسم الأندية 2002/2003: ميسي 0 هدفًا و0 تمريرة حاسمة؛ رونالدو 5 هدفًا و4 تمريرة حاسمة. قارن المشاركات والدقائق ومعدلات التسجيل.,https://messivsronaldo17.com/ar/club-stats/2002-2003,,no,554065,,2026-10-06T18:54:41Z
/ar/club-stats/2003-2004,200,ar,ميسي ضد رونالدو 2003/2004: أهداف وإحصائيات الموسم | The Rivalry,موسم الأندية 2003/2004: ميسي 0 هدفًا و0 تمريرة حاسمة؛ رونالدو 6 هدفًا و6 تمريرة حاسمة. قارن المشاركات والدقائق ومعدلات التسجيل.,https://messivsronaldo17.com/ar/club-stats/2003-2004,,no,557054,,2026-10-06T18:54:41Z
/ar/club-stats/2004-2005,200,ar,ميسي ضد رونالدو 2004/2005: أهداف وإحصائيات الموسم | The Rivalry,موسم الأندية 2004/2005: ميسي 1 هدفًا و0 تمريرة حاسمة؛ رونالدو 9 هدفًا و8 تمريرة حاسمة. قارن المشاركات والدقائق ومعدلات التسجيل.,https://messivsronaldo17.com/ar/club-stats/2004-2005,,no,559961,,2026-10-06T18:54:41Z
/ar/club-stats/2005-2006,200,ar,ميسي ضد رونالدو 2005/2006: أهداف وإحصائيات الموسم | The Rivalry,موسم الأندية 2005/2006: ميسي 8 هدفًا و3 تمريرة حاسمة؛ رونالدو 12 هدفًا و8 تمريرة حاسمة. قارن المشاركات والدقائق ومعدلات التسجيل.,https://messivsronaldo17.com/ar/club-stats/2005-2006,,no,559692,,2026-10-06T18:54:41Z
/ar/club-stats/2006-2007,200,ar,ميسي ضد رونالدو 2006/2007: أهداف وإحصائيات الموسم | The Rivalry,موسم الأندية 2006/2007: ميسي 17 هدفًا و3 تمريرة حاسمة؛ رونالدو 23 هدفًا و14 تمريرة حاسمة. قارن المشاركات والدقائق ومعدلات التسجيل.,https://messivsronaldo17.com/ar/club-stats/2006-2007,,no,559792,,2026-10-06T18:54:41Z
/ar/club-stats/2007-2008,200,ar,ميسي ضد رونالدو 2007/2008: أهداف وإحصائيات الموسم | The Rivalry,موسم الأندية 2007/2008: ميسي 16 هدفًا و13 تمريرة حاسمة؛ رونالدو 42 هدفًا و7 تمريرة حاسمة. قارن المشاركات والدقائق ومعدلات التسجيل.,https://messivsronaldo17.com/ar/club-stats/2007-2008,,no,559721,,2026-10-06T18:54:41Z
/ar/club-stats/2008-2009,200,ar,ميسي ضد رونالدو 2008/2009: أهداف وإحصائيات الموسم | The Rivalry,موسم الأندية 2008/2009: ميسي 38 هدفًا و17 تمريرة حاسمة؛ رونالدو 26 هدفًا و9 تمريرة حاسمة. قارن المشاركات والدقائق ومعدلات التسجيل.,https://messivsronaldo17.com/ar/club-stats/2008-2009,,no,559679,,2026-10-06T18:54:41Z
/ar/club-stats/2009-2010,200,ar,ميسي ضد رونالدو 2009/2010: أهداف وإحصائيات الموسم | The Rivalry,موسم الأندية 2009/2010: ميسي 47 هدفًا و11 تمريرة حاسمة؛ رونالدو 33 هدفًا و8 تمريرة حاسمة. قارن المشاركات والدقائق ومعدلات التسجيل.,https://messivsronaldo17.com/ar/club-stats/2009-2010,,no,559991,,2026-10-06T18:54:41Z
/ar/club-stats/2010-2011,200,ar,ميسي ضد رونالدو 2010/2011: أهداف وإحصائيات الموسم | The Rivalry,موسم الأندية 2010/2011: ميسي 53 هدفًا و23 تمريرة حاسمة؛ رونالدو 53 هدفًا و16 تمريرة حاسمة. قارن المشاركات والدقائق ومعدلات التسجيل.,https://messivsronaldo17.com/ar/club-stats/2010-2011,,no,560012,,2026-10-06T18:54:41Z
/ar/club-stats/2011-2012,200,ar,ميسي ضد رونالدو 2011/2012: أهداف وإحصائيات الموسم | The Rivalry,موسم الأندية 2011/2012: ميسي 73 هدفًا و30 تمريرة حاسمة؛ رونالدو 60 هدفًا و15 تمريرة حاسمة. قارن المشاركات والدقائق ومعدلات التسجيل.,https://messivsronaldo17.com/ar/club-stats/2011-2012,,no,559904,,2026-10-06T18:54:41Z
/ar/club-stats/2012-2013,200,ar,ميسي ضد رونالدو 2012/2013: أهداف وإحصائيات الموسم | The Rivalry,موسم الأندية 2012/2013: ميسي 60 هدفًا و15 تمريرة حاسمة؛ رونالدو 55 هدفًا و12 تمريرة حاسمة. قارن المشاركات والدقائق ومعدلات التسجيل.,https://messivsronaldo17.com/ar/club-stats/2012-2013,,no,559949,,2026-10-06T18:54:41Z
/ar/club-stats/2013-2014,200,ar,ميسي ضد رونالدو 2013/2014: أهداف وإحصائيات الموسم | The Rivalry,موسم الأندية 2013/2014: ميسي 41 هدفًا و14 تمريرة حاسمة؛ رونالدو 51 هدفًا و14 تمريرة حاسمة. قارن المشاركات والدقائق ومعدلات التسجيل.,https://messivsronaldo17.com/ar/club-stats/2013-2014,,no,560078,,2026-10-06T18:54:41Z
/ar/club-stats/2014-2015,200,ar,ميسي ضد رونالدو 2014/2015: أهداف وإحصائيات الموسم | The Rivalry,موسم الأندية 2014/2015: ميسي 58 هدفًا و27 تمريرة حاسمة؛ رونالدو 61 هدفًا و21 تمريرة حاسمة. قارن المشاركات والدقائق ومعدلات التسجيل.,https://messivsronaldo17.com/ar/club-stats/2014-2015,,no,559958,,2026-10-06T18:54:41Z
/ar/club-stats/2015-2016,200,ar,ميسي ضد رونالدو 2015/2016: أهداف وإحصائيات الموسم | The Rivalry,موسم الأندية 2015/2016: ميسي 41 هدفًا و23 تمريرة حاسمة؛ رونالدو 51 هدفًا و15 تمريرة حاسمة. قارن المشاركات والدقائق ومعدلات التسجيل.,https://messivsronaldo17.com/ar/club-stats/2015-2016,,no,560056,,2026-10-06T18:54:41Z
/ar/club-stats/2016-2017,200,ar,ميسي ضد رونالدو 2016/2017: أهداف وإحصائيات الموسم | The Rivalry,موسم الأندية 2016/2017: ميسي 54 هدفًا و16 تمريرة حاسمة؛ رونالدو 42 هدفًا و11 تمريرة حاسمة. قارن المشاركات والدقائق ومعدلات التسجيل.,https://messivsronaldo17.com/ar/club-stats/2016-2017,,no,559830,,2026-10-06T18:54:41Z
/ar/club-stats/2017-2018,200,ar,ميسي ضد رونالدو 2017/2018: أهداف وإحصائيات الموسم | The Rivalry,موسم الأندية 2017/2018: ميسي 45 هدفًا و18 تمريرة حاسمة؛ رونالدو 44 هدفًا و8 تمريرة حاسمة. قارن المشاركات والدقائق ومعدلات التسجيل.,https://messivsronaldo17.com/ar/club-stats/2017-2018,,no,560013,,2026-10-06T18:54:41Z
/ar/club-stats/2018-2019,200,ar,ميسي ضد رونالدو 2018/2019: أهداف وإحصائيات الموسم | The Rivalry,موسم الأندية 2018/2019: ميسي 51 هدفًا و19 تمريرة حاسمة؛ رونالدو 28 هدفًا و10 تمريرة حاسمة. قارن المشاركات والدقائق ومعدلات التسجيل.,https://messivsronaldo17.com/ar/club-stats/2018-2019,,no,559762,,2026-10-06T18:54:41Z
/ar/club-stats/2019-2020,200,ar,ميسي ضد رونالدو 2019/2020: أهداف وإحصائيات الموسم | The Rivalry,موسم الأندية 2019/2020: ميسي 31 هدفًا و25 تمريرة حاسمة؛ رونالدو 37 هدفًا و5 تمريرة حاسمة. قارن المشاركات والدقائق ومعدلات التسجيل.,https://messivsronaldo17.com/ar/club-stats/2019-2020,,no,559815,,2026-10-06T18:54:41Z
/ar/club-stats/2020-2021,200,ar,ميسي ضد رونالدو 2020/2021: أهداف وإحصائيات الموسم | The Rivalry,موسم الأندية 2020/2021: ميسي 38 هدفًا و12 تمريرة حاسمة؛ رونالدو 36 هدفًا و5 تمريرة حاسمة. قارن المشاركات والدقائق ومعدلات التسجيل.,https://messivsronaldo17.com/ar/club-stats/2020-2021,,no,559761,,2026-10-06T18:54:41Z
/ar/club-stats/2021-2022,200,ar,ميسي ضد رونالدو 2021/2022: أهداف وإحصائيات الموسم | The Rivalry,موسم الأندية 2021/2022: ميسي 11 هدفًا و14 تمريرة حاسمة؛ رونالدو 24 هدفًا و3 تمريرة حاسمة. قارن المشاركات والدقائق ومعدلات التسجيل.,https://messivsronaldo17.com/ar/club-stats/2021-2022,,no,559787,,2026-10-06T18:54:41Z
/ar/club-stats/2022-2023,200,ar,ميسي ضد رونالدو 2022/2023: أهداف وإحصائيات الموسم | The Rivalry,موسم الأندية 2022/2023: ميسي 21 هدفًا و20 تمريرة حاسمة؛ رونالدو 17 هدفًا و4 تمريرة حاسمة. قارن المشاركات والدقائق ومعدلات التسجيل.,https://messivsronaldo17.com/ar/club-stats/2022-2023,,no,559700,,2026-10-06T18:54:41Z
/ar/club-stats/2023-2024,200,ar,ميسي ضد رونالدو 2023/2024: أهداف وإحصائيات الموسم | The Rivalry,موسم الأندية 2023/2024: ميسي 25 هدفًا و16 تمريرة حاسمة؛ رونالدو 50 هدفًا و13 تمريرة حاسمة. قارن المشاركات والدقائق ومعدلات التسجيل.,https://messivsronaldo17.com/ar/club-stats/2023-2024,,no,557319,,2026-10-06T18:54:41Z
/ar/club-stats/2024-2025,200,ar,ميسي ضد رونالدو 2024/2025: أهداف وإحصائيات الموسم | The Rivalry,موسم الأندية 2024/2025: ميسي 33 هدفًا و9 تمريرة حاسمة؛ رونالدو 35 هدفًا و4 تمريرة حاسمة. قارن المشاركات والدقائق ومعدلات التسجيل.,https://messivsronaldo17.com/ar/club-stats/2024-2025,,no,560223,,2026-10-06T18:54:41Z
/ar/club-stats/2025-2026,200,ar,ميسي ضد رونالدو 2025/2026: أهداف وإحصائيات الموسم | The Rivalry,موسم الأندية 2025/2026: ميسي 32 هدفًا و25 تمريرة حاسمة؛ رونالدو 30 هدفًا و4 تمريرة حاسمة. قارن المشاركات والدقائق ومعدلات التسجيل.,https://messivsronaldo17.com/ar/club-stats/2025-2026,,no,560195,,2026-10-06T18:54:41Z
/ar/club-stats/2026-2027,200,ar,ميسي ضد رونالدو 2026/2027: أهداف وإحصائيات الموسم | The Rivalry,موسم الأندية 2026/2027: ميسي 12 هدفًا و6 تمريرة حاسمة؛ رونالدو 3 هدفًا و0 تمريرة حاسمة. قارن المشاركات والدقائق ومعدلات التسجيل. الموسم مستمر؛ روجع المصدر في 29 سبتمبر 2026.,https://messivsronaldo17.com/ar/club-stats/2026-2027,,no,558812,,2026-10-06T18:54:41Z
/ar/clubs,200,ar,إحصائيات النادي ميسي ورونالدو: إنتر ميامي، النصر والمزيد | The Rivalry,Inter Miami / Al Nassr. تمت مراجعة خط الأساس بالإضافة إلى تحديثات المباريات المنشورة. اطلع على تغطية كل إحصائية وسجل التحديث العام.,https://messivsronaldo17.com/ar/clubs,,no,590404,,2026-10-06T18:54:41Z
/ar/compare,200,ar,مقارنة بين ميسي ورونالدو | The Rivalry,نظرة عامة على المهنة. تمت مراجعة خط الأساس بالإضافة إلى تحديثات المباريات المنشورة. اطلع على تغطية كل إحصائية وسجل التحديث العام.,https://messivsronaldo17.com/ar/compare,,yes,563363,,2026-10-06T18:54:41Z
/ar/comparison-posters,200,ar,ملصقات مقارنة ميسي ورونالدو | The Rivalry,صمّم ملصق مقارنة ميسي ورونالدو بإحصاءاتنا المنشورة. اختر المسابقة وخصّص التصميم وشاركه مع رابط الموقع.,https://messivsronaldo17.com/ar/comparison-posters,,no,512759,,2026-10-06T18:54:41Z
/ar/contact,200,ar,التواصل والدعم | The Rivalry,أرسل إلى The Rivalry الأسئلة والتصحيحات الإحصائية وطلبات الخصوصية وبلاغات إمكانية الوصول أو حقوق الصور.,https://messivsronaldo17.com/ar/contact,,no,500361,,2026-10-06T18:54:41Z
/ar/cookies,200,ar,سياسة ملفات تعريف الارتباط | The Rivalry,جرد قصير لمساحة التخزين المستخدمة في هذه الطبعة من الموقع.,https://messivsronaldo17.com/ar/cookies,,no,510035,,2026-10-06T18:54:41Z
/ar/copa-america-vs-euros,200,ar,ميسي كوبا أمريكا ضد رونالدو يورو: الأهداف المسجلة والإحصائيات | The Rivalry,كوبا أمريكا / اليورو. تمت مراجعة خط الأساس بالإضافة إلى تحديثات المباريات المنشورة. اطلع على تغطية كل إحصائية وسجل التحديث العام.,https://messivsronaldo17.com/ar/copa-america-vs-euros,,no,558314,,2026-10-06T18:54:41Z
/ar/credits,200,ar,اعتمادات وتراخيص التصوير الفوتوغرافي | The Rivalry,أرصدة صور اللاعب والأيقونات والخطوط المستضافة محليًا المستخدمة في The Rivalry.,https://messivsronaldo17.com/ar/credits,,no,506311,,2026-10-06T18:54:41Z
/ar/disclaimer,200,ar,إخلاء المسؤولية عن التحرير والبيانات | The Rivalry,كيفية تفسير شخصياتنا وصورنا الفوتوغرافية وعلاقتنا بالناس في المقارنة.,https://messivsronaldo17.com/ar/disclaimer,,no,506143,,2026-10-06T18:54:41Z
/ar/european-clubs,200,ar,ميسي ضد رونالدو سجل الأهداف المهنية للأندية الأوروبية وتمريراتها الحاسمة | The Rivalry,الأندية الأوروبية. تمت مراجعة خط الأساس بالإضافة إلى تحديثات المباريات المنشورة. اطلع على تغطية كل إحصائية وسجل التحديث العام.,https://messivsronaldo17.com/ar/european-clubs,,no,558491,,2026-10-06T18:54:41Z
/ar/fifa-awards,200,ar,ميسي ضد رونالدو: جوائز FIFA | The Rivalry,قارن مرات فوز ميسي ورونالدو بجائزة The Best من FIFA لأفضل لاعب وأعوام الجائزة.,https://messivsronaldo17.com/ar/fifa-awards,,no,541225,,2026-10-06T18:54:41Z
/ar/football-quiz,200,ar,اختبار إحصائيات ميسي ضد رونالدو: اختبر معرفتك بكرة القدم | The Rivalry,ثمانية أسئلة. مسيرتان استثنائيتان. اختر اللاعب، واكتشف الأرقام، وشاهد نتيجتك.,https://messivsronaldo17.com/ar/football-quiz,,no,497090,,2026-10-06T18:54:41Z
/ar/free-kicks,200,ar,ميسي ورونالدو: مجموع أهداف الركلات الحرة | The Rivalry,أهداف الركلات الحرة المباشرة: ميسي 76، رونالدو 65. قارن الإجماليات وتعرّف على قواعد احتسابها. تم التحديث 27 سبتمبر 2026.,https://messivsronaldo17.com/ar/free-kicks,,no,569057,,2026-10-06T18:54:41Z
/ar/glossary,200,ar,مصطلحات إحصاءات كرة القدم: الأهداف والتمريرات الحاسمة ومعدلات التسجيل | The Rivalry,ما الذي يُحتسب هدفًا أو تمريرة حاسمة أو مشاركة أو هاتريك؟ تعرّف على التعريفات ومعادلات معدلات التسجيل وقواعد الاحتساب المستخدمة في مقارناتنا بين ميسي ورونالدو.,https://messivsronaldo17.com/ar/glossary,,no,542407,,2026-10-06T18:54:41Z
/ar/goals,200,ar,أهداف ميسي ورونالدو المسجلة – تحديث 2026 | The Rivalry,سجل ميسي 931 هدفًا في مسيرته ورونالدو 979. قارن أهداف الأندية والمنتخبات والمشاركات ومعدلات التسجيل. تم التحديث 27 سبتمبر 2026.,https://messivsronaldo17.com/ar/goals,,no,563459,,2026-10-06T18:54:41Z
/ar/golden-boots,200,ar,ميسي ضد رونالدو: الأحذية الذهبية | The Rivalry,قارن الأحذية الذهبية الأوروبية لميسي ورونالدو ومواسم الدوري التي فازا بها خلالها.,https://messivsronaldo17.com/ar/golden-boots,,no,558039,,2026-10-06T18:54:41Z
/ar/hat-tricks,200,ar,هاتريك ميسي ضد رونالدو وسجل الأهداف في مسيرته | The Rivalry,نظرة عامة على المهنة. تمت مراجعة خط الأساس بالإضافة إلى تحديثات المباريات المنشورة. اطلع على تغطية كل إحصائية وسجل التحديث العام.,https://messivsronaldo17.com/ar/hat-tricks,,yes,569818,,2026-10-06T18:54:41Z
/ar/head-to-head,200,ar,ميسي ضد رونالدو وجهاً لوجه: الأهداف المسجلة في اللقاءات المباشرة | The Rivalry,اللقاءات المباشرة. تمت مراجعة خط الأساس بالإضافة إلى تحديثات المباريات المنشورة. اطلع على تغطية كل إحصائية وسجل التحديث العام.,https://messivsronaldo17.com/ar/head-to-head,,no,556570,,2026-10-06T18:54:41Z
/ar/honours,200,ar,الكؤوس وجوائز الكرة الذهبية بين ميسي ورونالدو - 2026 | The Rivalry,ميسي: 49 بطولة جماعية. رونالدو: 37. قارن قائمة البطولات وقواعد العد والجوائز الفردية بشكل منفصل. حتى 21 سبتمبر 2026.,https://messivsronaldo17.com/ar/honours,,no,549881,,2026-10-06T18:54:41Z
/ar/insights,200,ar,تحليلات كرة القدم: الكرة الذهبية والأرقام والإحصائيات | The Rivalry,استكشف مرشحي الكرة الذهبية 2026 وإحصائيات الموسم الموثقة وأرقام ميسي ورونالدو مع مصادر ومقارنات تفاعلية.,https://messivsronaldo17.com/ar/insights,,no,514924,,2026-10-06T18:54:41Z
/ar/insights/ballon-dor-2026-contenders-stats,200,ar,مرشحو الكرة الذهبية 2026: الحجة التكتيكية وراء قوائم الهدافين | The Rivalry,كين ومبابي وكفاراتسخيليا ويامال ورودري يمثلون أنواعًا مختلفة من التفوق. قراءة تكتيكية لمرشحي 2026 وللمباريات التي تدعم حججهم.,https://messivsronaldo17.com/ar/insights/ballon-dor-2026-contenders-stats,,no,615844,,2026-10-06T18:54:41Z
/ar/insights/ballon-dor-2026-date-voting-rules,200,ar,الكرة الذهبية 2026: الموعد وقواعد التصويت وكيف نحكم على كرة القدم | The Rivalry,موعد الحفل وفترة التقييم وآلية تصويت الصحفيين، مع دليل تكتيكي لمقارنة الهداف وصانع الفرص ولاعب الوسط المتحكم بعدالة.,https://messivsronaldo17.com/ar/insights/ballon-dor-2026-date-voting-rules,,no,602164,,2026-10-06T18:54:41Z
/ar/insights/kane-vs-mbappe-ballon-dor-2026-stats,200,ar,كين ومبابي في سباق الكرة الذهبية: مهاجمان وطريقتان لإرباك الدفاع | The Rivalry,مقارنة تكتيكية تربط سجلي كين ومبابي في 2025/26 بالحركة والمساندة والمشكلات المختلفة التي يضعانها أمام المدافعين.,https://messivsronaldo17.com/ar/insights/kane-vs-mbappe-ballon-dor-2026-stats,,no,611689,,2026-10-06T18:54:41Z
/ar/insights/messi-2011-12-vs-ronaldo-2013-14-champions-league,200,ar,أربعة عشر لميسي وسبعة عشر لرونالدو: ما تكشفه قمتا دوري الأبطال عن الإقصائيات | The Rivalry,مقارنة حملتي ميسي في 2011/12 ورونالدو في 2013/14 عبر بناء الهجوم والمواجهات الصعبة والفارق بين غزارة التسجيل والتحكم في بطولة.,https://messivsronaldo17.com/ar/insights/messi-2011-12-vs-ronaldo-2013-14-champions-league,,no,605071,,2026-10-06T18:54:41Z
/ar/insights/messi-2011-12-vs-ronaldo-2014-15-la-liga,200,ar,خمسون لميسي وثمانية وأربعون لرونالدو: قمتان في الليغا بلا لقب | The Rivalry,مقارنة تكتيكية بين ميسي في 2011/12 ورونالدو في 2014/15: زيادة العدد في العمق، وحركة المنطقة، ولماذا لم تحسم الغزارة الفردية لقب الدوري.,https://messivsronaldo17.com/ar/insights/messi-2011-12-vs-ronaldo-2014-15-la-liga,,no,603039,,2026-10-06T18:54:41Z
/ar/insights/messi-2012-vs-ronaldo-2013-goals,200,ar,ميسي في 2012 ورونالدو في 2013: طريقان مختلفان إلى عامين تاريخيين | The Rivalry,ما وراء 91 هدفًا و69: التمركز والشراكات والمباريات الحاسمة التي تفسر عامي ميسي ورونالدو، مع مقارنة تفاعلية لمعدلات التسجيل.,https://messivsronaldo17.com/ar/insights/messi-2012-vs-ronaldo-2013-goals,,no,603689,,2026-10-06T18:54:41Z
/ar/insights/messi-ronaldo-2026-goals-comparison,200,ar,ميسي ورونالدو في 2026: لماذا يختلف متصدر العام عن متصدر المسيرة؟ | The Rivalry,قراءة تكتيكية لمقارنة أهداف ميسي ورونالدو في لقطة 21 سبتمبر 2026: حدود الأرقام، تغير الأدوار، وصناعة الفرصة قبل اللمسة الأخيرة.,https://messivsronaldo17.com/ar/insights/messi-ronaldo-2026-goals-comparison,,no,573293,,2026-10-06T18:54:41Z
/ar/insights/totals-vs-scoring-rates,200,ar,أهداف ميسي ورونالدو لكل مباراة: لماذا يغير المقام معنى المقارنة؟ | The Rivalry,قراءة تكتيكية لإجمالي الأهداف ومعدل التسجيل لكل مباراة ولكل 90 دقيقة، عبر مواجهات أوروبية تكشف ما تظهره الأرقام وما يبقى خارجها.,https://messivsronaldo17.com/ar/insights/totals-vs-scoring-rates,,no,599454,,2026-10-06T18:54:41Z
/ar/insights/what-counts-as-a-career-goal,200,ar,ما الذي يُحتسب هدفًا في المسيرة؟ ميسي ورونالدو وما وراء الرقم | The Rivalry,من ركلات جزاء كأس العالم إلى رأسيات دوري الأبطال: كيف نحسب أهداف المسيرة، ولماذا لا تكفي الحصيلة وحدها لشرح ما يصنعه المهاجم؟,https://messivsronaldo17.com/ar/insights/what-counts-as-a-career-goal,,no,600793,,2026-10-06T18:54:41Z
/ar/insights/why-assist-totals-differ,200,ar,صناعة الأهداف بين ميسي ورونالدو: ما الذي لا تشرحه التمريرة الأخيرة؟ | The Rivalry,لماذا تختلف مجاميع التمريرات الحاسمة، وكيف صنع ميسي ورونالدو الفرص في أنظمة مختلفة؟ ثلاث مباريات كبرى تفتح النقاش على ما قبل اللمسة الأخيرة.,https://messivsronaldo17.com/ar/insights/why-assist-totals-differ,,no,598262,,2026-10-06T18:54:41Z
/ar/international,200,ar,ميسي ضد رونالدو الأهداف الدولية المسجلة والتمريرات الحاسمة - 2026 | The Rivalry,كرة القدم الدولية. تمت مراجعة خط الأساس بالإضافة إلى تحديثات المباريات المنشورة. اطلع على تغطية كل إحصائية وسجل التحديث العام.,https://messivsronaldo17.com/ar/international,,no,563394,,2026-10-06T18:54:41Z
/ar/la-liga,200,ar,أهداف مباراة ميسي ورونالدو في الدوري الإسباني | The Rivalry,سجل ميسي 474 هدفًا في الدوري الإسباني خلال 520 مباراة، ورونالدو 311 خلال 292. قارن الإجماليات والأهداف لكل مباراة.,https://messivsronaldo17.com/ar/la-liga,,no,557994,,2026-10-06T18:54:41Z
/ar/league,200,ar,ميسي ضد رونالدو أهداف الدوري المسجلة في جميع الأندية | The Rivalry,مسيرته في الدوري المحلي. تمت مراجعة خط الأساس بالإضافة إلى تحديثات المباريات المنشورة. اطلع على تغطية كل إحصائية وسجل التحديث العام.,https://messivsronaldo17.com/ar/league,,no,563137,,2026-10-06T18:54:41Z
/ar/man-of-the-match,200,ar,ميسي ضد رونالدو: رجل المباراة | The Rivalry,قارن اختيارات WhoScored لرجل المباراة في الدوريات الأوروبية ودوري أبطال أوروبا منذ 2009/10.,https://messivsronaldo17.com/ar/man-of-the-match,,no,530392,,2026-10-06T18:54:41Z
/ar/methodology,200,ar,مصادر البيانات والتعاريف والمنهجية | The Rivalry,ما نحصيه. من أين يأتي. ما لا نعرفه. التفاصيل التي تجعل الأرقام تستحق القراءة.,https://messivsronaldo17.com/ar/methodology,,no,596421,,2026-10-06T18:54:41Z
/ar/milestone-planner,200,ar,حاسبة إنجازات الأهداف لميسي ضد رونالدو | The Rivalry,حدّد هدفاً ومعدل تسجيل لكل لاعب. اعرف المشاركات اللازمة وفق افتراضاتك باستخدام إجماليات المسيرة المنشورة.,https://messivsronaldo17.com/ar/milestone-planner,,no,503593,,2026-10-06T18:54:41Z
/ar/penalties,200,ar,ميسي ضد رونالدو ركلات الجزاء: سجل، أضاع، وتحول | The Rivalry,نظرة عامة على المهنة. تمت مراجعة خط الأساس بالإضافة إلى تحديثات المباريات المنشورة. اطلع على تغطية كل إحصائية وسجل التحديث العام.,https://messivsronaldo17.com/ar/penalties,,yes,570139,,2026-10-06T18:54:41Z
/ar/players/messi,200,ar,Lionel Messi: الأهداف المسجلة، الإحصائيات والجوائز — 2026 | The Rivalry,تم الحصول على إحصائيات مسيرة Lionel Messi المهنية من خلال 27 سبتمبر 2026، مع سجلات دوري أبطال أوروبا والدوري الإسباني والجوائز الفردية.,https://messivsronaldo17.com/ar/players/messi,,no,552103,,2026-10-06T18:54:41Z
/ar/players/ronaldo,200,ar,Cristiano Ronaldo: الأهداف المسجلة، الإحصائيات والجوائز — 2026 | The Rivalry,تم الحصول على إحصائيات مسيرة Cristiano Ronaldo المهنية من خلال 27 سبتمبر 2026، مع سجلات دوري أبطال أوروبا والدوري الإسباني والجوائز الفردية.,https://messivsronaldo17.com/ar/players/ronaldo,,no,559774,,2026-10-06T18:54:41Z
/ar/privacy,200,ar,سياسة الخصوصية | The Rivalry,ما الذي يخزنه موقع The Rivalry وسبب استخدامه والخيارات المتاحة للزوار.,https://messivsronaldo17.com/ar/privacy,,no,537469,,2026-10-06T18:54:41Z
/ar/records,200,ar,ميسي ضد رونالدو الأرقام القياسية: السباق إلى 1000 هدف تم تسجيلها | The Rivalry,نظرة عامة على المهنة. تمت مراجعة خط الأساس بالإضافة إلى تحديثات المباريات المنشورة. اطلع على تغطية كل إحصائية وسجل التحديث العام.,https://messivsronaldo17.com/ar/records,,yes,569595,,2026-10-06T18:54:41Z
/ar/scoring-calculator,200,ar,حاسبة تهديف ميسي ورونالدو: مقارنة المواسم والمعدلات | The Rivalry,اختر سجلاً لكل لاعب. قارن الأهداف عند تساوي الدقائق أو المشاركات، واستكشف أفضل المواسم، وشارك حسابك.,https://messivsronaldo17.com/ar/scoring-calculator,,no,518337,,2026-10-06T18:54:41Z
/ar/seasons,200,ar,ميسي ضد رونالدو حسب السنة: 2002–2026 الأهداف المسجلة والتمريرات الحاسمة | The Rivalry,قارن كل سنة تقويمية حتى عام 2026: الأهداف المسجلة، والتمريرات الحاسمة، والدقائق، والمباريات التي لعبت ومعدلات لكل 90 للنادي والبلد والدوري لكرة القدم.,https://messivsronaldo17.com/ar/seasons,,no,553540,,2026-10-06T18:54:41Z
/ar/seasons/2002,200,ar,ميسي ضد رونالدو 2002: أهداف وإحصائيات السنة الميلادية | The Rivalry,ميسي ضد رونالدو في 2002: 0 مقابل 5 هدفًا، و0 مقابل 4 تمريرة حاسمة. قارن المشاركات والدقائق ومعدلات التسجيل مع الأندية والمنتخبات.,https://messivsronaldo17.com/ar/seasons/2002,,no,603686,,2026-10-06T18:54:41Z
/ar/seasons/2003,200,ar,ميسي ضد رونالدو 2003: أهداف وإحصائيات السنة الميلادية | The Rivalry,ميسي ضد رونالدو في 2003: 0 مقابل 1 هدفًا، و0 مقابل 2 تمريرة حاسمة. قارن المشاركات والدقائق ومعدلات التسجيل مع الأندية والمنتخبات.,https://messivsronaldo17.com/ar/seasons/2003,,no,607494,,2026-10-06T18:54:41Z
/ar/seasons/2004,200,ar,ميسي ضد رونالدو 2004: أهداف وإحصائيات السنة الميلادية | The Rivalry,ميسي ضد رونالدو في 2004: 0 مقابل 13 هدفًا، و0 مقابل 14 تمريرة حاسمة. قارن المشاركات والدقائق ومعدلات التسجيل مع الأندية والمنتخبات.,https://messivsronaldo17.com/ar/seasons/2004,,no,613734,,2026-10-06T18:54:41Z
/ar/seasons/2005,200,ar,ميسي ضد رونالدو 2005: أهداف وإحصائيات السنة الميلادية | The Rivalry,ميسي ضد رونالدو في 2005: 3 مقابل 15 هدفًا، و4 مقابل 11 تمريرة حاسمة. قارن المشاركات والدقائق ومعدلات التسجيل مع الأندية والمنتخبات.,https://messivsronaldo17.com/ar/seasons/2005,,no,615671,,2026-10-06T18:54:41Z
/ar/seasons/2006,200,ar,ميسي ضد رونالدو 2006: أهداف وإحصائيات السنة الميلادية | The Rivalry,ميسي ضد رونالدو في 2006: 12 مقابل 25 هدفًا، و3 مقابل 10 تمريرة حاسمة. قارن المشاركات والدقائق ومعدلات التسجيل مع الأندية والمنتخبات.,https://messivsronaldo17.com/ar/seasons/2006,,no,615882,,2026-10-06T18:54:41Z
/ar/seasons/2007,200,ar,ميسي ضد رونالدو 2007: أهداف وإحصائيات السنة الميلادية | The Rivalry,ميسي ضد رونالدو في 2007: 31 مقابل 34 هدفًا، و12 مقابل 11 تمريرة حاسمة. قارن المشاركات والدقائق ومعدلات التسجيل مع الأندية والمنتخبات.,https://messivsronaldo17.com/ar/seasons/2007,,no,615868,,2026-10-06T18:54:41Z
/ar/seasons/2008,200,ar,ميسي ضد رونالدو 2008: أهداف وإحصائيات السنة الميلادية | The Rivalry,ميسي ضد رونالدو في 2008: 22 مقابل 35 هدفًا، و18 مقابل 12 تمريرة حاسمة. قارن المشاركات والدقائق ومعدلات التسجيل مع الأندية والمنتخبات.,https://messivsronaldo17.com/ar/seasons/2008,,no,615839,,2026-10-06T18:54:41Z
/ar/seasons/2009,200,ar,ميسي ضد رونالدو 2009: أهداف وإحصائيات السنة الميلادية | The Rivalry,ميسي ضد رونالدو في 2009: 41 مقابل 30 هدفًا، و15 مقابل 6 تمريرة حاسمة. قارن المشاركات والدقائق ومعدلات التسجيل مع الأندية والمنتخبات.,https://messivsronaldo17.com/ar/seasons/2009,,no,615836,,2026-10-06T18:54:41Z
/ar/seasons/2009-10,200,ar,ميسي ضد رونالدو 2009/10: الأهداف المسجلة ومعدلات التسجيل | The Rivalry,في الدوري الإسباني 2009/10، سجل ميسي 34 هدفًا وسجل رونالدو 26. قارن أرقام الدوري ودوري أبطال أوروبا مع المصادر.,https://messivsronaldo17.com/ar/seasons/2009-10,,no,541793,,2026-10-06T18:54:41Z
/ar/seasons/2010,200,ar,ميسي ضد رونالدو 2010: أهداف وإحصائيات السنة الميلادية | The Rivalry,ميسي ضد رونالدو في 2010: 60 مقابل 48 هدفًا، و17 مقابل 18 تمريرة حاسمة. قارن المشاركات والدقائق ومعدلات التسجيل مع الأندية والمنتخبات.,https://messivsronaldo17.com/ar/seasons/2010,,no,615878,,2026-10-06T18:54:41Z
/ar/seasons/2010-11,200,ar,ميسي ضد رونالدو 2010/11: الأهداف المسجلة ومعدلات التسجيل | The Rivalry,في الدوري الإسباني 2010/11، سجل ميسي 31 هدفًا وسجل رونالدو 40. قارن أرقام الدوري ودوري أبطال أوروبا مع المصادر.,https://messivsronaldo17.com/ar/seasons/2010-11,,no,541854,,2026-10-06T18:54:41Z
/ar/seasons/2011,200,ar,ميسي ضد رونالدو 2011: أهداف وإحصائيات السنة الميلادية | The Rivalry,ميسي ضد رونالدو في 2011: 59 مقابل 60 هدفًا، و37 مقابل 18 تمريرة حاسمة. قارن المشاركات والدقائق ومعدلات التسجيل مع الأندية والمنتخبات.,https://messivsronaldo17.com/ar/seasons/2011,,no,616267,,2026-10-06T18:54:41Z
/ar/seasons/2011-12,200,ar,ميسي ضد رونالدو 2011/12: الأهداف المسجلة ومعدلات التسجيل | The Rivalry,في الدوري الإسباني 2011/12، سجل ميسي 50 هدفًا وسجل رونالدو 46. قارن أرقام الدوري ودوري أبطال أوروبا مع المصادر.,https://messivsronaldo17.com/ar/seasons/2011-12,,no,542327,,2026-10-06T18:54:41Z
/ar/seasons/2012,200,ar,ميسي ضد رونالدو 2012: أهداف وإحصائيات السنة الميلادية | The Rivalry,ميسي ضد رونالدو في 2012: 91 مقابل 63 هدفًا، و22 مقابل 13 تمريرة حاسمة. قارن المشاركات والدقائق ومعدلات التسجيل مع الأندية والمنتخبات.,https://messivsronaldo17.com/ar/seasons/2012,,no,616155,,2026-10-06T18:54:41Z
/ar/seasons/2012-13,200,ar,ميسي ضد رونالدو 2012/13: الأهداف المسجلة ومعدلات التسجيل | The Rivalry,في الدوري الإسباني 2012/13، سجل ميسي 46 هدفًا وسجل رونالدو 34. قارن أرقام الدوري ودوري أبطال أوروبا مع المصادر.,https://messivsronaldo17.com/ar/seasons/2012-13,,no,541899,,2026-10-06T18:54:41Z
/ar/seasons/2013,200,ar,ميسي ضد رونالدو 2013: أهداف وإحصائيات السنة الميلادية | The Rivalry,ميسي ضد رونالدو في 2013: 45 مقابل 69 هدفًا، و16 مقابل 15 تمريرة حاسمة. قارن المشاركات والدقائق ومعدلات التسجيل مع الأندية والمنتخبات.,https://messivsronaldo17.com/ar/seasons/2013,,no,616054,,2026-10-06T18:54:41Z
/ar/seasons/2013-14,200,ar,ميسي ضد رونالدو 2013/14: الأهداف المسجلة ومعدلات التسجيل | The Rivalry,في الدوري الإسباني 2013/14، سجل ميسي 28 هدفًا وسجل رونالدو 31. قارن أرقام الدوري ودوري أبطال أوروبا مع المصادر.,https://messivsronaldo17.com/ar/seasons/2013-14,,no,540781,,2026-10-06T18:54:41Z
/ar/seasons/2014,200,ar,ميسي ضد رونالدو 2014: أهداف وإحصائيات السنة الميلادية | The Rivalry,ميسي ضد رونالدو في 2014: 58 مقابل 61 هدفًا، و21 مقابل 20 تمريرة حاسمة. قارن المشاركات والدقائق ومعدلات التسجيل مع الأندية والمنتخبات.,https://messivsronaldo17.com/ar/seasons/2014,,no,615802,,2026-10-06T18:54:41Z
/ar/seasons/2014-15,200,ar,ميسي ضد رونالدو 2014/15: الأهداف المسجلة ومعدلات التسجيل | The Rivalry,في الدوري الإسباني 2014/15، سجل ميسي 43 هدفًا وسجل رونالدو 48. قارن أرقام الدوري ودوري أبطال أوروبا مع المصادر.,https://messivsronaldo17.com/ar/seasons/2014-15,,no,540620,,2026-10-06T18:54:41Z
/ar/seasons/2015,200,ar,ميسي ضد رونالدو 2015: أهداف وإحصائيات السنة الميلادية | The Rivalry,ميسي ضد رونالدو في 2015: 52 مقابل 57 هدفًا، و26 مقابل 17 تمريرة حاسمة. قارن المشاركات والدقائق ومعدلات التسجيل مع الأندية والمنتخبات.,https://messivsronaldo17.com/ar/seasons/2015,,no,615913,,2026-10-06T18:54:41Z
/ar/seasons/2015-16,200,ar,ميسي ضد رونالدو 2015/16: الأهداف المسجلة ومعدلات التسجيل | The Rivalry,في الدوري الإسباني 2015/16، سجل ميسي 26 هدفًا وسجل رونالدو 35. قارن أرقام الدوري ودوري أبطال أوروبا مع المصادر.,https://messivsronaldo17.com/ar/seasons/2015-16,,no,542054,,2026-10-06T18:54:41Z
/ar/seasons/2016,200,ar,ميسي ضد رونالدو 2016: أهداف وإحصائيات السنة الميلادية | The Rivalry,ميسي ضد رونالدو في 2016: 59 مقابل 55 هدفًا، و31 مقابل 16 تمريرة حاسمة. قارن المشاركات والدقائق ومعدلات التسجيل مع الأندية والمنتخبات.,https://messivsronaldo17.com/ar/seasons/2016,,no,615923,,2026-10-06T18:54:41Z
/ar/seasons/2016-17,200,ar,ميسي ضد رونالدو 2016/17: الأهداف المسجلة ومعدلات التسجيل | The Rivalry,في الدوري الإسباني 2016/17، سجل ميسي 37 هدفًا وسجل رونالدو 25. قارن أرقام الدوري ودوري أبطال أوروبا مع المصادر.,https://messivsronaldo17.com/ar/seasons/2016-17,,no,541967,,2026-10-06T18:54:41Z
/ar/seasons/2017,200,ar,ميسي ضد رونالدو 2017: أهداف وإحصائيات السنة الميلادية | The Rivalry,ميسي ضد رونالدو في 2017: 54 مقابل 53 هدفًا، و16 مقابل 12 تمريرة حاسمة. قارن المشاركات والدقائق ومعدلات التسجيل مع الأندية والمنتخبات.,https://messivsronaldo17.com/ar/seasons/2017,,no,616007,,2026-10-06T18:54:41Z
/ar/seasons/2017-18,200,ar,ميسي ضد رونالدو 2017/18: الأهداف المسجلة ومعدلات التسجيل | The Rivalry,في الدوري الإسباني 2017/18، سجل ميسي 34 هدفًا وسجل رونالدو 26. قارن أرقام الدوري ودوري أبطال أوروبا مع المصادر.,https://messivsronaldo17.com/ar/seasons/2017-18,,no,541835,,2026-10-06T18:54:41Z
/ar/seasons/2018,200,ar,ميسي ضد رونالدو 2018: أهداف وإحصائيات السنة الميلادية | The Rivalry,ميسي ضد رونالدو في 2018: 51 مقابل 49 هدفًا، و26 مقابل 13 تمريرة حاسمة. قارن المشاركات والدقائق ومعدلات التسجيل مع الأندية والمنتخبات.,https://messivsronaldo17.com/ar/seasons/2018,,no,615721,,2026-10-06T18:54:41Z
/ar/seasons/2019,200,ar,ميسي ضد رونالدو 2019: أهداف وإحصائيات السنة الميلادية | The Rivalry,ميسي ضد رونالدو في 2019: 50 مقابل 39 هدفًا، و18 مقابل 4 تمريرة حاسمة. قارن المشاركات والدقائق ومعدلات التسجيل مع الأندية والمنتخبات.,https://messivsronaldo17.com/ar/seasons/2019,,no,615750,,2026-10-06T18:54:41Z
/ar/seasons/2020,200,ar,ميسي ضد رونالدو 2020: أهداف وإحصائيات السنة الميلادية | The Rivalry,ميسي ضد رونالدو في 2020: 27 مقابل 44 هدفًا، و19 مقابل 7 تمريرة حاسمة. قارن المشاركات والدقائق ومعدلات التسجيل مع الأندية والمنتخبات.,https://messivsronaldo17.com/ar/seasons/2020,,no,615817,,2026-10-06T18:54:41Z
/ar/seasons/2021,200,ar,ميسي ضد رونالدو 2021: أهداف وإحصائيات السنة الميلادية | The Rivalry,ميسي ضد رونالدو في 2021: 43 مقابل 47 هدفًا، و18 مقابل 7 تمريرة حاسمة. قارن المشاركات والدقائق ومعدلات التسجيل مع الأندية والمنتخبات.,https://messivsronaldo17.com/ar/seasons/2021,,no,615681,,2026-10-06T18:54:41Z
/ar/seasons/2022,200,ar,ميسي ضد رونالدو 2022: أهداف وإحصائيات السنة الميلادية | The Rivalry,ميسي ضد رونالدو في 2022: 35 مقابل 16 هدفًا، و30 مقابل 4 تمريرة حاسمة. قارن المشاركات والدقائق ومعدلات التسجيل مع الأندية والمنتخبات.,https://messivsronaldo17.com/ar/seasons/2022,,no,616029,,2026-10-06T18:54:41Z
/ar/seasons/2023,200,ar,ميسي ضد رونالدو 2023: أهداف وإحصائيات السنة الميلادية | The Rivalry,ميسي ضد رونالدو في 2023: 28 مقابل 54 هدفًا، و12 مقابل 15 تمريرة حاسمة. قارن المشاركات والدقائق ومعدلات التسجيل مع الأندية والمنتخبات.,https://messivsronaldo17.com/ar/seasons/2023,,no,616188,,2026-10-06T18:54:41Z
/ar/seasons/2024,200,ar,ميسي ضد رونالدو 2024: أهداف وإحصائيات السنة الميلادية | The Rivalry,ميسي ضد رونالدو في 2024: 29 مقابل 43 هدفًا، و18 مقابل 7 تمريرة حاسمة. قارن المشاركات والدقائق ومعدلات التسجيل مع الأندية والمنتخبات.,https://messivsronaldo17.com/ar/seasons/2024,,no,616109,,2026-10-06T18:54:41Z
/ar/seasons/2025,200,ar,ميسي ضد رونالدو 2025: أهداف وإحصائيات السنة الميلادية | The Rivalry,ميسي ضد رونالدو في 2025: 46 مقابل 41 هدفًا، و28 مقابل 4 تمريرة حاسمة. قارن المشاركات والدقائق ومعدلات التسجيل مع الأندية والمنتخبات.,https://messivsronaldo17.com/ar/seasons/2025,,no,615804,,2026-10-06T18:54:41Z
/ar/seasons/2026,200,ar,ميسي ضد رونالدو 2026: أهداف وإحصائيات السنة الميلادية | The Rivalry,ميسي ضد رونالدو في 2026: 35 مقابل 22 هدفًا، و17 مقابل 1 تمريرة حاسمة. من السنة حتى الآن حتى 27 سبتمبر 2026.,https://messivsronaldo17.com/ar/seasons/2026,,no,612814,,2026-10-06T18:54:41Z
/ar/sitemap,200,ar,خريطة الموقع | The Rivalry,تصفح كل مقارنة بين ميسي ورونالدو، الملف الشخصي للاعب، السنة التقويمية، المقالة وسياسة الموقع على The Rivalry.,https://messivsronaldo17.com/ar/sitemap,,no,623384,,2026-10-06T18:54:41Z
/ar/terms,200,ar,شروط الاستخدام | The Rivalry,شروط استخدام مقارناتنا ومقالاتنا على messivsronaldo17.com.,https://messivsronaldo17.com/ar/terms,,no,512420,,2026-10-06T18:54:41Z
/ar/tools,200,ar,ميسي ضد رونالدو: أدوات تفاعلية وألعاب كرة القدم | The Rivalry,اختبر معرفتك بكرة القدم، واستكشف تطور المسيرتين، وأنشئ سيناريوهات التسجيل الخاصة بك. أدوات أصلية مبنية على السجلات.,https://messivsronaldo17.com/ar/tools,,no,505979,,2026-10-06T18:54:41Z
/ar/uefa-awards,200,ar,ميسي ضد رونالدو: جوائز UEFA | The Rivalry,قارن جوائز أفضل لاعب في أوروبا من UEFA ومواسم فوز ميسي ورونالدو.,https://messivsronaldo17.com/ar/uefa-awards,,no,542411,,2026-10-06T18:54:41Z
/ar/updates,200,ar,نشر تحديثات المباراة | The Rivalry,تمت إضافة سجلات مباراة ميسي ورونالدو المؤرخة بعد خط الأساس الذي تمت مراجعته، مع المصادر وملاحظات التغطية.,https://messivsronaldo17.com/ar/updates,,no,498070,,2026-10-06T18:54:41Z
/ar/vote,200,ar,تصويت الجماهير: ميسي ضد رونالدو | The Rivalry,اختر لاعبك المفضل وشاهد النتائج. صوت واحد لكل متصفح، مع عرض الأرصدة الابتدائية وأصوات الزوار بشكل منفصل.,https://messivsronaldo17.com/ar/vote,,no,502581,,2026-10-06T18:54:41Z
/ar/world-cup,200,ar,ميسي ضد رونالدو أهداف كأس العالم المسجلة والتمريرات الحاسمة – 2026 | The Rivalry,نهائيات كأس العالم. تمت مراجعة خط الأساس بالإضافة إلى تحديثات المباريات المنشورة. اطلع على تغطية كل إحصائية وسجل التحديث العام.,https://messivsronaldo17.com/ar/world-cup,,no,556774,,2026-10-06T18:54:41Z
/assists,200,en,Messi vs Ronaldo Career Assists & Goal Contributions | The Rivalry,Career overview. Reviewed baseline plus published match updates. See each statistic’s coverage and the public update log.,https://messivsronaldo17.com/assists,,yes,302846,,2026-10-06T18:54:41Z
/ballon-dor,200,en,Messi vs Ronaldo: Ballon d’Or | The Rivalry,"Compare Ballon d’Or wins, winning years and the award timeline for Messi and Ronaldo.",https://messivsronaldo17.com/ballon-dor,,no,306348,,2026-10-06T18:54:41Z
/career-timeline,200,en,Messi vs Ronaldo Career Timeline: Interactive Goals & Assists | The Rivalry,"Choose a year range, switch between goals and assists, and explore how the two careers compare over time.",https://messivsronaldo17.com/career-timeline,,no,251941,,2026-10-06T18:54:41Z
/champions-league,200,en,Messi vs Ronaldo Champions League Goals & Assists | The Rivalry,Champions League. Reviewed baseline plus published match updates. See each statistic’s coverage and the public update log.,https://messivsronaldo17.com/champions-league,,no,297012,,2026-10-06T18:54:41Z
/club-stats,200,en,Messi vs Ronaldo: Club Season Goals & Stats | The Rivalry,"Compare Messi and Ronaldo by club season, from 2002/2003 to 2026/2027: goals, assists, appearances, minutes and scoring rates.",https://messivsronaldo17.com/club-stats,,no,269628,,2026-10-06T18:54:41Z
/club-stats/2002-2003,200,en,Messi vs Ronaldo 2002/2003: Season Goals & Stats | The Rivalry,"2002/2003 club season: Messi 0 goals and 0 assists; Ronaldo 5 goals and 4 assists. Compare appearances, minutes and scoring rates.",https://messivsronaldo17.com/club-stats/2002-2003,,no,293911,,2026-10-06T18:54:41Z
/club-stats/2003-2004,200,en,Messi vs Ronaldo 2003/2004: Season Goals & Stats | The Rivalry,"2003/2004 club season: Messi 0 goals and 0 assists; Ronaldo 6 goals and 6 assists. Compare appearances, minutes and scoring rates.",https://messivsronaldo17.com/club-stats/2003-2004,,no,296844,,2026-10-06T18:54:41Z
/club-stats/2004-2005,200,en,Messi vs Ronaldo 2004/2005: Season Goals & Stats | The Rivalry,"2004/2005 club season: Messi 1 goals and 0 assists; Ronaldo 9 goals and 8 assists. Compare appearances, minutes and scoring rates.",https://messivsronaldo17.com/club-stats/2004-2005,,no,299671,,2026-10-06T18:54:41Z
/club-stats/2005-2006,200,en,Messi vs Ronaldo 2005/2006: Season Goals & Stats | The Rivalry,"2005/2006 club season: Messi 8 goals and 3 assists; Ronaldo 12 goals and 8 assists. Compare appearances, minutes and scoring rates.",https://messivsronaldo17.com/club-stats/2005-2006,,no,299465,,2026-10-06T18:54:41Z
/club-stats/2006-2007,200,en,Messi vs Ronaldo 2006/2007: Season Goals & Stats | The Rivalry,"2006/2007 club season: Messi 17 goals and 3 assists; Ronaldo 23 goals and 14 assists. Compare appearances, minutes and scoring rates.",https://messivsronaldo17.com/club-stats/2006-2007,,no,299462,,2026-10-06T18:54:41Z
/club-stats/2007-2008,200,en,Messi vs Ronaldo 2007/2008: Season Goals & Stats | The Rivalry,"2007/2008 club season: Messi 16 goals and 13 assists; Ronaldo 42 goals and 7 assists. Compare appearances, minutes and scoring rates.",https://messivsronaldo17.com/club-stats/2007-2008,,no,299498,,2026-10-06T18:54:41Z
/club-stats/2008-2009,200,en,Messi vs Ronaldo 2008/2009: Season Goals & Stats | The Rivalry,"2008/2009 club season: Messi 38 goals and 17 assists; Ronaldo 26 goals and 9 assists. Compare appearances, minutes and scoring rates.",https://messivsronaldo17.com/club-stats/2008-2009,,no,299451,,2026-10-06T18:54:41Z
/club-stats/2009-2010,200,en,Messi vs Ronaldo 2009/2010: Season Goals & Stats | The Rivalry,"2009/2010 club season: Messi 47 goals and 11 assists; Ronaldo 33 goals and 8 assists. Compare appearances, minutes and scoring rates.",https://messivsronaldo17.com/club-stats/2009-2010,,no,299735,,2026-10-06T18:54:41Z
/club-stats/2010-2011,200,en,Messi vs Ronaldo 2010/2011: Season Goals & Stats | The Rivalry,"2010/2011 club season: Messi 53 goals and 23 assists; Ronaldo 53 goals and 16 assists. Compare appearances, minutes and scoring rates.",https://messivsronaldo17.com/club-stats/2010-2011,,no,299746,,2026-10-06T18:54:41Z
/club-stats/2011-2012,200,en,Messi vs Ronaldo 2011/2012: Season Goals & Stats | The Rivalry,"2011/2012 club season: Messi 73 goals and 30 assists; Ronaldo 60 goals and 15 assists. Compare appearances, minutes and scoring rates.",https://messivsronaldo17.com/club-stats/2011-2012,,no,299684,,2026-10-06T18:54:41Z
/club-stats/2012-2013,200,en,Messi vs Ronaldo 2012/2013: Season Goals & Stats | The Rivalry,"2012/2013 club season: Messi 60 goals and 15 assists; Ronaldo 55 goals and 12 assists. Compare appearances, minutes and scoring rates.",https://messivsronaldo17.com/club-stats/2012-2013,,no,299659,,2026-10-06T18:54:41Z
/club-stats/2013-2014,200,en,Messi vs Ronaldo 2013/2014: Season Goals & Stats | The Rivalry,"2013/2014 club season: Messi 41 goals and 14 assists; Ronaldo 51 goals and 14 assists. Compare appearances, minutes and scoring rates.",https://messivsronaldo17.com/club-stats/2013-2014,,no,299657,,2026-10-06T18:54:41Z
/club-stats/2014-2015,200,en,Messi vs Ronaldo 2014/2015: Season Goals & Stats | The Rivalry,"2014/2015 club season: Messi 58 goals and 27 assists; Ronaldo 61 goals and 21 assists. Compare appearances, minutes and scoring rates.",https://messivsronaldo17.com/club-stats/2014-2015,,no,299670,,2026-10-06T18:54:41Z
/club-stats/2015-2016,200,en,Messi vs Ronaldo 2015/2016: Season Goals & Stats | The Rivalry,"2015/2016 club season: Messi 41 goals and 23 assists; Ronaldo 51 goals and 15 assists. Compare appearances, minutes and scoring rates.",https://messivsronaldo17.com/club-stats/2015-2016,,no,299515,,2026-10-06T18:54:41Z
/club-stats/2016-2017,200,en,Messi vs Ronaldo 2016/2017: Season Goals & Stats | The Rivalry,"2016/2017 club season: Messi 54 goals and 16 assists; Ronaldo 42 goals and 11 assists. Compare appearances, minutes and scoring rates.",https://messivsronaldo17.com/club-stats/2016-2017,,no,299580,,2026-10-06T18:54:41Z
/club-stats/2017-2018,200,en,Messi vs Ronaldo 2017/2018: Season Goals & Stats | The Rivalry,"2017/2018 club season: Messi 45 goals and 18 assists; Ronaldo 44 goals and 8 assists. Compare appearances, minutes and scoring rates.",https://messivsronaldo17.com/club-stats/2017-2018,,no,299684,,2026-10-06T18:54:41Z
/club-stats/2018-2019,200,en,Messi vs Ronaldo 2018/2019: Season Goals & Stats | The Rivalry,"2018/2019 club season: Messi 51 goals and 19 assists; Ronaldo 28 goals and 10 assists. Compare appearances, minutes and scoring rates.",https://messivsronaldo17.com/club-stats/2018-2019,,no,299619,,2026-10-06T18:54:41Z
/club-stats/2019-2020,200,en,Messi vs Ronaldo 2019/2020: Season Goals & Stats | The Rivalry,"2019/2020 club season: Messi 31 goals and 25 assists; Ronaldo 37 goals and 5 assists. Compare appearances, minutes and scoring rates.",https://messivsronaldo17.com/club-stats/2019-2020,,no,299551,,2026-10-06T18:54:41Z
/club-stats/2020-2021,200,en,Messi vs Ronaldo 2020/2021: Season Goals & Stats | The Rivalry,"2020/2021 club season: Messi 38 goals and 12 assists; Ronaldo 36 goals and 5 assists. Compare appearances, minutes and scoring rates.",https://messivsronaldo17.com/club-stats/2020-2021,,no,299600,,2026-10-06T18:54:41Z
/club-stats/2021-2022,200,en,Messi vs Ronaldo 2021/2022: Season Goals & Stats | The Rivalry,"2021/2022 club season: Messi 11 goals and 14 assists; Ronaldo 24 goals and 3 assists. Compare appearances, minutes and scoring rates.",https://messivsronaldo17.com/club-stats/2021-2022,,no,299604,,2026-10-06T18:54:41Z
/club-stats/2022-2023,200,en,Messi vs Ronaldo 2022/2023: Season Goals & Stats | The Rivalry,"2022/2023 club season: Messi 21 goals and 20 assists; Ronaldo 17 goals and 4 assists. Compare appearances, minutes and scoring rates.",https://messivsronaldo17.com/club-stats/2022-2023,,no,299276,,2026-10-06T18:54:41Z
/club-stats/2023-2024,200,en,Messi vs Ronaldo 2023/2024: Season Goals & Stats | The Rivalry,"2023/2024 club season: Messi 25 goals and 16 assists; Ronaldo 50 goals and 13 assists. Compare appearances, minutes and scoring rates.",https://messivsronaldo17.com/club-stats/2023-2024,,no,297302,,2026-10-06T18:54:41Z
/club-stats/2024-2025,200,en,Messi vs Ronaldo 2024/2025: Season Goals & Stats | The Rivalry,"2024/2025 club season: Messi 33 goals and 9 assists; Ronaldo 35 goals and 4 assists. Compare appearances, minutes and scoring rates.",https://messivsronaldo17.com/club-stats/2024-2025,,no,299761,,2026-10-06T18:54:41Z
/club-stats/2025-2026,200,en,Messi vs Ronaldo 2025/2026: Season Goals & Stats | The Rivalry,"2025/2026 club season: Messi 32 goals and 25 assists; Ronaldo 30 goals and 4 assists. Compare appearances, minutes and scoring rates.",https://messivsronaldo17.com/club-stats/2025-2026,,no,299850,,2026-10-06T18:54:41Z
/club-stats/2026-2027,200,en,Messi vs Ronaldo 2026/2027: Season Goals & Stats | The Rivalry,"2026/2027 club season: Messi 12 goals and 6 assists; Ronaldo 3 goals and 0 assists. Compare appearances, minutes and scoring rates. In progress; source reviewed 29 September 2026.",https://messivsronaldo17.com/club-stats/2026-2027,,no,298429,,2026-10-06T18:54:41Z
/clubs,200,en,"Messi & Ronaldo Club Stats: Inter Miami, Al Nassr & More | The Rivalry",Inter Miami / Al Nassr. Reviewed baseline plus published match updates. See each statistic’s coverage and the public update log.,https://messivsronaldo17.com/clubs,,no,326282,,2026-10-06T18:54:41Z
/compare,200,en,Messi vs Ronaldo Comparison Explorer | The Rivalry,Career overview. Reviewed baseline plus published match updates. See each statistic’s coverage and the public update log.,https://messivsronaldo17.com/compare,,yes,300552,,2026-10-06T18:54:41Z
/comparison-posters,200,en,Messi vs Ronaldo Comparison Posters | The Rivalry,"Create your own Messi vs Ronaldo poster with our published statistics. Choose your competition, customize the design and share it with a link to the website.",https://messivsronaldo17.com/comparison-posters,,no,257465,,2026-10-06T18:54:41Z
/contact,200,en,Contact & Support | The Rivalry,"Send questions, statistical corrections, privacy requests, accessibility reports or image-rights concerns to The Rivalry.",https://messivsronaldo17.com/contact,,no,245181,,2026-10-06T18:54:41Z
/cookies,200,en,Cookie Policy | The Rivalry,A short inventory of the storage used by this edition of the website.,https://messivsronaldo17.com/cookies,,no,252536,,2026-10-06T18:54:41Z
/copa-america-vs-euros,200,en,Messi Copa América vs Ronaldo Euros: Goals & Stats | The Rivalry,Copa América / Euros. Reviewed baseline plus published match updates. See each statistic’s coverage and the public update log.,https://messivsronaldo17.com/copa-america-vs-euros,,no,295739,,2026-10-06T18:54:41Z
/credits,200,en,Photography Credits & Licenses | The Rivalry,"Credits for the player portraits, icons and locally hosted fonts used on The Rivalry.",https://messivsronaldo17.com/credits,,no,251668,,2026-10-06T18:54:41Z
/de,200,de,"Messi vs Ronaldo: Karrierestatistiken, Tore und Titel","Vergleiche Tore, Vorlagen, Titel und Torquoten von Messi und Ronaldo. Entdecke Vereins-, WM- und Champions-League-Statistiken. Daten bis 27. September 2026.",https://messivsronaldo17.com/de,,no,557372,,2026-10-06T18:54:41Z
/de/2026,200,de,"Messi vs. Ronaldo 2026 Erzielte Tore, Assists & Statistiken | The Rivalry","Goals, assists, appearances and playing minutes from 1 January 2026. Aktualisiert 27. September 2026. The year is still in progress.",https://messivsronaldo17.com/de/2026,,no,504189,,2026-10-06T18:54:41Z
/de/about,200,de,Über die Rivalität | The Rivalry,Zwei außergewöhnliche Karrieren verdienen mehr als einen Streit über eine einzelne Zahl.,https://messivsronaldo17.com/de/about,,no,458766,,2026-10-06T18:54:41Z
/de/accessibility,200,de,Erklärung zur Barrierefreiheit | The Rivalry,"Wie wir barrierefreies Surfen unterstützen und wie man ein Problem beschreibt, wenn etwas im Weg steht.",https://messivsronaldo17.com/de/accessibility,,no,456333,,2026-10-06T18:54:41Z
/de/answers,200,de,"Messi vs Ronaldo: Tore, Rekorde und schnelle Antworten | The Rivalry","Finde datierte Antworten zu Toren, Vorlagen, Einsätzen und Torrekorden von Messi und Ronaldo, mit Quellen und Zählregeln.",https://messivsronaldo17.com/de/answers,,no,472592,,2026-10-06T18:54:41Z
/de/assists,200,de,Messi vs. Ronaldo Karrierevorlagen und Torbeiträge | The Rivalry,Karriereübersicht. Überprüfte Grundlinie plus veröffentlichte Spielaktualisierungen. Sehen Sie sich die Abdeckung jeder Statistik und das öffentliche Update-Protokoll an.,https://messivsronaldo17.com/de/assists,,yes,513183,,2026-10-06T18:54:41Z
/de/ballon-dor,200,de,Messi vs Ronaldo: Ballon d’Or | The Rivalry,"Vergleiche die Ballon-d’Or-Siege, Siegerjahre und den zeitlichen Verlauf der Auszeichnungen von Messi und Ronaldo.",https://messivsronaldo17.com/de/ballon-dor,,no,515668,,2026-10-06T18:54:41Z
/de/career-timeline,200,de,Messi vs Ronaldo-Zeitverlauf: interaktive Tore und Vorlagen | The Rivalry,"Wähle einen Zeitraum, wechsle zwischen Toren und Vorlagen und vergleiche beide Karrieren im Zeitverlauf.",https://messivsronaldo17.com/de/career-timeline,,no,460245,,2026-10-06T18:54:41Z
/de/champions-league,200,de,Messi vs. Ronaldo Champions League Tore und Assists | The Rivalry,Champions League. Überprüfte Grundlinie plus veröffentlichte Spielaktualisierungen. Sehen Sie sich die Abdeckung jeder Statistik und das öffentliche Update-Protokoll an.,https://messivsronaldo17.com/de/champions-league,,no,507571,,2026-10-06T18:54:41Z
/de/club-stats,200,de,Messi vs Ronaldo: Tore und Statistiken pro Vereinssaison | The Rivalry,"Vergleiche Messi und Ronaldo nach Vereinssaison von 2002/2003 bis 2026/2027: Tore, Vorlagen, Einsätze, Minuten und Torquoten.",https://messivsronaldo17.com/de/club-stats,,no,478524,,2026-10-06T18:54:41Z
/de/club-stats/2002-2003,200,de,Messi vs Ronaldo 2002/2003: Saisontore und Statistiken | The Rivalry,"Vereinssaison 2002/2003: Messi 0 Tore und 0 Vorlagen; Ronaldo 5 Tore und 4 Vorlagen. Vergleiche Einsätze, Minuten und Torquoten.",https://messivsronaldo17.com/de/club-stats/2002-2003,,no,503167,,2026-10-06T18:54:41Z
/de/club-stats/2003-2004,200,de,Messi vs Ronaldo 2003/2004: Saisontore und Statistiken | The Rivalry,"Vereinssaison 2003/2004: Messi 0 Tore und 0 Vorlagen; Ronaldo 6 Tore und 6 Vorlagen. Vergleiche Einsätze, Minuten und Torquoten.",https://messivsronaldo17.com/de/club-stats/2003-2004,,no,506010,,2026-10-06T18:54:41Z
/de/club-stats/2004-2005,200,de,Messi vs Ronaldo 2004/2005: Saisontore und Statistiken | The Rivalry,"Vereinssaison 2004/2005: Messi 1 Tore und 0 Vorlagen; Ronaldo 9 Tore und 8 Vorlagen. Vergleiche Einsätze, Minuten und Torquoten.",https://messivsronaldo17.com/de/club-stats/2004-2005,,no,508781,,2026-10-06T18:54:41Z
/de/club-stats/2005-2006,200,de,Messi vs Ronaldo 2005/2006: Saisontore und Statistiken | The Rivalry,"Vereinssaison 2005/2006: Messi 8 Tore und 3 Vorlagen; Ronaldo 12 Tore und 8 Vorlagen. Vergleiche Einsätze, Minuten und Torquoten.",https://messivsronaldo17.com/de/club-stats/2005-2006,,no,508559,,2026-10-06T18:54:41Z
/de/club-stats/2006-2007,200,de,Messi vs Ronaldo 2006/2007: Saisontore und Statistiken | The Rivalry,"Vereinssaison 2006/2007: Messi 17 Tore und 3 Vorlagen; Ronaldo 23 Tore und 14 Vorlagen. Vergleiche Einsätze, Minuten und Torquoten.",https://messivsronaldo17.com/de/club-stats/2006-2007,,no,508541,,2026-10-06T18:54:41Z
/de/club-stats/2007-2008,200,de,Messi vs Ronaldo 2007/2008: Saisontore und Statistiken | The Rivalry,"Vereinssaison 2007/2008: Messi 16 Tore und 13 Vorlagen; Ronaldo 42 Tore und 7 Vorlagen. Vergleiche Einsätze, Minuten und Torquoten.",https://messivsronaldo17.com/de/club-stats/2007-2008,,no,508499,,2026-10-06T18:54:41Z
/de/club-stats/2008-2009,200,de,Messi vs Ronaldo 2008/2009: Saisontore und Statistiken | The Rivalry,"Vereinssaison 2008/2009: Messi 38 Tore und 17 Vorlagen; Ronaldo 26 Tore und 9 Vorlagen. Vergleiche Einsätze, Minuten und Torquoten.",https://messivsronaldo17.com/de/club-stats/2008-2009,,no,508580,,2026-10-06T18:54:41Z
/de/club-stats/2009-2010,200,de,Messi vs Ronaldo 2009/2010: Saisontore und Statistiken | The Rivalry,"Vereinssaison 2009/2010: Messi 47 Tore und 11 Vorlagen; Ronaldo 33 Tore und 8 Vorlagen. Vergleiche Einsätze, Minuten und Torquoten.",https://messivsronaldo17.com/de/club-stats/2009-2010,,no,508799,,2026-10-06T18:54:41Z
/de/club-stats/2010-2011,200,de,Messi vs Ronaldo 2010/2011: Saisontore und Statistiken | The Rivalry,"Vereinssaison 2010/2011: Messi 53 Tore und 23 Vorlagen; Ronaldo 53 Tore und 16 Vorlagen. Vergleiche Einsätze, Minuten und Torquoten.",https://messivsronaldo17.com/de/club-stats/2010-2011,,no,508786,,2026-10-06T18:54:41Z
/de/club-stats/2011-2012,200,de,Messi vs Ronaldo 2011/2012: Saisontore und Statistiken | The Rivalry,"Vereinssaison 2011/2012: Messi 73 Tore und 30 Vorlagen; Ronaldo 60 Tore und 15 Vorlagen. Vergleiche Einsätze, Minuten und Torquoten.",https://messivsronaldo17.com/de/club-stats/2011-2012,,no,508711,,2026-10-06T18:54:41Z
/de/club-stats/2012-2013,200,de,Messi vs Ronaldo 2012/2013: Saisontore und Statistiken | The Rivalry,"Vereinssaison 2012/2013: Messi 60 Tore und 15 Vorlagen; Ronaldo 55 Tore und 12 Vorlagen. Vergleiche Einsätze, Minuten und Torquoten.",https://messivsronaldo17.com/de/club-stats/2012-2013,,no,508770,,2026-10-06T18:54:41Z
/de/club-stats/2013-2014,200,de,Messi vs Ronaldo 2013/2014: Saisontore und Statistiken | The Rivalry,"Vereinssaison 2013/2014: Messi 41 Tore und 14 Vorlagen; Ronaldo 51 Tore und 14 Vorlagen. Vergleiche Einsätze, Minuten und Torquoten.",https://messivsronaldo17.com/de/club-stats/2013-2014,,no,508730,,2026-10-06T18:54:41Z
/de/club-stats/2014-2015,200,de,Messi vs Ronaldo 2014/2015: Saisontore und Statistiken | The Rivalry,"Vereinssaison 2014/2015: Messi 58 Tore und 27 Vorlagen; Ronaldo 61 Tore und 21 Vorlagen. Vergleiche Einsätze, Minuten und Torquoten.",https://messivsronaldo17.com/de/club-stats/2014-2015,,no,508725,,2026-10-06T18:54:41Z
/de/club-stats/2015-2016,200,de,Messi vs Ronaldo 2015/2016: Saisontore und Statistiken | The Rivalry,"Vereinssaison 2015/2016: Messi 41 Tore und 23 Vorlagen; Ronaldo 51 Tore und 15 Vorlagen. Vergleiche Einsätze, Minuten und Torquoten.",https://messivsronaldo17.com/de/club-stats/2015-2016,,no,508861,,2026-10-06T18:54:41Z
/de/club-stats/2016-2017,200,de,Messi vs Ronaldo 2016/2017: Saisontore und Statistiken | The Rivalry,"Vereinssaison 2016/2017: Messi 54 Tore und 16 Vorlagen; Ronaldo 42 Tore und 11 Vorlagen. Vergleiche Einsätze, Minuten und Torquoten.",https://messivsronaldo17.com/de/club-stats/2016-2017,,no,508596,,2026-10-06T18:54:41Z
/de/club-stats/2017-2018,200,de,Messi vs Ronaldo 2017/2018: Saisontore und Statistiken | The Rivalry,"Vereinssaison 2017/2018: Messi 45 Tore und 18 Vorlagen; Ronaldo 44 Tore und 8 Vorlagen. Vergleiche Einsätze, Minuten und Torquoten.",https://messivsronaldo17.com/de/club-stats/2017-2018,,no,508846,,2026-10-06T18:54:41Z
/de/club-stats/2018-2019,200,de,Messi vs Ronaldo 2018/2019: Saisontore und Statistiken | The Rivalry,"Vereinssaison 2018/2019: Messi 51 Tore und 19 Vorlagen; Ronaldo 28 Tore und 10 Vorlagen. Vergleiche Einsätze, Minuten und Torquoten.",https://messivsronaldo17.com/de/club-stats/2018-2019,,no,508736,,2026-10-06T18:54:41Z
/de/club-stats/2019-2020,200,de,Messi vs Ronaldo 2019/2020: Saisontore und Statistiken | The Rivalry,"Vereinssaison 2019/2020: Messi 31 Tore und 25 Vorlagen; Ronaldo 37 Tore und 5 Vorlagen. Vergleiche Einsätze, Minuten und Torquoten.",https://messivsronaldo17.com/de/club-stats/2019-2020,,no,508610,,2026-10-06T18:54:41Z
/de/club-stats/2020-2021,200,de,Messi vs Ronaldo 2020/2021: Saisontore und Statistiken | The Rivalry,"Vereinssaison 2020/2021: Messi 38 Tore und 12 Vorlagen; Ronaldo 36 Tore und 5 Vorlagen. Vergleiche Einsätze, Minuten und Torquoten.",https://messivsronaldo17.com/de/club-stats/2020-2021,,no,508579,,2026-10-06T18:54:41Z
/de/club-stats/2021-2022,200,de,Messi vs Ronaldo 2021/2022: Saisontore und Statistiken | The Rivalry,"Vereinssaison 2021/2022: Messi 11 Tore und 14 Vorlagen; Ronaldo 24 Tore und 3 Vorlagen. Vergleiche Einsätze, Minuten und Torquoten.",https://messivsronaldo17.com/de/club-stats/2021-2022,,no,508606,,2026-10-06T18:54:41Z
/de/club-stats/2022-2023,200,de,Messi vs Ronaldo 2022/2023: Saisontore und Statistiken | The Rivalry,"Vereinssaison 2022/2023: Messi 21 Tore und 20 Vorlagen; Ronaldo 17 Tore und 4 Vorlagen. Vergleiche Einsätze, Minuten und Torquoten.",https://messivsronaldo17.com/de/club-stats/2022-2023,,no,508551,,2026-10-06T18:54:41Z
/de/club-stats/2023-2024,200,de,Messi vs Ronaldo 2023/2024: Saisontore und Statistiken | The Rivalry,"Vereinssaison 2023/2024: Messi 25 Tore und 16 Vorlagen; Ronaldo 50 Tore und 13 Vorlagen. Vergleiche Einsätze, Minuten und Torquoten.",https://messivsronaldo17.com/de/club-stats/2023-2024,,no,506285,,2026-10-06T18:54:41Z
/de/club-stats/2024-2025,200,de,Messi vs Ronaldo 2024/2025: Saisontore und Statistiken | The Rivalry,"Vereinssaison 2024/2025: Messi 33 Tore und 9 Vorlagen; Ronaldo 35 Tore und 4 Vorlagen. Vergleiche Einsätze, Minuten und Torquoten.",https://messivsronaldo17.com/de/club-stats/2024-2025,,no,508857,,2026-10-06T18:54:41Z
/de/club-stats/2025-2026,200,de,Messi vs Ronaldo 2025/2026: Saisontore und Statistiken | The Rivalry,"Vereinssaison 2025/2026: Messi 32 Tore und 25 Vorlagen; Ronaldo 30 Tore und 4 Vorlagen. Vergleiche Einsätze, Minuten und Torquoten.",https://messivsronaldo17.com/de/club-stats/2025-2026,,no,508932,,2026-10-06T18:54:41Z
/de/club-stats/2026-2027,200,de,Messi vs Ronaldo 2026/2027: Saisontore und Statistiken | The Rivalry,"Vereinssaison 2026/2027: Messi 12 Tore und 6 Vorlagen; Ronaldo 3 Tore und 0 Vorlagen. Vergleiche Einsätze, Minuten und Torquoten. Laufende Saison; Quelle geprüft am 29. September 2026.",https://messivsronaldo17.com/de/club-stats/2026-2027,,no,507696,,2026-10-06T18:54:41Z
/de/clubs,200,de,"Messi- und Ronaldo-Vereinsstatistiken: Inter Miami, Al Nassr und mehr | The Rivalry",Inter Miami / Al Nassr. Überprüfte Grundlinie plus veröffentlichte Spielaktualisierungen. Sehen Sie sich die Abdeckung jeder Statistik und das öffentliche Update-Protokoll an.,https://messivsronaldo17.com/de/clubs,,no,536987,,2026-10-06T18:54:41Z
/de/compare,200,de,Messi vs. Ronaldo Vergleichs-Explorer | The Rivalry,Karriereübersicht. Überprüfte Grundlinie plus veröffentlichte Spielaktualisierungen. Sehen Sie sich die Abdeckung jeder Statistik und das öffentliche Update-Protokoll an.,https://messivsronaldo17.com/de/compare,,yes,511166,,2026-10-06T18:54:41Z
/de/comparison-posters,200,de,Messi-vs-Ronaldo-Vergleichsposter | The Rivalry,"Erstelle dein eigenes Messi-vs-Ronaldo-Poster mit unseren veröffentlichten Statistiken. Wähle einen Wettbewerb, passe das Design an und teile es mit einem Link zur Website.",https://messivsronaldo17.com/de/comparison-posters,,no,466046,,2026-10-06T18:54:41Z
/de/contact,200,de,Kontakt und Support | The Rivalry,"Sende Fragen, statistische Korrekturen, Datenschutzanfragen, Barrierefreiheitsprobleme oder Anliegen zu Bildrechten an The Rivalry.",https://messivsronaldo17.com/de/contact,,no,453774,,2026-10-06T18:54:41Z
/de/cookies,200,de,Cookie-Richtlinie | The Rivalry,Eine kurze Bestandsaufnahme des von dieser Ausgabe der Website verwendeten Speichers.,https://messivsronaldo17.com/de/cookies,,no,461551,,2026-10-06T18:54:41Z
/de/copa-america-vs-euros,200,de,Messi Copa América gegen Ronaldo EM: Erzielte Tore und Statistiken | The Rivalry,Copa América / Euro. Überprüfte Grundlinie plus veröffentlichte Spielaktualisierungen. Sehen Sie sich die Abdeckung jeder Statistik und das öffentliche Update-Protokoll an.,https://messivsronaldo17.com/de/copa-america-vs-euros,,no,505877,,2026-10-06T18:54:41Z
/de/credits,200,de,Fotonachweise und Lizenzen | The Rivalry,"Credits für die Spielerporträts, Symbole und lokal gehosteten Schriftarten, die in The Rivalry verwendet werden.",https://messivsronaldo17.com/de/credits,,no,460154,,2026-10-06T18:54:41Z
/de/disclaimer,200,de,Redaktioneller und Daten-Haftungsausschluss | The Rivalry,"Wie sind unsere Figuren, Fotografie und Beziehung zu den Personen im Vergleich zu interpretieren?",https://messivsronaldo17.com/de/disclaimer,,no,458981,,2026-10-06T18:54:41Z
/de/european-clubs,200,de,Messi vs. Ronaldo European Club Career Erzielte Tore und Assists | The Rivalry,Europäische Vereine. Überprüfte Grundlinie plus veröffentlichte Spielaktualisierungen. Sehen Sie sich die Abdeckung jeder Statistik und das öffentliche Update-Protokoll an.,https://messivsronaldo17.com/de/european-clubs,,no,505927,,2026-10-06T18:54:41Z
/de/fifa-awards,200,de,Messi vs Ronaldo: FIFA-Auszeichnungen | The Rivalry,Vergleiche die Siege und Ausgaben der Auszeichnung The Best FIFA-Weltfußballer von Messi und Ronaldo.,https://messivsronaldo17.com/de/fifa-awards,,no,494319,,2026-10-06T18:54:41Z
/de/football-quiz,200,de,Messi vs Ronaldo-Statistikquiz: teste dein Fußballwissen | The Rivalry,"Acht Fragen. Zwei außergewöhnliche Karrieren. Wähle den Spieler, entdecke die Zahlen und sieh deine Punktzahl.",https://messivsronaldo17.com/de/football-quiz,,no,450468,,2026-10-06T18:54:41Z
/de/free-kicks,200,de,Messi vs Ronaldo: Freistoßtore insgesamt | The Rivalry,"Direkte Freistoßtore: Messi 76, Ronaldo 65. Vergleiche die Gesamtzahlen und erfahre, was als Freistoßtor zählt. Aktualisiert 27. September 2026.",https://messivsronaldo17.com/de/free-kicks,,no,518334,,2026-10-06T18:54:41Z
/de/glossary,200,de,"Fußballstatistiken Erklärt: Tore, Vorlagen und Torquoten | The Rivalry","Was zählt als Tor, Vorlage, Einsatz oder Hattrick? Hier stehen die Definitionen, Torquoten-Formeln und Zählregeln unserer Vergleiche zwischen Messi und Ronaldo.",https://messivsronaldo17.com/de/glossary,,no,486710,,2026-10-06T18:54:41Z
/de/goals,200,de,Messi vs Ronaldo: Karrieretore (2026) | The Rivalry,"Messi hat 931 Karrieretore, Ronaldo 979. Vergleiche Vereins- und Länderspieltore, Einsätze und Torquoten. Aktualisiert 27. September 2026.",https://messivsronaldo17.com/de/goals,,no,510670,,2026-10-06T18:54:41Z
/de/golden-boots,200,de,Messi vs Ronaldo: Goldene Schuhe | The Rivalry,Vergleiche die europäischen Goldenen Schuhe von Messi und Ronaldo und die Ligasaisons ihrer Siege.,https://messivsronaldo17.com/de/golden-boots,,no,510399,,2026-10-06T18:54:41Z
/de/hat-tricks,200,de,Hattricks und Karriere-Torrekorde von Messi gegen Ronaldo | The Rivalry,Karriereübersicht. Überprüfte Grundlinie plus veröffentlichte Spielaktualisierungen. Sehen Sie sich die Abdeckung jeder Statistik und das öffentliche Update-Protokoll an.,https://messivsronaldo17.com/de/hat-tricks,,yes,519374,,2026-10-06T18:54:41Z
/de/head-to-head,200,de,Messi vs. Ronaldo Head-to-Head: In direkten Begegnungen erzielte Tore | The Rivalry,Direkte Treffen. Überprüfte Grundlinie plus veröffentlichte Spielaktualisierungen. Sehen Sie sich die Abdeckung jeder Statistik und das öffentliche Update-Protokoll an.,https://messivsronaldo17.com/de/head-to-head,,no,504529,,2026-10-06T18:54:41Z
/de/honours,200,de,Messi vs Ronaldo: Titel und Ballon d’Or (2026) | The Rivalry,"Messi: 49 Mannschaftstitel. Ronaldo: 37. Vergleiche die Titelliste, Zählregeln und die getrennt erfassten Einzelauszeichnungen. Bis 21. September 2026.",https://messivsronaldo17.com/de/honours,,no,499912,,2026-10-06T18:54:41Z
/de/insights,200,de,"Fußballanalysen: Ballon d’Or, Rekorde und Statistiken | The Rivalry","Entdecke die Ballon-d’Or-Kandidaten 2026, geprüfte Saisonstatistiken und Messi-Ronaldo-Rekorde mit Quellen und interaktiven Vergleichen.",https://messivsronaldo17.com/de/insights,,no,465721,,2026-10-06T18:54:41Z
/de/insights/ballon-dor-2026-contenders-stats,200,de,Ballon d’Or 2026: Die Argumente hinter den Torjägerlisten | The Rivalry,"Kane, Mbappé, Kvaratskhelia, Yamal und Rodri stehen für unterschiedliche Formen von Klasse. Eine taktische Prüfung ihrer Kandidaturen und der entscheidenden Spiele.",https://messivsronaldo17.com/de/insights/ballon-dor-2026-contenders-stats,,no,552036,,2026-10-06T18:54:41Z
/de/insights/ballon-dor-2026-date-voting-rules,200,de,"Ballon d’Or 2026 erklärt: Termin, Wahlregeln und der Blick auf den Fußball | The Rivalry","Der bestätigte Termin, der Bewertungszeitraum und die Journalistenwahl – dazu ein taktischer Leitfaden für den Vergleich von Torjägern, Vorbereitern und Mittelfeldspielern.",https://messivsronaldo17.com/de/insights/ballon-dor-2026-date-voting-rules,,no,540810,,2026-10-06T18:54:41Z
/de/insights/kane-vs-mbappe-ballon-dor-2026-stats,200,de,"Kane gegen Mbappé beim Ballon d’Or: Zwei Stürmer, zwei Wege durch die Abwehr | The Rivalry","Wie Kane und Mbappé Angriffe verändern: eine taktische Einordnung ihrer Torbilanzen 2025/26, ihrer Laufwege und der Arbeit ihrer Mitspieler.",https://messivsronaldo17.com/de/insights/kane-vs-mbappe-ballon-dor-2026-stats,,no,548003,,2026-10-06T18:54:41Z
/de/insights/messi-2011-12-vs-ronaldo-2013-14-champions-league,200,de,Messis 14 gegen Ronaldos 17: Was ihre Champions-League-Höhepunkte über K.-o.-Fußball verraten | The Rivalry,"Messis Europapokalsaison 2011/12 und Ronaldos Saison 2013/14: Angriffsstrukturen, schwierige Duelle und der Unterschied zwischen Torproduktion und Turnierkontrolle.",https://messivsronaldo17.com/de/insights/messi-2011-12-vs-ronaldo-2013-14-champions-league,,no,540804,,2026-10-06T18:54:41Z
/de/insights/messi-2011-12-vs-ronaldo-2014-15-la-liga,200,de,Messis 50 gegen Ronaldos 48: Die Torrekorde ohne Meistertitel | The Rivalry,"Messis Ligasaison 2011/12 und Ronaldos Saison 2014/15 im taktischen Vergleich: zentrale Überzahl, Strafraumbewegungen und die Grenzen einer außergewöhnlichen Torbilanz.",https://messivsronaldo17.com/de/insights/messi-2011-12-vs-ronaldo-2014-15-la-liga,,no,539697,,2026-10-06T18:54:41Z
/de/insights/messi-2012-vs-ronaldo-2013-goals,200,de,Messis 2012 gegen Ronaldos 2013: Zwei Angriffe hinter historischen Torjahren | The Rivalry,"Hinter 91 und 69 Toren stehen Positionen, Partnerschaften und entscheidende Spiele. Eine taktische Einordnung mit interaktivem Vergleich der Torquoten.",https://messivsronaldo17.com/de/insights/messi-2012-vs-ronaldo-2013-goals,,no,539376,,2026-10-06T18:54:41Z
/de/insights/messi-ronaldo-free-kick-records,200,de,"Messi oder Ronaldo bei Freistößen: Was Tore, Technik und große Spiele wirklich zeigen | The Rivalry","Messis und Ronaldos direkte Freistöße im taktischen Vergleich: historische Bilanz, Schusstechnik, drei berühmte Treffer und die Grenzen der Erfolgsquote.",https://messivsronaldo17.com/de/insights/messi-ronaldo-free-kick-records,,no,512646,,2026-10-06T18:54:41Z
/de/insights/totals-vs-scoring-rates,200,de,Messi gegen Ronaldo: Warum der Nenner die Torquote verändert | The Rivalry,"Karrieretore, Tore je Einsatz und Tore je 90 Minuten im taktischen Vergleich. Europäische K.-o.-Spiele zeigen, was die Quoten sichtbar machen und was sie auslassen.",https://messivsronaldo17.com/de/insights/totals-vs-scoring-rates,,no,534838,,2026-10-06T18:54:41Z
/de/insights/what-counts-as-a-career-goal,200,de,"Was zählt als Karrieretor? Messi, Ronaldo und der Fußball hinter dem Rekord | The Rivalry","Welche Tore in eine Karrierebilanz gehören, warum das Elfmeterschießen getrennt zählt und welche taktische Arbeit sich hinter einem Torrekord verbirgt.",https://messivsronaldo17.com/de/insights/what-counts-as-a-career-goal,,no,535017,,2026-10-06T18:54:41Z
/de/insights/why-assist-totals-differ,200,de,Messi gegen Ronaldo bei den Vorlagen: Was der letzte Pass nicht erklärt | The Rivalry,"Warum Vorlagenbilanzen voneinander abweichen, wie Messi und Ronaldo Chancen schufen und was drei große Spiele über die letzte Ballberührung hinaus zeigen.",https://messivsronaldo17.com/de/insights/why-assist-totals-differ,,no,533741,,2026-10-06T18:54:41Z
/de/international,200,de,Messi vs. Ronaldo International Erzielte Tore und Assists – 2026 | The Rivalry,Internationaler Fußball. Überprüfte Grundlinie plus veröffentlichte Spielaktualisierungen. Sehen Sie sich die Abdeckung jeder Statistik und das öffentliche Update-Protokoll an.,https://messivsronaldo17.com/de/international,,no,511195,,2026-10-06T18:54:41Z
/de/la-liga,200,de,Messi vs Ronaldo: La-Liga-Tore und Torquoten | The Rivalry,"Messi erzielte 474 La-Liga-Tore in 520 Spielen, Ronaldo 311 in 292. Vergleiche Gesamtzahlen und Tore pro Spiel.",https://messivsronaldo17.com/de/la-liga,,no,505064,,2026-10-06T18:54:41Z
/de/league,200,de,Messi vs. Ronaldo Ligatore in allen Vereinen erzielt | The Rivalry,Karrieren in der nationalen Liga. Überprüfte Grundlinie plus veröffentlichte Spielaktualisierungen. Sehen Sie sich die Abdeckung jeder Statistik und das öffentliche Update-Protokoll an.,https://messivsronaldo17.com/de/league,,no,511017,,2026-10-06T18:54:41Z
/de/man-of-the-match,200,de,Messi vs Ronaldo: Spieler des Spiels | The Rivalry,Vergleiche die WhoScored-Auszeichnungen zum Spieler des Spiels in europäischen Ligen und der Champions League seit 2009/10.,https://messivsronaldo17.com/de/man-of-the-match,,no,483180,,2026-10-06T18:54:41Z
/de/methodology,200,de,"Datenquellen, Definitionen und Methodik | The Rivalry","Was wir zählen. Woher es kommt. Was wir nicht wissen. Die Details, die die Zahlen lesenswert machen.",https://messivsronaldo17.com/de/methodology,,no,542821,,2026-10-06T18:54:41Z
/de/milestone-planner,200,de,Messi vs Ronaldo-Tormeilensteinrechner | The Rivalry,Lege ein Torziel und eine Quote für jeden Spieler fest. Sieh die nötigen Einsätze anhand deiner Annahmen und der veröffentlichten Karrieresummen.,https://messivsronaldo17.com/de/milestone-planner,,no,456563,,2026-10-06T18:54:41Z
/de/penalties,200,de,"Messi vs. Ronaldo Strafen: Erzielt, verschossen und verwandelt | The Rivalry",Karriereübersicht. Überprüfte Grundlinie plus veröffentlichte Spielaktualisierungen. Sehen Sie sich die Abdeckung jeder Statistik und das öffentliche Update-Protokoll an.,https://messivsronaldo17.com/de/penalties,,yes,519427,,2026-10-06T18:54:41Z
/de/players/messi,200,de,"Lionel Messi: Erzielte Tore, Statistiken und Auszeichnungen – 2026 | The Rivalry","Lionel Messis gesammelte Karrierestatistiken bis 27. September 2026, mit Champions-League- und La-Liga-Rekorden und individuellen Auszeichnungen.",https://messivsronaldo17.com/de/players/messi,,no,503760,,2026-10-06T18:54:41Z
/de/players/ronaldo,200,de,"Cristiano Ronaldo: Erzielte Tore, Statistiken und Auszeichnungen – 2026 | The Rivalry","Cristiano Ronaldos gesammelte Karrierestatistiken bis 27. September 2026, mit Champions-League- und La-Liga-Rekorden und individuellen Auszeichnungen.",https://messivsronaldo17.com/de/players/ronaldo,,no,511115,,2026-10-06T18:54:41Z
/de/privacy,200,de,Datenschutzrichtlinie | The Rivalry,"Was The Rivalry speichert, warum es verwendet wird und welche Auswahlmöglichkeiten den Besuchern zur Verfügung stehen.",https://messivsronaldo17.com/de/privacy,,no,486739,,2026-10-06T18:54:41Z
/de/records,200,de,Messi vs. Ronaldo Records: Das Rennen um 1.000 erzielte Tore | The Rivalry,Karriereübersicht. Überprüfte Grundlinie plus veröffentlichte Spielaktualisierungen. Sehen Sie sich die Abdeckung jeder Statistik und das öffentliche Update-Protokoll an.,https://messivsronaldo17.com/de/records,,yes,517158,,2026-10-06T18:54:41Z
/de/scoring-calculator,200,de,Messi vs Ronaldo Torrechner: Saisons und Torquoten vergleichen | The Rivalry,"Wähle eine Bilanz pro Spieler. Vergleiche Tore bei gleicher Spielzeit oder Einsatzzahl, entdecke Spitzensaisons und teile deine Berechnung.",https://messivsronaldo17.com/de/scoring-calculator,,no,470365,,2026-10-06T18:54:41Z
/de/seasons,200,de,Messi vs. Ronaldo nach Jahr: 2002–2026 Erzielte Tore und Assists | The Rivalry,"Vergleichen Sie jedes Kalenderjahr bis 2026: erzielte Tore, Assists, Minuten, gespielte Spiele und Quoten pro 90 für Vereins-, Länder- und Ligafußball.",https://messivsronaldo17.com/de/seasons,,no,501799,,2026-10-06T18:54:41Z
/de/seasons/2002,200,de,Messi vs Ronaldo 2002: Tore und Statistiken im Kalenderjahr | The Rivalry,"Messi vs Ronaldo 2002: 0 zu 5 Tore, 0 zu 4 Vorlagen. Vergleiche Einsätze, Minuten und Torquoten für Verein und Nationalmannschaft.",https://messivsronaldo17.com/de/seasons/2002,,no,550466,,2026-10-06T18:54:41Z
/de/seasons/2003,200,de,Messi vs Ronaldo 2003: Tore und Statistiken im Kalenderjahr | The Rivalry,"Messi vs Ronaldo 2003: 0 zu 1 Tore, 0 zu 2 Vorlagen. Vergleiche Einsätze, Minuten und Torquoten für Verein und Nationalmannschaft.",https://messivsronaldo17.com/de/seasons/2003,,no,554019,,2026-10-06T18:54:41Z
/de/seasons/2004,200,de,Messi vs Ronaldo 2004: Tore und Statistiken im Kalenderjahr | The Rivalry,"Messi vs Ronaldo 2004: 0 zu 13 Tore, 0 zu 14 Vorlagen. Vergleiche Einsätze, Minuten und Torquoten für Verein und Nationalmannschaft.",https://messivsronaldo17.com/de/seasons/2004,,no,560118,,2026-10-06T18:54:41Z
/de/seasons/2005,200,de,Messi vs Ronaldo 2005: Tore und Statistiken im Kalenderjahr | The Rivalry,"Messi vs Ronaldo 2005: 3 zu 15 Tore, 4 zu 11 Vorlagen. Vergleiche Einsätze, Minuten und Torquoten für Verein und Nationalmannschaft.",https://messivsronaldo17.com/de/seasons/2005,,no,562102,,2026-10-06T18:54:41Z
/de/seasons/2006,200,de,Messi vs Ronaldo 2006: Tore und Statistiken im Kalenderjahr | The Rivalry,"Messi vs Ronaldo 2006: 12 zu 25 Tore, 3 zu 10 Vorlagen. Vergleiche Einsätze, Minuten und Torquoten für Verein und Nationalmannschaft.",https://messivsronaldo17.com/de/seasons/2006,,no,562248,,2026-10-06T18:54:41Z
/de/seasons/2007,200,de,Messi vs Ronaldo 2007: Tore und Statistiken im Kalenderjahr | The Rivalry,"Messi vs Ronaldo 2007: 31 zu 34 Tore, 12 zu 11 Vorlagen. Vergleiche Einsätze, Minuten und Torquoten für Verein und Nationalmannschaft.",https://messivsronaldo17.com/de/seasons/2007,,no,562389,,2026-10-06T18:54:41Z
/de/seasons/2008,200,de,Messi vs Ronaldo 2008: Tore und Statistiken im Kalenderjahr | The Rivalry,"Messi vs Ronaldo 2008: 22 zu 35 Tore, 18 zu 12 Vorlagen. Vergleiche Einsätze, Minuten und Torquoten für Verein und Nationalmannschaft.",https://messivsronaldo17.com/de/seasons/2008,,no,562308,,2026-10-06T18:54:41Z
/de/seasons/2009,200,de,Messi vs Ronaldo 2009: Tore und Statistiken im Kalenderjahr | The Rivalry,"Messi vs Ronaldo 2009: 41 zu 30 Tore, 15 zu 6 Vorlagen. Vergleiche Einsätze, Minuten und Torquoten für Verein und Nationalmannschaft.",https://messivsronaldo17.com/de/seasons/2009,,no,562254,,2026-10-06T18:54:41Z
/de/seasons/2009-10,200,de,Messi gegen Ronaldo 2009/10: Erzielte Tore und Torquoten | The Rivalry,In der La Liga 2009/10 erzielte Messi 34 Tore und Ronaldo erzielte 26. Vergleichen Sie die Zahlen der Liga und Champions League mit Quellen.,https://messivsronaldo17.com/de/seasons/2009-10,,no,493082,,2026-10-06T18:54:41Z
/de/seasons/2010,200,de,Messi vs Ronaldo 2010: Tore und Statistiken im Kalenderjahr | The Rivalry,"Messi vs Ronaldo 2010: 60 zu 48 Tore, 17 zu 18 Vorlagen. Vergleiche Einsätze, Minuten und Torquoten für Verein und Nationalmannschaft.",https://messivsronaldo17.com/de/seasons/2010,,no,562451,,2026-10-06T18:54:41Z
/de/seasons/2010-11,200,de,Messi gegen Ronaldo 2010/11: Erzielte Tore und Torquoten | The Rivalry,In der La Liga 2010/11 erzielte Messi 31 Tore und Ronaldo erzielte 40. Vergleichen Sie die Zahlen der Liga und Champions League mit Quellen.,https://messivsronaldo17.com/de/seasons/2010-11,,no,493218,,2026-10-06T18:54:41Z
/de/seasons/2011,200,de,Messi vs Ronaldo 2011: Tore und Statistiken im Kalenderjahr | The Rivalry,"Messi vs Ronaldo 2011: 59 zu 60 Tore, 37 zu 18 Vorlagen. Vergleiche Einsätze, Minuten und Torquoten für Verein und Nationalmannschaft.",https://messivsronaldo17.com/de/seasons/2011,,no,562656,,2026-10-06T18:54:41Z
/de/seasons/2011-12,200,de,Messi gegen Ronaldo 2011/12: Erzielte Tore und Torquoten | The Rivalry,In der La Liga 2011/12 erzielte Messi 50 Tore und Ronaldo erzielte 46. Vergleichen Sie die Zahlen der Liga und Champions League mit Quellen.,https://messivsronaldo17.com/de/seasons/2011-12,,no,493643,,2026-10-06T18:54:41Z
/de/seasons/2012,200,de,Messi vs Ronaldo 2012: Tore und Statistiken im Kalenderjahr | The Rivalry,"Messi vs Ronaldo 2012: 91 zu 63 Tore, 22 zu 13 Vorlagen. Vergleiche Einsätze, Minuten und Torquoten für Verein und Nationalmannschaft.",https://messivsronaldo17.com/de/seasons/2012,,no,562620,,2026-10-06T18:54:41Z
/de/seasons/2012-13,200,de,Messi gegen Ronaldo 2012/13: Erzielte Tore und Torquoten | The Rivalry,In der La Liga 2012/13 erzielte Messi 46 Tore und Ronaldo erzielte 34. Vergleichen Sie die Zahlen der Liga und Champions League mit Quellen.,https://messivsronaldo17.com/de/seasons/2012-13,,no,493263,,2026-10-06T18:54:41Z
/de/seasons/2013,200,de,Messi vs Ronaldo 2013: Tore und Statistiken im Kalenderjahr | The Rivalry,"Messi vs Ronaldo 2013: 45 zu 69 Tore, 16 zu 15 Vorlagen. Vergleiche Einsätze, Minuten und Torquoten für Verein und Nationalmannschaft.",https://messivsronaldo17.com/de/seasons/2013,,no,562497,,2026-10-06T18:54:41Z
/de/seasons/2013-14,200,de,Messi gegen Ronaldo 2013/14: Erzielte Tore und Torquoten | The Rivalry,In der La Liga 2013/14 erzielte Messi 28 Tore und Ronaldo erzielte 31. Vergleichen Sie die Zahlen der Liga und Champions League mit Quellen.,https://messivsronaldo17.com/de/seasons/2013-14,,no,492236,,2026-10-06T18:54:41Z
/de/seasons/2014,200,de,Messi vs Ronaldo 2014: Tore und Statistiken im Kalenderjahr | The Rivalry,"Messi vs Ronaldo 2014: 58 zu 61 Tore, 21 zu 20 Vorlagen. Vergleiche Einsätze, Minuten und Torquoten für Verein und Nationalmannschaft.",https://messivsronaldo17.com/de/seasons/2014,,no,562314,,2026-10-06T18:54:41Z
/de/seasons/2014-15,200,de,Messi gegen Ronaldo 2014/15: Erzielte Tore und Torquoten | The Rivalry,In der La Liga 2014/15 erzielte Messi 43 Tore und Ronaldo erzielte 48. Vergleichen Sie die Zahlen der Liga und Champions League mit Quellen.,https://messivsronaldo17.com/de/seasons/2014-15,,no,491990,,2026-10-06T18:54:41Z
/de/seasons/2015,200,de,Messi vs Ronaldo 2015: Tore und Statistiken im Kalenderjahr | The Rivalry,"Messi vs Ronaldo 2015: 52 zu 57 Tore, 26 zu 17 Vorlagen. Vergleiche Einsätze, Minuten und Torquoten für Verein und Nationalmannschaft.",https://messivsronaldo17.com/de/seasons/2015,,no,562377,,2026-10-06T18:54:41Z
/de/seasons/2015-16,200,de,Messi gegen Ronaldo 2015/16: Erzielte Tore und Torquoten | The Rivalry,In der La Liga 2015/16 erzielte Messi 26 Tore und Ronaldo erzielte 35. Vergleichen Sie die Zahlen der Liga und Champions League mit Quellen.,https://messivsronaldo17.com/de/seasons/2015-16,,no,493336,,2026-10-06T18:54:41Z
/de/seasons/2016,200,de,Messi vs Ronaldo 2016: Tore und Statistiken im Kalenderjahr | The Rivalry,"Messi vs Ronaldo 2016: 59 zu 55 Tore, 31 zu 16 Vorlagen. Vergleiche Einsätze, Minuten und Torquoten für Verein und Nationalmannschaft.",https://messivsronaldo17.com/de/seasons/2016,,no,562472,,2026-10-06T18:54:41Z
/de/seasons/2016-17,200,de,Messi gegen Ronaldo 2016/17: Erzielte Tore und Torquoten | The Rivalry,In der La Liga 2016/17 erzielte Messi 37 Tore und Ronaldo erzielte 25. Vergleichen Sie die Zahlen der Liga und Champions League mit Quellen.,https://messivsronaldo17.com/de/seasons/2016-17,,no,493316,,2026-10-06T18:54:41Z
/de/seasons/2017,200,de,Messi vs Ronaldo 2017: Tore und Statistiken im Kalenderjahr | The Rivalry,"Messi vs Ronaldo 2017: 54 zu 53 Tore, 16 zu 12 Vorlagen. Vergleiche Einsätze, Minuten und Torquoten für Verein und Nationalmannschaft.",https://messivsronaldo17.com/de/seasons/2017,,no,562523,,2026-10-06T18:54:41Z
/de/seasons/2017-18,200,de,Messi gegen Ronaldo 2017/18: Erzielte Tore und Torquoten | The Rivalry,In der La Liga 2017/18 erzielte Messi 34 Tore und Ronaldo erzielte 26. Vergleichen Sie die Zahlen der Liga und Champions League mit Quellen.,https://messivsronaldo17.com/de/seasons/2017-18,,no,493196,,2026-10-06T18:54:41Z
/de/seasons/2018,200,de,Messi vs Ronaldo 2018: Tore und Statistiken im Kalenderjahr | The Rivalry,"Messi vs Ronaldo 2018: 51 zu 49 Tore, 26 zu 13 Vorlagen. Vergleiche Einsätze, Minuten und Torquoten für Verein und Nationalmannschaft.",https://messivsronaldo17.com/de/seasons/2018,,no,562251,,2026-10-06T18:54:41Z
/de/seasons/2019,200,de,Messi vs Ronaldo 2019: Tore und Statistiken im Kalenderjahr | The Rivalry,"Messi vs Ronaldo 2019: 50 zu 39 Tore, 18 zu 4 Vorlagen. Vergleiche Einsätze, Minuten und Torquoten für Verein und Nationalmannschaft.",https://messivsronaldo17.com/de/seasons/2019,,no,562225,,2026-10-06T18:54:41Z
/de/seasons/2020,200,de,Messi vs Ronaldo 2020: Tore und Statistiken im Kalenderjahr | The Rivalry,"Messi vs Ronaldo 2020: 27 zu 44 Tore, 19 zu 7 Vorlagen. Vergleiche Einsätze, Minuten und Torquoten für Verein und Nationalmannschaft.",https://messivsronaldo17.com/de/seasons/2020,,no,562236,,2026-10-06T18:54:41Z
/de/seasons/2021,200,de,Messi vs Ronaldo 2021: Tore und Statistiken im Kalenderjahr | The Rivalry,"Messi vs Ronaldo 2021: 43 zu 47 Tore, 18 zu 7 Vorlagen. Vergleiche Einsätze, Minuten und Torquoten für Verein und Nationalmannschaft.",https://messivsronaldo17.com/de/seasons/2021,,no,562157,,2026-10-06T18:54:41Z
/de/seasons/2022,200,de,Messi vs Ronaldo 2022: Tore und Statistiken im Kalenderjahr | The Rivalry,"Messi vs Ronaldo 2022: 35 zu 16 Tore, 30 zu 4 Vorlagen. Vergleiche Einsätze, Minuten und Torquoten für Verein und Nationalmannschaft.",https://messivsronaldo17.com/de/seasons/2022,,no,562485,,2026-10-06T18:54:41Z
/de/seasons/2023,200,de,Messi vs Ronaldo 2023: Tore und Statistiken im Kalenderjahr | The Rivalry,"Messi vs Ronaldo 2023: 28 zu 54 Tore, 12 zu 15 Vorlagen. Vergleiche Einsätze, Minuten und Torquoten für Verein und Nationalmannschaft.",https://messivsronaldo17.com/de/seasons/2023,,no,562600,,2026-10-06T18:54:41Z
/de/seasons/2024,200,de,Messi vs Ronaldo 2024: Tore und Statistiken im Kalenderjahr | The Rivalry,"Messi vs Ronaldo 2024: 29 zu 43 Tore, 18 zu 7 Vorlagen. Vergleiche Einsätze, Minuten und Torquoten für Verein und Nationalmannschaft.",https://messivsronaldo17.com/de/seasons/2024,,no,562494,,2026-10-06T18:54:41Z
/de/seasons/2025,200,de,Messi vs Ronaldo 2025: Tore und Statistiken im Kalenderjahr | The Rivalry,"Messi vs Ronaldo 2025: 46 zu 41 Tore, 28 zu 4 Vorlagen. Vergleiche Einsätze, Minuten und Torquoten für Verein und Nationalmannschaft.",https://messivsronaldo17.com/de/seasons/2025,,no,562331,,2026-10-06T18:54:41Z
/de/seasons/2026,200,de,Messi vs Ronaldo 2026: Tore und Statistiken im Kalenderjahr | The Rivalry,"Messi vs Ronaldo 2026: 35 zu 22 Tore, 17 zu 1 Vorlagen. Jahr bis heute bis 27. September 2026.",https://messivsronaldo17.com/de/seasons/2026,,no,559664,,2026-10-06T18:54:41Z
/de/sitemap,200,de,Sitemap | The Rivalry,"Durchsuchen Sie alle Messi vs. Ronaldo-Vergleiche, Spielerprofile, Kalenderjahre, Artikel und Website-Richtlinien zu The Rivalry.",https://messivsronaldo17.com/de/sitemap,,no,570118,,2026-10-06T18:54:41Z
/de/terms,200,de,Nutzungsbedingungen | The Rivalry,Die Nutzungsbedingungen für unsere Vergleiche und Artikel auf messivsronaldo17.com.,https://messivsronaldo17.com/de/terms,,no,464829,,2026-10-06T18:54:41Z
/de/tools,200,de,Messi vs Ronaldo: interaktive Tools und Fußballspiele | The Rivalry,"Teste dein Fußballwissen, entdecke Karriereverläufe und erstelle eigene Torszenarien. Eigene Tools auf Basis der Statistiken.",https://messivsronaldo17.com/de/tools,,no,458277,,2026-10-06T18:54:41Z
/de/uefa-awards,200,de,Messi vs Ronaldo: UEFA-Auszeichnungen | The Rivalry,Vergleiche die UEFA-Auszeichnungen zum Spieler des Jahres und die Siegersaisons von Messi und Ronaldo.,https://messivsronaldo17.com/de/uefa-awards,,no,495668,,2026-10-06T18:54:41Z
/de/updates,200,de,Veröffentlichte Spielaktualisierungen | The Rivalry,"Datierte Spielaufzeichnungen von Messi und Ronaldo, hinzugefügt nach der überprüften Grundlinie, mit Quellen und Hinweisen zur Berichterstattung.",https://messivsronaldo17.com/de/updates,,no,451259,,2026-10-06T18:54:41Z
/de/vote,200,de,Fan-Abstimmung: Messi gegen Ronaldo | The Rivalry,Wähle deinen Lieblingsspieler und sieh dir das Ergebnis an. Eine Stimme pro Browser; Startwerte und Besucherstimmen werden getrennt angezeigt.,https://messivsronaldo17.com/de/vote,,no,455804,,2026-10-06T18:54:41Z
/de/world-cup,200,de,Messi vs. Ronaldo Erzielte Tore und Assists bei der Weltmeisterschaft – 2026 | The Rivalry,WM-Finale. Überprüfte Grundlinie plus veröffentlichte Spielaktualisierungen. Sehen Sie sich die Abdeckung jeder Statistik und das öffentliche Update-Protokoll an.,https://messivsronaldo17.com/de/world-cup,,no,504401,,2026-10-06T18:54:41Z
/disclaimer,200,en,Editorial & Data Disclaimer | The Rivalry,"How to interpret our figures, photography and relationship to the people in the comparison.",https://messivsronaldo17.com/disclaimer,,no,250083,,2026-10-06T18:54:41Z
/es,200,es,"Messi vs Ronaldo: estadísticas, goles y trofeos de carrera","Compara goles, asistencias, trofeos y promedios de Messi y Ronaldo. Explora sus registros en clubes, Mundiales y Champions League. Datos hasta el 27 de septiembre de 2026.",https://messivsronaldo17.com/es,,no,559252,,2026-10-06T18:54:41Z
/es/2026,200,es,"Messi vs Ronaldo 2026 Goles marcados, Asistencias y Estadísticas | The Rivalry","Goals, assists, appearances and playing minutes from 1 January 2026. Actualizado 27 de septiembre de 2026. The year is still in progress.",https://messivsronaldo17.com/es/2026,,no,505865,,2026-10-06T18:54:41Z
/es/about,200,es,Acerca de la rivalidad | The Rivalry,Dos carreras extraordinarias merecen más que una discusión sobre un solo número.,https://messivsronaldo17.com/es/about,,no,459529,,2026-10-06T18:54:41Z
/es/accessibility,200,es,Declaración de accesibilidad | The Rivalry,Cómo admitimos la navegación accesible y cómo describir un problema cuando algo se interpone en el camino.,https://messivsronaldo17.com/es/accessibility,,no,457658,,2026-10-06T18:54:41Z
/es/answers,200,es,"Messi vs Ronaldo: goles, récords y respuestas rápidas | The Rivalry","Encuentra respuestas fechadas sobre los goles, asistencias, partidos y récords goleadores de Messi y Ronaldo, con fuentes y criterios de recuento.",https://messivsronaldo17.com/es/answers,,no,474223,,2026-10-06T18:54:41Z
/es/assists,200,es,Messi vs Ronaldo Asistencias profesionales y contribuciones de goles | The Rivalry,Resumen de carrera. Línea de base revisada y actualizaciones de partidos publicadas. Vea la cobertura de cada estadística y el registro público de actualizaciones.,https://messivsronaldo17.com/es/assists,,yes,514865,,2026-10-06T18:54:41Z
/es/ballon-dor,200,es,Messi vs Ronaldo: Balón de Oro | The Rivalry,"Compara los Balones de Oro, los años ganadores y la evolución del premio de Messi y Ronaldo.",https://messivsronaldo17.com/es/ballon-dor,,no,516081,,2026-10-06T18:54:41Z
/es/career-timeline,200,es,Cronología de Messi vs Ronaldo: goles y asistencias interactivos | The Rivalry,"Elige un intervalo de años, alterna entre goles y asistencias y explora cómo se comparan ambas carreras con el tiempo.",https://messivsronaldo17.com/es/career-timeline,,no,461629,,2026-10-06T18:54:41Z
/es/champions-league,200,es,Messi vs Ronaldo Liga de Campeones Goles marcados y asistencias | The Rivalry,Liga de Campeones. Línea de base revisada y actualizaciones de partidos publicadas. Vea la cobertura de cada estadística y el registro público de actualizaciones.,https://messivsronaldo17.com/es/champions-league,,no,509402,,2026-10-06T18:54:41Z
/es/club-stats,200,es,Messi vs Ronaldo: goles y estadísticas por temporada de clubes | The Rivalry,"Compara a Messi y Ronaldo por temporada de clubes, de 2002/2003 a 2026/2027: goles, asistencias, partidos, minutos y promedios goleadores.",https://messivsronaldo17.com/es/club-stats,,no,480411,,2026-10-06T18:54:41Z
/es/club-stats/2002-2003,200,es,Messi vs Ronaldo 2002/2003: goles y estadísticas de la temporada | The Rivalry,"Temporada de clubes 2002/2003: Messi, 0 goles y 0 asistencias; Ronaldo, 5 goles y 4 asistencias. Compara partidos, minutos y promedios goleadores.",https://messivsronaldo17.com/es/club-stats/2002-2003,,no,505207,,2026-10-06T18:54:41Z
/es/club-stats/2003-2004,200,es,Messi vs Ronaldo 2003/2004: goles y estadísticas de la temporada | The Rivalry,"Temporada de clubes 2003/2004: Messi, 0 goles y 0 asistencias; Ronaldo, 6 goles y 6 asistencias. Compara partidos, minutos y promedios goleadores.",https://messivsronaldo17.com/es/club-stats/2003-2004,,no,507810,,2026-10-06T18:54:41Z
/es/club-stats/2004-2005,200,es,Messi vs Ronaldo 2004/2005: goles y estadísticas de la temporada | The Rivalry,"Temporada de clubes 2004/2005: Messi, 1 goles y 0 asistencias; Ronaldo, 9 goles y 8 asistencias. Compara partidos, minutos y promedios goleadores.",https://messivsronaldo17.com/es/club-stats/2004-2005,,no,510560,,2026-10-06T18:54:41Z
/es/club-stats/2005-2006,200,es,Messi vs Ronaldo 2005/2006: goles y estadísticas de la temporada | The Rivalry,"Temporada de clubes 2005/2006: Messi, 8 goles y 3 asistencias; Ronaldo, 12 goles y 8 asistencias. Compara partidos, minutos y promedios goleadores.",https://messivsronaldo17.com/es/club-stats/2005-2006,,no,510404,,2026-10-06T18:54:41Z
/es/club-stats/2006-2007,200,es,Messi vs Ronaldo 2006/2007: goles y estadísticas de la temporada | The Rivalry,"Temporada de clubes 2006/2007: Messi, 17 goles y 3 asistencias; Ronaldo, 23 goles y 14 asistencias. Compara partidos, minutos y promedios goleadores.",https://messivsronaldo17.com/es/club-stats/2006-2007,,no,510436,,2026-10-06T18:54:41Z
/es/club-stats/2007-2008,200,es,Messi vs Ronaldo 2007/2008: goles y estadísticas de la temporada | The Rivalry,"Temporada de clubes 2007/2008: Messi, 16 goles y 13 asistencias; Ronaldo, 42 goles y 7 asistencias. Compara partidos, minutos y promedios goleadores.",https://messivsronaldo17.com/es/club-stats/2007-2008,,no,510430,,2026-10-06T18:54:41Z
/es/club-stats/2008-2009,200,es,Messi vs Ronaldo 2008/2009: goles y estadísticas de la temporada | The Rivalry,"Temporada de clubes 2008/2009: Messi, 38 goles y 17 asistencias; Ronaldo, 26 goles y 9 asistencias. Compara partidos, minutos y promedios goleadores.",https://messivsronaldo17.com/es/club-stats/2008-2009,,no,510384,,2026-10-06T18:54:41Z
/es/club-stats/2009-2010,200,es,Messi vs Ronaldo 2009/2010: goles y estadísticas de la temporada | The Rivalry,"Temporada de clubes 2009/2010: Messi, 47 goles y 11 asistencias; Ronaldo, 33 goles y 8 asistencias. Compara partidos, minutos y promedios goleadores.",https://messivsronaldo17.com/es/club-stats/2009-2010,,no,510577,,2026-10-06T18:54:41Z
/es/club-stats/2010-2011,200,es,Messi vs Ronaldo 2010/2011: goles y estadísticas de la temporada | The Rivalry,"Temporada de clubes 2010/2011: Messi, 53 goles y 23 asistencias; Ronaldo, 53 goles y 16 asistencias. Compara partidos, minutos y promedios goleadores.",https://messivsronaldo17.com/es/club-stats/2010-2011,,no,510587,,2026-10-06T18:54:41Z
/es/club-stats/2011-2012,200,es,Messi vs Ronaldo 2011/2012: goles y estadísticas de la temporada | The Rivalry,"Temporada de clubes 2011/2012: Messi, 73 goles y 30 asistencias; Ronaldo, 60 goles y 15 asistencias. Compara partidos, minutos y promedios goleadores.",https://messivsronaldo17.com/es/club-stats/2011-2012,,no,510533,,2026-10-06T18:54:41Z
/es/club-stats/2012-2013,200,es,Messi vs Ronaldo 2012/2013: goles y estadísticas de la temporada | The Rivalry,"Temporada de clubes 2012/2013: Messi, 60 goles y 15 asistencias; Ronaldo, 55 goles y 12 asistencias. Compara partidos, minutos y promedios goleadores.",https://messivsronaldo17.com/es/club-stats/2012-2013,,no,510574,,2026-10-06T18:54:41Z
/es/club-stats/2013-2014,200,es,Messi vs Ronaldo 2013/2014: goles y estadísticas de la temporada | The Rivalry,"Temporada de clubes 2013/2014: Messi, 41 goles y 14 asistencias; Ronaldo, 51 goles y 14 asistencias. Compara partidos, minutos y promedios goleadores.",https://messivsronaldo17.com/es/club-stats/2013-2014,,no,510571,,2026-10-06T18:54:41Z
/es/club-stats/2014-2015,200,es,Messi vs Ronaldo 2014/2015: goles y estadísticas de la temporada | The Rivalry,"Temporada de clubes 2014/2015: Messi, 58 goles y 27 asistencias; Ronaldo, 61 goles y 21 asistencias. Compara partidos, minutos y promedios goleadores.",https://messivsronaldo17.com/es/club-stats/2014-2015,,no,510567,,2026-10-06T18:54:41Z
/es/club-stats/2015-2016,200,es,Messi vs Ronaldo 2015/2016: goles y estadísticas de la temporada | The Rivalry,"Temporada de clubes 2015/2016: Messi, 41 goles y 23 asistencias; Ronaldo, 51 goles y 15 asistencias. Compara partidos, minutos y promedios goleadores.",https://messivsronaldo17.com/es/club-stats/2015-2016,,no,510665,,2026-10-06T18:54:41Z
/es/club-stats/2016-2017,200,es,Messi vs Ronaldo 2016/2017: goles y estadísticas de la temporada | The Rivalry,"Temporada de clubes 2016/2017: Messi, 54 goles y 16 asistencias; Ronaldo, 42 goles y 11 asistencias. Compara partidos, minutos y promedios goleadores.",https://messivsronaldo17.com/es/club-stats/2016-2017,,no,510500,,2026-10-06T18:54:41Z
/es/club-stats/2017-2018,200,es,Messi vs Ronaldo 2017/2018: goles y estadísticas de la temporada | The Rivalry,"Temporada de clubes 2017/2018: Messi, 45 goles y 18 asistencias; Ronaldo, 44 goles y 8 asistencias. Compara partidos, minutos y promedios goleadores.",https://messivsronaldo17.com/es/club-stats/2017-2018,,no,510583,,2026-10-06T18:54:41Z
/es/club-stats/2018-2019,200,es,Messi vs Ronaldo 2018/2019: goles y estadísticas de la temporada | The Rivalry,"Temporada de clubes 2018/2019: Messi, 51 goles y 19 asistencias; Ronaldo, 28 goles y 10 asistencias. Compara partidos, minutos y promedios goleadores.",https://messivsronaldo17.com/es/club-stats/2018-2019,,no,510443,,2026-10-06T18:54:41Z
/es/club-stats/2019-2020,200,es,Messi vs Ronaldo 2019/2020: goles y estadísticas de la temporada | The Rivalry,"Temporada de clubes 2019/2020: Messi, 31 goles y 25 asistencias; Ronaldo, 37 goles y 5 asistencias. Compara partidos, minutos y promedios goleadores.",https://messivsronaldo17.com/es/club-stats/2019-2020,,no,510430,,2026-10-06T18:54:41Z
/es/club-stats/2020-2021,200,es,Messi vs Ronaldo 2020/2021: goles y estadísticas de la temporada | The Rivalry,"Temporada de clubes 2020/2021: Messi, 38 goles y 12 asistencias; Ronaldo, 36 goles y 5 asistencias. Compara partidos, minutos y promedios goleadores.",https://messivsronaldo17.com/es/club-stats/2020-2021,,no,510417,,2026-10-06T18:54:41Z
/es/club-stats/2021-2022,200,es,Messi vs Ronaldo 2021/2022: goles y estadísticas de la temporada | The Rivalry,"Temporada de clubes 2021/2022: Messi, 11 goles y 14 asistencias; Ronaldo, 24 goles y 3 asistencias. Compara partidos, minutos y promedios goleadores.",https://messivsronaldo17.com/es/club-stats/2021-2022,,no,510444,,2026-10-06T18:54:41Z
/es/club-stats/2022-2023,200,es,Messi vs Ronaldo 2022/2023: goles y estadísticas de la temporada | The Rivalry,"Temporada de clubes 2022/2023: Messi, 21 goles y 20 asistencias; Ronaldo, 17 goles y 4 asistencias. Compara partidos, minutos y promedios goleadores.",https://messivsronaldo17.com/es/club-stats/2022-2023,,no,510408,,2026-10-06T18:54:41Z
/es/club-stats/2023-2024,200,es,Messi vs Ronaldo 2023/2024: goles y estadísticas de la temporada | The Rivalry,"Temporada de clubes 2023/2024: Messi, 25 goles y 16 asistencias; Ronaldo, 50 goles y 13 asistencias. Compara partidos, minutos y promedios goleadores.",https://messivsronaldo17.com/es/club-stats/2023-2024,,no,508205,,2026-10-06T18:54:41Z
/es/club-stats/2024-2025,200,es,Messi vs Ronaldo 2024/2025: goles y estadísticas de la temporada | The Rivalry,"Temporada de clubes 2024/2025: Messi, 33 goles y 9 asistencias; Ronaldo, 35 goles y 4 asistencias. Compara partidos, minutos y promedios goleadores.",https://messivsronaldo17.com/es/club-stats/2024-2025,,no,510672,,2026-10-06T18:54:41Z
/es/club-stats/2025-2026,200,es,Messi vs Ronaldo 2025/2026: goles y estadísticas de la temporada | The Rivalry,"Temporada de clubes 2025/2026: Messi, 32 goles y 25 asistencias; Ronaldo, 30 goles y 4 asistencias. Compara partidos, minutos y promedios goleadores.",https://messivsronaldo17.com/es/club-stats/2025-2026,,no,510721,,2026-10-06T18:54:41Z
/es/club-stats/2026-2027,200,es,Messi vs Ronaldo 2026/2027: goles y estadísticas de la temporada | The Rivalry,"Temporada de clubes 2026/2027: Messi, 12 goles y 6 asistencias; Ronaldo, 3 goles y 0 asistencias. Compara partidos, minutos y promedios goleadores. En curso; fuente revisada el 29 de septiembre de 2026.",https://messivsronaldo17.com/es/club-stats/2026-2027,,no,509357,,2026-10-06T18:54:41Z
/es/clubs,200,es,"Estadísticas del club Messi y Ronaldo: Inter Miami, Al Nassr y más | The Rivalry",Inter Miami / Al Nassr. Línea de base revisada y actualizaciones de partidos publicadas. Vea la cobertura de cada estadística y el registro público de actualizaciones.,https://messivsronaldo17.com/es/clubs,,no,538381,,2026-10-06T18:54:41Z
/es/compare,200,es,Explorador comparativo de Messi y Ronaldo | The Rivalry,Resumen de carrera. Línea de base revisada y actualizaciones de partidos publicadas. Vea la cobertura de cada estadística y el registro público de actualizaciones.,https://messivsronaldo17.com/es/compare,,yes,512809,,2026-10-06T18:54:41Z
/es/comparison-posters,200,es,Pósteres comparativos de Messi vs Ronaldo | The Rivalry,"Crea tu propio póster de Messi vs Ronaldo con nuestras estadísticas publicadas. Elige una competición, personaliza el diseño y compártelo con un enlace al sitio web.",https://messivsronaldo17.com/es/comparison-posters,,no,467194,,2026-10-06T18:54:41Z
/es/contact,200,es,Contacto y soporte | The Rivalry,"Envía consultas, correcciones estadísticas, solicitudes de privacidad, problemas de accesibilidad o cuestiones sobre derechos de imagen a The Rivalry.",https://messivsronaldo17.com/es/contact,,no,454867,,2026-10-06T18:54:41Z
/es/cookies,200,es,Política de cookies | The Rivalry,Un breve inventario del almacenamiento utilizado en esta edición del sitio web.,https://messivsronaldo17.com/es/cookies,,no,462643,,2026-10-06T18:54:41Z
/es/copa-america-vs-euros,200,es,Messi Copa América vs Ronaldo Euros: Goles marcados y estadísticas | The Rivalry,Copa América / Euros. Línea de base revisada y actualizaciones de partidos publicadas. Vea la cobertura de cada estadística y el registro público de actualizaciones.,https://messivsronaldo17.com/es/copa-america-vs-euros,,no,507473,,2026-10-06T18:54:41Z
/es/credits,200,es,Créditos y licencias de fotografía | The Rivalry,"Créditos por los retratos de los jugadores, los íconos y las fuentes alojadas localmente utilizadas en The Rivalry.",https://messivsronaldo17.com/es/credits,,no,461235,,2026-10-06T18:54:41Z
/es/disclaimer,200,es,Descargo de responsabilidad editorial y de datos | The Rivalry,"Cómo interpretar nuestras figuras, fotografía y relación con las personas en la comparación.",https://messivsronaldo17.com/es/disclaimer,,no,459919,,2026-10-06T18:54:41Z
/es/european-clubs,200,es,Messi vs Ronaldo Carrera del Club Europeo Goles marcados y asistencias | The Rivalry,clubes europeos. Línea de base revisada y actualizaciones de partidos publicadas. Vea la cobertura de cada estadística y el registro público de actualizaciones.,https://messivsronaldo17.com/es/european-clubs,,no,507225,,2026-10-06T18:54:41Z
/es/fifa-awards,200,es,Messi vs Ronaldo: Premios FIFA | The Rivalry,Compara las victorias y ediciones del premio The Best al Jugador de la FIFA de Messi y Ronaldo.,https://messivsronaldo17.com/es/fifa-awards,,no,494961,,2026-10-06T18:54:41Z
/es/football-quiz,200,es,Quiz de estadísticas Messi vs Ronaldo: pon a prueba tus conocimientos | The Rivalry,"Ocho preguntas. Dos carreras extraordinarias. Elige al jugador, descubre las cifras y consulta tu puntuación.",https://messivsronaldo17.com/es/football-quiz,,no,451359,,2026-10-06T18:54:41Z
/es/free-kicks,200,es,Messi vs Ronaldo: goles de falta en su carrera | The Rivalry,"Goles de falta directa: Messi 76, Ronaldo 65. Compara los totales y consulta qué cuenta como gol de falta. Actualizado 27 de septiembre de 2026.",https://messivsronaldo17.com/es/free-kicks,,no,519973,,2026-10-06T18:54:41Z
/es/glossary,200,es,"Glosario de Estadísticas de Fútbol: Goles, Asistencias y Promedios | The Rivalry","¿Qué cuenta como gol, asistencia, partido jugado o hat-trick? Consulta las definiciones, las fórmulas de rendimiento goleador y las reglas de recuento de nuestras comparaciones entre Messi y Ronaldo.",https://messivsronaldo17.com/es/glossary,,no,488698,,2026-10-06T18:54:41Z
/es/goals,200,es,Goles profesionales de Messi vs Ronaldo marcados - Actualizado en 2026 | The Rivalry,"Messi suma 931 goles en su carrera y Ronaldo, 979. Compara goles con clubes y selecciones, partidos y promedios. Actualizado 27 de septiembre de 2026.",https://messivsronaldo17.com/es/goals,,no,512829,,2026-10-06T18:54:41Z
/es/golden-boots,200,es,Messi vs Ronaldo: Botas de Oro | The Rivalry,Compara las Botas de Oro europeas de Messi y Ronaldo y las temporadas de liga en las que las ganaron.,https://messivsronaldo17.com/es/golden-boots,,no,511217,,2026-10-06T18:54:41Z
/es/hat-tricks,200,es,Messi vs Ronaldo Hat-Tricks y récords de puntuación en su carrera | The Rivalry,Resumen de carrera. Línea de base revisada y actualizaciones de partidos publicadas. Vea la cobertura de cada estadística y el registro público de actualizaciones.,https://messivsronaldo17.com/es/hat-tricks,,yes,521150,,2026-10-06T18:54:41Z
/es/head-to-head,200,es,Messi vs Ronaldo cara a cara: Goles marcados en Encuentros Directos | The Rivalry,Reuniones directas. Línea de base revisada y actualizaciones de partidos publicadas. Vea la cobertura de cada estadística y el registro público de actualizaciones.,https://messivsronaldo17.com/es/head-to-head,,no,505795,,2026-10-06T18:54:41Z
/es/honours,200,es,Trofeos Messi vs Ronaldo y premios Balón de Oro — 2026 | The Rivalry,"Messi: 49 títulos colectivos. Ronaldo: 37. Compara la lista de títulos, los criterios y los premios individuales por separado. Hasta 21 de septiembre de 2026.",https://messivsronaldo17.com/es/honours,,no,501033,,2026-10-06T18:54:41Z
/es/insights,200,es,"Análisis de fútbol: Balón de Oro, récords y estadísticas | The Rivalry","Explora los candidatos al Balón de Oro 2026, sus estadísticas verificadas y los récords de Messi y Ronaldo con fuentes y comparaciones interactivas.",https://messivsronaldo17.com/es/insights,,no,466937,,2026-10-06T18:54:41Z
/es/insights/ballon-dor-2026-contenders-stats,200,es,"Candidatos al Balón de Oro 2026: goles, desequilibrio y control del partido | The Rivalry","Kane, Mbappé, Kvaratskhelia, Yamal y Rodri ofrecen argumentos diferentes. Una comparación táctica de sus funciones, las cifras publicadas y los partidos decisivos.",https://messivsronaldo17.com/es/insights/ballon-dor-2026-contenders-stats,,no,544247,,2026-10-06T18:54:41Z
/es/insights/ballon-dor-2026-date-voting-rules,200,es,"Balón de Oro 2026: fecha, votación y cómo juzgar funciones diferentes | The Rivalry","La ceremonia del 26 de octubre, el periodo de referencia y las reglas del jurado, junto a una guía táctica para comparar goleadores, extremos y centrocampistas.",https://messivsronaldo17.com/es/insights/ballon-dor-2026-date-voting-rules,,no,533780,,2026-10-06T18:54:41Z
/es/insights/kane-vs-mbappe-ballon-dor-2026-stats,200,es,Kane contra Mbappé en 2026: conectar el ataque o amenazar su siguiente espacio | The Rivalry,"Los registros goleadores, los movimientos y el apoyo colectivo que explican dos candidaturas al Balón de Oro, con los ejemplos históricos separados de la temporada evaluada.",https://messivsronaldo17.com/es/insights/kane-vs-mbappe-ballon-dor-2026-stats,,no,540917,,2026-10-06T18:54:41Z
/es/insights/messi-2011-12-vs-ronaldo-2013-14-champions-league,200,es,Los 14 de Messi y los 17 de Cristiano: dos grandes Champions ante la incertidumbre | The Rivalry,"Once apariciones cada uno, dos caminos diferentes hacia el gol y una competición que puede decidirse en una acción ajena a su máximo goleador.",https://messivsronaldo17.com/es/insights/messi-2011-12-vs-ronaldo-2013-14-champions-league,,no,534985,,2026-10-06T18:54:41Z
/es/insights/messi-2011-12-vs-ronaldo-2014-15-la-liga,200,es,Los 50 de Messi y los 48 de Cristiano: temporadas goleadoras sin título de Liga | The Rivalry,Dos registros extraordinarios en campañas distintas y una pregunta colectiva: cómo puede un ataque producir tantos goles para su figura y quedarse sin campeonato.,https://messivsronaldo17.com/es/insights/messi-2011-12-vs-ronaldo-2014-15-la-liga,,no,533783,,2026-10-06T18:54:41Z
/es/insights/messi-2012-vs-ronaldo-2013-goals,200,es,"Los 91 de Messi y los 69 de Cristiano: dos años históricos, dos ataques distintos | The Rivalry","Las posiciones, las asociaciones y los partidos que explican el 2012 de Messi y el 2013 de Cristiano Ronaldo, más allá de enfrentar sus totales goleadores.",https://messivsronaldo17.com/es/insights/messi-2012-vs-ronaldo-2013-goals,,no,531734,,2026-10-06T18:54:41Z
/es/insights/messi-goals-2009,200,es,Messi en 2009: sus 41 goles y la revolución que los hizo posibles | The Rivalry,"Por qué Messi suma 41 goles en el año 2009 y 38 en la temporada 2008/09: el falso nueve, el 2–6 del Bernabéu y el cabezazo de Roma explicados.",https://messivsronaldo17.com/es/insights/messi-goals-2009,,no,506585,,2026-10-06T18:54:41Z
/es/insights/totals-vs-scoring-rates,200,es,Messi y Cristiano: por qué los goles por partido cambian según lo que dividimos | The Rivalry,"Totales, goles por aparición y goles por noventa minutos: una lectura táctica de las medias goleadoras a través de grandes eliminatorias europeas.",https://messivsronaldo17.com/es/insights/totals-vs-scoring-rates,,no,528399,,2026-10-06T18:54:41Z
/es/insights/what-counts-as-a-career-goal,200,es,"Qué cuenta como gol en una carrera: Messi, Cristiano y el fútbol que hay detrás del récord | The Rivalry",De los penaltis de un Mundial a los remates de cabeza en Champions: cómo se cuentan los goles y qué parte del trabajo de un delantero queda fuera del total.,https://messivsronaldo17.com/es/insights/what-counts-as-a-career-goal,,no,530560,,2026-10-06T18:54:41Z
/es/insights/why-assist-totals-differ,200,es,"Messi, Cristiano y las asistencias: todo lo que el último pase no explica | The Rivalry","Por qué discrepan los totales de asistencias y qué revelan Barcelona, Real Madrid y Argentina sobre la creación de ocasiones más allá del último toque.",https://messivsronaldo17.com/es/insights/why-assist-totals-differ,,no,529144,,2026-10-06T18:54:41Z
/es/international,200,es,Messi vs Ronaldo Internacional Goles marcados y asistencias — 2026 | The Rivalry,Fútbol internacional. Línea de base revisada y actualizaciones de partidos publicadas. Vea la cobertura de cada estadística y el registro público de actualizaciones.,https://messivsronaldo17.com/es/international,,no,512612,,2026-10-06T18:54:41Z
/es/la-liga,200,es,Messi vs Ronaldo La Liga Goles marcados y tasas de puntuación | The Rivalry,"Messi marcó 474 goles en La Liga en 520 partidos; Ronaldo, 311 en 292. Compara los totales y los goles por partido.",https://messivsronaldo17.com/es/la-liga,,no,506719,,2026-10-06T18:54:41Z
/es/league,200,es,Goles de Liga Messi vs Ronaldo marcados en todos los clubes | The Rivalry,Carreras en ligas nacionales. Línea de base revisada y actualizaciones de partidos publicadas. Vea la cobertura de cada estadística y el registro público de actualizaciones.,https://messivsronaldo17.com/es/league,,no,512441,,2026-10-06T18:54:41Z
/es/man-of-the-match,200,es,Messi vs Ronaldo: Jugador del partido | The Rivalry,Compara las elecciones de jugador del partido de WhoScored en ligas europeas y la Champions League desde 2009/10.,https://messivsronaldo17.com/es/man-of-the-match,,no,483953,,2026-10-06T18:54:41Z
/es/methodology,200,es,"Fuentes de datos, definiciones y metodología | The Rivalry",Lo que contamos. De dónde viene. Lo que no sabemos. Los detalles que hacen que valga la pena leer los números.,https://messivsronaldo17.com/es/methodology,,no,544728,,2026-10-06T18:54:41Z
/es/milestone-planner,200,es,Calculadora de hitos goleadores de Messi vs Ronaldo | The Rivalry,Fija un objetivo de goles y un ritmo para cada jugador. Consulta los partidos necesarios según tus supuestos y los totales publicados.,https://messivsronaldo17.com/es/milestone-planner,,no,457684,,2026-10-06T18:54:41Z
/es/penalties,200,es,"Penaltis Messi vs Ronaldo: anotados, fallados y conversión | The Rivalry",Resumen de carrera. Línea de base revisada y actualizaciones de partidos publicadas. Vea la cobertura de cada estadística y el registro público de actualizaciones.,https://messivsronaldo17.com/es/penalties,,yes,521177,,2026-10-06T18:54:41Z
/es/players/messi,200,es,"Lionel Messi: Goles marcados, estadísticas y premios — 2026 | The Rivalry","Lionel Messi obtuvo estadísticas de carrera hasta 27 de septiembre de 2026, con récords de la Liga de Campeones y La Liga y premios individuales.",https://messivsronaldo17.com/es/players/messi,,no,504743,,2026-10-06T18:54:41Z
/es/players/ronaldo,200,es,"Cristiano Ronaldo: Goles marcados, estadísticas y premios — 2026 | The Rivalry","Cristiano Ronaldo obtuvo estadísticas de carrera hasta 27 de septiembre de 2026, con récords de la Liga de Campeones y La Liga y premios individuales.",https://messivsronaldo17.com/es/players/ronaldo,,no,512119,,2026-10-06T18:54:41Z
/es/privacy,200,es,Política de privacidad | The Rivalry,"Qué almacena The Rivalry, por qué se utiliza y las opciones disponibles para los visitantes.",https://messivsronaldo17.com/es/privacy,,no,487601,,2026-10-06T18:54:41Z
/es/records,200,es,Récords Messi vs Ronaldo: La carrera hacia los 1.000 goles marcados | The Rivalry,Resumen de carrera. Línea de base revisada y actualizaciones de partidos publicadas. Vea la cobertura de cada estadística y el registro público de actualizaciones.,https://messivsronaldo17.com/es/records,,yes,518642,,2026-10-06T18:54:41Z
/es/scoring-calculator,200,es,Calculadora Messi vs Ronaldo: compara temporadas y promedios | The Rivalry,"Elige un registro para cada jugador. Compara sus goles con los mismos minutos o partidos, explora sus mejores temporadas y comparte el cálculo.",https://messivsronaldo17.com/es/scoring-calculator,,no,471585,,2026-10-06T18:54:41Z
/es/seasons,200,es,Messi vs Ronaldo por año: 2002-2026 Goles marcados y asistencias | The Rivalry,"Compare cada año calendario hasta 2026: goles marcados, asistencias, minutos, partidos jugados y tasas por 90 para clubes, países y ligas de fútbol.",https://messivsronaldo17.com/es/seasons,,no,503599,,2026-10-06T18:54:41Z
/es/seasons/2002,200,es,Messi vs Ronaldo 2002: goles y estadísticas del año natural | The Rivalry,"Messi vs Ronaldo en 2002: 0 vs 5 goles, 0 vs 4 asistencias. Compara partidos, minutos y promedios goleadores con clubes y selecciones.",https://messivsronaldo17.com/es/seasons/2002,,no,551625,,2026-10-06T18:54:41Z
/es/seasons/2003,200,es,Messi vs Ronaldo 2003: goles y estadísticas del año natural | The Rivalry,"Messi vs Ronaldo en 2003: 0 vs 1 goles, 0 vs 2 asistencias. Compara partidos, minutos y promedios goleadores con clubes y selecciones.",https://messivsronaldo17.com/es/seasons/2003,,no,555099,,2026-10-06T18:54:41Z
/es/seasons/2004,200,es,Messi vs Ronaldo 2004: goles y estadísticas del año natural | The Rivalry,"Messi vs Ronaldo en 2004: 0 vs 13 goles, 0 vs 14 asistencias. Compara partidos, minutos y promedios goleadores con clubes y selecciones.",https://messivsronaldo17.com/es/seasons/2004,,no,561037,,2026-10-06T18:54:41Z
/es/seasons/2005,200,es,Messi vs Ronaldo 2005: goles y estadísticas del año natural | The Rivalry,"Messi vs Ronaldo en 2005: 3 vs 15 goles, 4 vs 11 asistencias. Compara partidos, minutos y promedios goleadores con clubes y selecciones.",https://messivsronaldo17.com/es/seasons/2005,,no,563049,,2026-10-06T18:54:41Z
/es/seasons/2006,200,es,Messi vs Ronaldo 2006: goles y estadísticas del año natural | The Rivalry,"Messi vs Ronaldo en 2006: 12 vs 25 goles, 3 vs 10 asistencias. Compara partidos, minutos y promedios goleadores con clubes y selecciones.",https://messivsronaldo17.com/es/seasons/2006,,no,563356,,2026-10-06T18:54:41Z
/es/seasons/2007,200,es,Messi vs Ronaldo 2007: goles y estadísticas del año natural | The Rivalry,"Messi vs Ronaldo en 2007: 31 vs 34 goles, 12 vs 11 asistencias. Compara partidos, minutos y promedios goleadores con clubes y selecciones.",https://messivsronaldo17.com/es/seasons/2007,,no,563274,,2026-10-06T18:54:41Z
/es/seasons/2008,200,es,Messi vs Ronaldo 2008: goles y estadísticas del año natural | The Rivalry,"Messi vs Ronaldo en 2008: 22 vs 35 goles, 18 vs 12 asistencias. Compara partidos, minutos y promedios goleadores con clubes y selecciones.",https://messivsronaldo17.com/es/seasons/2008,,no,563225,,2026-10-06T18:54:41Z
/es/seasons/2009,200,es,Messi vs Ronaldo 2009: goles y estadísticas del año natural | The Rivalry,"Messi vs Ronaldo en 2009: 41 vs 30 goles, 15 vs 6 asistencias. Compara partidos, minutos y promedios goleadores con clubes y selecciones.",https://messivsronaldo17.com/es/seasons/2009,,no,563233,,2026-10-06T18:54:41Z
/es/seasons/2009-10,200,es,Messi vs Ronaldo 2009/10: goles marcados y tasas de puntuación | The Rivalry,"En La Liga 2009/10, Messi anotó 34 goles y Ronaldo anotó 26. Compare las cifras de la liga y la Liga de Campeones con las fuentes.",https://messivsronaldo17.com/es/seasons/2009-10,,no,494251,,2026-10-06T18:54:41Z
/es/seasons/2010,200,es,Messi vs Ronaldo 2010: goles y estadísticas del año natural | The Rivalry,"Messi vs Ronaldo en 2010: 60 vs 48 goles, 17 vs 18 asistencias. Compara partidos, minutos y promedios goleadores con clubes y selecciones.",https://messivsronaldo17.com/es/seasons/2010,,no,563366,,2026-10-06T18:54:41Z
/es/seasons/2010-11,200,es,Messi vs Ronaldo 2010/11: goles marcados y tasas de puntuación | The Rivalry,"En La Liga 2010/11, Messi anotó 31 goles y Ronaldo anotó 40. Compare las cifras de la liga y la Liga de Campeones con las fuentes.",https://messivsronaldo17.com/es/seasons/2010-11,,no,494299,,2026-10-06T18:54:41Z
/es/seasons/2011,200,es,Messi vs Ronaldo 2011: goles y estadísticas del año natural | The Rivalry,"Messi vs Ronaldo en 2011: 59 vs 60 goles, 37 vs 18 asistencias. Compara partidos, minutos y promedios goleadores con clubes y selecciones.",https://messivsronaldo17.com/es/seasons/2011,,no,563572,,2026-10-06T18:54:41Z
/es/seasons/2011-12,200,es,Messi vs Ronaldo 2011/12: goles marcados y tasas de puntuación | The Rivalry,"En La Liga 2011/12, Messi anotó 50 goles y Ronaldo anotó 46. Compare las cifras de la liga y la Liga de Campeones con las fuentes.",https://messivsronaldo17.com/es/seasons/2011-12,,no,494875,,2026-10-06T18:54:41Z
/es/seasons/2012,200,es,Messi vs Ronaldo 2012: goles y estadísticas del año natural | The Rivalry,"Messi vs Ronaldo en 2012: 91 vs 63 goles, 22 vs 13 asistencias. Compara partidos, minutos y promedios goleadores con clubes y selecciones.",https://messivsronaldo17.com/es/seasons/2012,,no,563539,,2026-10-06T18:54:41Z
/es/seasons/2012-13,200,es,Messi vs Ronaldo 2012/13: goles marcados y tasas de puntuación | The Rivalry,"En La Liga 2012/13, Messi anotó 46 goles y Ronaldo anotó 34. Compare las cifras de la liga y la Liga de Campeones con las fuentes.",https://messivsronaldo17.com/es/seasons/2012-13,,no,494344,,2026-10-06T18:54:41Z
/es/seasons/2013,200,es,Messi vs Ronaldo 2013: goles y estadísticas del año natural | The Rivalry,"Messi vs Ronaldo en 2013: 45 vs 69 goles, 16 vs 15 asistencias. Compara partidos, minutos y promedios goleadores con clubes y selecciones.",https://messivsronaldo17.com/es/seasons/2013,,no,563403,,2026-10-06T18:54:41Z
/es/seasons/2013-14,200,es,Messi vs Ronaldo 2013/14: goles marcados y tasas de puntuación | The Rivalry,"En La Liga 2013/14, Messi anotó 28 goles y Ronaldo anotó 31. Compare las cifras de la liga y la Liga de Campeones con las fuentes.",https://messivsronaldo17.com/es/seasons/2013-14,,no,493356,,2026-10-06T18:54:41Z
/es/seasons/2014,200,es,Messi vs Ronaldo 2014: goles y estadísticas del año natural | The Rivalry,"Messi vs Ronaldo en 2014: 58 vs 61 goles, 21 vs 20 asistencias. Compara partidos, minutos y promedios goleadores con clubes y selecciones.",https://messivsronaldo17.com/es/seasons/2014,,no,563197,,2026-10-06T18:54:41Z
/es/seasons/2014-15,200,es,Messi vs Ronaldo 2014/15: goles marcados y tasas de puntuación | The Rivalry,"En La Liga 2014/15, Messi anotó 43 goles y Ronaldo anotó 48. Compare las cifras de la liga y la Liga de Campeones con las fuentes.",https://messivsronaldo17.com/es/seasons/2014-15,,no,493234,,2026-10-06T18:54:41Z
/es/seasons/2015,200,es,Messi vs Ronaldo 2015: goles y estadísticas del año natural | The Rivalry,"Messi vs Ronaldo en 2015: 52 vs 57 goles, 26 vs 17 asistencias. Compara partidos, minutos y promedios goleadores con clubes y selecciones.",https://messivsronaldo17.com/es/seasons/2015,,no,563251,,2026-10-06T18:54:41Z
/es/seasons/2015-16,200,es,Messi vs Ronaldo 2015/16: goles marcados y tasas de puntuación | The Rivalry,"En La Liga 2015/16, Messi anotó 26 goles y Ronaldo anotó 35. Compare las cifras de la liga y la Liga de Campeones con las fuentes.",https://messivsronaldo17.com/es/seasons/2015-16,,no,494505,,2026-10-06T18:54:41Z
/es/seasons/2016,200,es,Messi vs Ronaldo 2016: goles y estadísticas del año natural | The Rivalry,"Messi vs Ronaldo en 2016: 59 vs 55 goles, 31 vs 16 asistencias. Compara partidos, minutos y promedios goleadores con clubes y selecciones.",https://messivsronaldo17.com/es/seasons/2016,,no,563124,,2026-10-06T18:54:41Z
/es/seasons/2016-17,200,es,Messi vs Ronaldo 2016/17: goles marcados y tasas de puntuación | The Rivalry,"En La Liga 2016/17, Messi anotó 37 goles y Ronaldo anotó 25. Compare las cifras de la liga y la Liga de Campeones con las fuentes.",https://messivsronaldo17.com/es/seasons/2016-17,,no,494399,,2026-10-06T18:54:41Z
/es/seasons/2017,200,es,Messi vs Ronaldo 2017: goles y estadísticas del año natural | The Rivalry,"Messi vs Ronaldo en 2017: 54 vs 53 goles, 16 vs 12 asistencias. Compara partidos, minutos y promedios goleadores con clubes y selecciones.",https://messivsronaldo17.com/es/seasons/2017,,no,563399,,2026-10-06T18:54:41Z
/es/seasons/2017-18,200,es,Messi vs Ronaldo 2017/18: goles marcados y tasas de puntuación | The Rivalry,"En La Liga 2017/18, Messi anotó 34 goles y Ronaldo anotó 26. Compare las cifras de la liga y la Liga de Campeones con las fuentes.",https://messivsronaldo17.com/es/seasons/2017-18,,no,494273,,2026-10-06T18:54:41Z
/es/seasons/2018,200,es,Messi vs Ronaldo 2018: goles y estadísticas del año natural | The Rivalry,"Messi vs Ronaldo en 2018: 51 vs 49 goles, 26 vs 13 asistencias. Compara partidos, minutos y promedios goleadores con clubes y selecciones.",https://messivsronaldo17.com/es/seasons/2018,,no,563123,,2026-10-06T18:54:41Z
/es/seasons/2019,200,es,Messi vs Ronaldo 2019: goles y estadísticas del año natural | The Rivalry,"Messi vs Ronaldo en 2019: 50 vs 39 goles, 18 vs 4 asistencias. Compara partidos, minutos y promedios goleadores con clubes y selecciones.",https://messivsronaldo17.com/es/seasons/2019,,no,563185,,2026-10-06T18:54:41Z
/es/seasons/2020,200,es,Messi vs Ronaldo 2020: goles y estadísticas del año natural | The Rivalry,"Messi vs Ronaldo en 2020: 27 vs 44 goles, 19 vs 7 asistencias. Compara partidos, minutos y promedios goleadores con clubes y selecciones.",https://messivsronaldo17.com/es/seasons/2020,,no,563174,,2026-10-06T18:54:41Z
/es/seasons/2021,200,es,Messi vs Ronaldo 2021: goles y estadísticas del año natural | The Rivalry,"Messi vs Ronaldo en 2021: 43 vs 47 goles, 18 vs 7 asistencias. Compara partidos, minutos y promedios goleadores con clubes y selecciones.",https://messivsronaldo17.com/es/seasons/2021,,no,563067,,2026-10-06T18:54:41Z
/es/seasons/2022,200,es,Messi vs Ronaldo 2022: goles y estadísticas del año natural | The Rivalry,"Messi vs Ronaldo en 2022: 35 vs 16 goles, 30 vs 4 asistencias. Compara partidos, minutos y promedios goleadores con clubes y selecciones.",https://messivsronaldo17.com/es/seasons/2022,,no,563406,,2026-10-06T18:54:41Z
/es/seasons/2023,200,es,Messi vs Ronaldo 2023: goles y estadísticas del año natural | The Rivalry,"Messi vs Ronaldo en 2023: 28 vs 54 goles, 12 vs 15 asistencias. Compara partidos, minutos y promedios goleadores con clubes y selecciones.",https://messivsronaldo17.com/es/seasons/2023,,no,563493,,2026-10-06T18:54:41Z
/es/seasons/2024,200,es,Messi vs Ronaldo 2024: goles y estadísticas del año natural | The Rivalry,"Messi vs Ronaldo en 2024: 29 vs 43 goles, 18 vs 7 asistencias. Compara partidos, minutos y promedios goleadores con clubes y selecciones.",https://messivsronaldo17.com/es/seasons/2024,,no,563462,,2026-10-06T18:54:41Z
/es/seasons/2025,200,es,Messi vs Ronaldo 2025: goles y estadísticas del año natural | The Rivalry,"Messi vs Ronaldo en 2025: 46 vs 41 goles, 28 vs 4 asistencias. Compara partidos, minutos y promedios goleadores con clubes y selecciones.",https://messivsronaldo17.com/es/seasons/2025,,no,563205,,2026-10-06T18:54:41Z
/es/seasons/2026,200,es,Messi vs Ronaldo 2026: goles y estadísticas del año natural | The Rivalry,"Messi vs Ronaldo en 2026: 35 vs 22 goles, 17 vs 1 asistencias. Año hasta la fecha hasta 27 de septiembre de 2026.",https://messivsronaldo17.com/es/seasons/2026,,no,560836,,2026-10-06T18:54:41Z
/es/sitemap,200,es,Mapa del sitio | The Rivalry,"Explore todas las comparaciones de Messi vs Ronaldo, perfil de jugador, año calendario, artículo y política del sitio web en The Rivalry.",https://messivsronaldo17.com/es/sitemap,,no,572548,,2026-10-06T18:54:41Z
/es/terms,200,es,Términos de uso | The Rivalry,Las condiciones para usar nuestras comparaciones y artículos en messivsronaldo17.com.,https://messivsronaldo17.com/es/terms,,no,465784,,2026-10-06T18:54:41Z
/es/tools,200,es,Messi vs Ronaldo: herramientas interactivas y juegos de fútbol | The Rivalry,"Pon a prueba tus conocimientos de fútbol, explora tendencias y crea tus propios escenarios goleadores. Herramientas originales basadas en los registros.",https://messivsronaldo17.com/es/tools,,no,459794,,2026-10-06T18:54:41Z
/es/uefa-awards,200,es,Messi vs Ronaldo: Premios UEFA | The Rivalry,Compara los premios al Jugador del Año de la UEFA y las temporadas ganadoras de Messi y Ronaldo.,https://messivsronaldo17.com/es/uefa-awards,,no,496427,,2026-10-06T18:54:41Z
/es/updates,200,es,Actualizaciones de partidos publicadas | The Rivalry,"Registros fechados de los partidos de Messi y Ronaldo agregados después de la línea de base revisada, con fuentes y notas de cobertura.",https://messivsronaldo17.com/es/updates,,no,452389,,2026-10-06T18:54:41Z
/es/vote,200,es,Votación de aficionados: Messi vs Ronaldo | The Rivalry,"Elige a tu jugador favorito y consulta los resultados. Un voto por navegador, con los totales iniciales y los votos de visitantes por separado.",https://messivsronaldo17.com/es/vote,,no,456855,,2026-10-06T18:54:41Z
/es/world-cup,200,es,Messi vs Ronaldo Copa del Mundo Goles marcados y asistencias - 2026 | The Rivalry,Finales de la Copa del Mundo. Línea de base revisada y actualizaciones de partidos publicadas. Vea la cobertura de cada estadística y el registro público de actualizaciones.,https://messivsronaldo17.com/es/world-cup,,no,506119,,2026-10-06T18:54:41Z
/european-clubs,200,en,Messi vs Ronaldo European Club Career Goals & Assists | The Rivalry,European clubs. Reviewed baseline plus published match updates. See each statistic’s coverage and the public update log.,https://messivsronaldo17.com/european-clubs,,no,295527,,2026-10-06T18:54:41Z
/fifa-awards,200,en,Messi vs Ronaldo: FIFA awards | The Rivalry,Compare The Best FIFA Men’s Player wins and award editions for Messi and Ronaldo.,https://messivsronaldo17.com/fifa-awards,,no,285363,,2026-10-06T18:54:41Z
/football-quiz,200,en,Messi vs Ronaldo Stats Quiz: Test Your Football Knowledge | The Rivalry,"Eight questions. Two extraordinary careers. Pick the player, uncover the numbers and see your score.",https://messivsronaldo17.com/football-quiz,,no,242057,,2026-10-06T18:54:41Z
/fr,200,fr,"Messi vs Ronaldo : statistiques, buts et trophées en carrière","Comparez les buts, passes décisives, trophées et moyennes de Messi et Ronaldo : clubs, Coupe du monde et Ligue des champions. Données au 27 septembre 2026.",https://messivsronaldo17.com/fr,,no,566014,,2026-10-06T18:54:41Z
/fr/2026,200,fr,"Messi vs Ronaldo 2026 Buts marqués, passes décisives et statistiques | The Rivalry","Goals, assists, appearances and playing minutes from 1 January 2026. Mis à jour 27 septembre 2026. The year is still in progress.",https://messivsronaldo17.com/fr/2026,,no,511999,,2026-10-06T18:54:41Z
/fr/about,200,fr,À propos de la rivalité | The Rivalry,Deux carrières extraordinaires méritent plus qu'une dispute sur un seul chiffre.,https://messivsronaldo17.com/fr/about,,no,465683,,2026-10-06T18:54:41Z
/fr/accessibility,200,fr,Déclaration d'accessibilité | The Rivalry,Comment nous prenons en charge la navigation accessible et comment décrire un problème lorsque quelque chose gêne.,https://messivsronaldo17.com/fr/accessibility,,no,463468,,2026-10-06T18:54:41Z
/fr/answers,200,fr,"Messi vs Ronaldo : buts, records et réponses rapides | The Rivalry","Trouvez des réponses datées sur les buts, passes décisives, matchs et records de Messi et Ronaldo, avec sources et règles de comptage.",https://messivsronaldo17.com/fr/answers,,no,480178,,2026-10-06T18:54:41Z
/fr/assists,200,fr,Messi contre Ronaldo Aides en carrière et contributions aux buts | The Rivalry,Aperçu de la carrière. Base de référence révisée et mises à jour de match publiées. Consultez la couverture de chaque statistique et le journal de mise à jour public.,https://messivsronaldo17.com/fr/assists,,yes,521241,,2026-10-06T18:54:41Z
/fr/ballon-dor,200,fr,Messi vs Ronaldo: Ballon d’Or | The Rivalry,"Comparez les Ballons d’Or, les années de victoire et la chronologie des récompenses de Messi et Ronaldo.",https://messivsronaldo17.com/fr/ballon-dor,,no,522127,,2026-10-06T18:54:41Z
/fr/career-timeline,200,fr,Chronologie Messi vs Ronaldo : buts et passes décisives interactifs | The Rivalry,"Choisissez une période, passez des buts aux passes décisives et comparez les deux carrières au fil du temps.",https://messivsronaldo17.com/fr/career-timeline,,no,467184,,2026-10-06T18:54:41Z
/fr/champions-league,200,fr,Messi vs Ronaldo Buts marqués et passes décisives en Ligue des Champions | The Rivalry,Ligue des champions. Base de référence révisée et mises à jour de match publiées. Consultez la couverture de chaque statistique et le journal de mise à jour public.,https://messivsronaldo17.com/fr/champions-league,,no,515770,,2026-10-06T18:54:41Z
/fr/club-stats,200,fr,Messi vs Ronaldo : buts et statistiques par saison en club | The Rivalry,"Comparez Messi et Ronaldo par saison en club, de 2002/2003 à 2026/2027 : buts, passes décisives, matchs, minutes et moyennes de buts.",https://messivsronaldo17.com/fr/club-stats,,no,485760,,2026-10-06T18:54:41Z
/fr/club-stats/2002-2003,200,fr,Messi vs Ronaldo 2002/2003 : buts et statistiques de la saison | The Rivalry,"Saison en club 2002/2003 : Messi, 0 buts et 0 passes décisives ; Ronaldo, 5 buts et 4 passes décisives. Comparez matchs, minutes et moyennes de buts.",https://messivsronaldo17.com/fr/club-stats/2002-2003,,no,510920,,2026-10-06T18:54:41Z
/fr/club-stats/2003-2004,200,fr,Messi vs Ronaldo 2003/2004 : buts et statistiques de la saison | The Rivalry,"Saison en club 2003/2004 : Messi, 0 buts et 0 passes décisives ; Ronaldo, 6 buts et 6 passes décisives. Comparez matchs, minutes et moyennes de buts.",https://messivsronaldo17.com/fr/club-stats/2003-2004,,no,513753,,2026-10-06T18:54:41Z
/fr/club-stats/2004-2005,200,fr,Messi vs Ronaldo 2004/2005 : buts et statistiques de la saison | The Rivalry,"Saison en club 2004/2005 : Messi, 1 buts et 0 passes décisives ; Ronaldo, 9 buts et 8 passes décisives. Comparez matchs, minutes et moyennes de buts.",https://messivsronaldo17.com/fr/club-stats/2004-2005,,no,516577,,2026-10-06T18:54:41Z
/fr/club-stats/2005-2006,200,fr,Messi vs Ronaldo 2005/2006 : buts et statistiques de la saison | The Rivalry,"Saison en club 2005/2006 : Messi, 8 buts et 3 passes décisives ; Ronaldo, 12 buts et 8 passes décisives. Comparez matchs, minutes et moyennes de buts.",https://messivsronaldo17.com/fr/club-stats/2005-2006,,no,516432,,2026-10-06T18:54:41Z
/fr/club-stats/2006-2007,200,fr,Messi vs Ronaldo 2006/2007 : buts et statistiques de la saison | The Rivalry,"Saison en club 2006/2007 : Messi, 17 buts et 3 passes décisives ; Ronaldo, 23 buts et 14 passes décisives. Comparez matchs, minutes et moyennes de buts.",https://messivsronaldo17.com/fr/club-stats/2006-2007,,no,516466,,2026-10-06T18:54:41Z
/fr/club-stats/2007-2008,200,fr,Messi vs Ronaldo 2007/2008 : buts et statistiques de la saison | The Rivalry,"Saison en club 2007/2008 : Messi, 16 buts et 13 passes décisives ; Ronaldo, 42 buts et 7 passes décisives. Comparez matchs, minutes et moyennes de buts.",https://messivsronaldo17.com/fr/club-stats/2007-2008,,no,516404,,2026-10-06T18:54:41Z
/fr/club-stats/2008-2009,200,fr,Messi vs Ronaldo 2008/2009 : buts et statistiques de la saison | The Rivalry,"Saison en club 2008/2009 : Messi, 38 buts et 17 passes décisives ; Ronaldo, 26 buts et 9 passes décisives. Comparez matchs, minutes et moyennes de buts.",https://messivsronaldo17.com/fr/club-stats/2008-2009,,no,516412,,2026-10-06T18:54:41Z
/fr/club-stats/2009-2010,200,fr,Messi vs Ronaldo 2009/2010 : buts et statistiques de la saison | The Rivalry,"Saison en club 2009/2010 : Messi, 47 buts et 11 passes décisives ; Ronaldo, 33 buts et 8 passes décisives. Comparez matchs, minutes et moyennes de buts.",https://messivsronaldo17.com/fr/club-stats/2009-2010,,no,516679,,2026-10-06T18:54:41Z
/fr/club-stats/2010-2011,200,fr,Messi vs Ronaldo 2010/2011 : buts et statistiques de la saison | The Rivalry,"Saison en club 2010/2011 : Messi, 53 buts et 23 passes décisives ; Ronaldo, 53 buts et 16 passes décisives. Comparez matchs, minutes et moyennes de buts.",https://messivsronaldo17.com/fr/club-stats/2010-2011,,no,516661,,2026-10-06T18:54:41Z
/fr/club-stats/2011-2012,200,fr,Messi vs Ronaldo 2011/2012 : buts et statistiques de la saison | The Rivalry,"Saison en club 2011/2012 : Messi, 73 buts et 30 passes décisives ; Ronaldo, 60 buts et 15 passes décisives. Comparez matchs, minutes et moyennes de buts.",https://messivsronaldo17.com/fr/club-stats/2011-2012,,no,516605,,2026-10-06T18:54:41Z
/fr/club-stats/2012-2013,200,fr,Messi vs Ronaldo 2012/2013 : buts et statistiques de la saison | The Rivalry,"Saison en club 2012/2013 : Messi, 60 buts et 15 passes décisives ; Ronaldo, 55 buts et 12 passes décisives. Comparez matchs, minutes et moyennes de buts.",https://messivsronaldo17.com/fr/club-stats/2012-2013,,no,516535,,2026-10-06T18:54:41Z
/fr/club-stats/2013-2014,200,fr,Messi vs Ronaldo 2013/2014 : buts et statistiques de la saison | The Rivalry,"Saison en club 2013/2014 : Messi, 41 buts et 14 passes décisives ; Ronaldo, 51 buts et 14 passes décisives. Comparez matchs, minutes et moyennes de buts.",https://messivsronaldo17.com/fr/club-stats/2013-2014,,no,516637,,2026-10-06T18:54:41Z
/fr/club-stats/2014-2015,200,fr,Messi vs Ronaldo 2014/2015 : buts et statistiques de la saison | The Rivalry,"Saison en club 2014/2015 : Messi, 58 buts et 27 passes décisives ; Ronaldo, 61 buts et 21 passes décisives. Comparez matchs, minutes et moyennes de buts.",https://messivsronaldo17.com/fr/club-stats/2014-2015,,no,516605,,2026-10-06T18:54:41Z
/fr/club-stats/2015-2016,200,fr,Messi vs Ronaldo 2015/2016 : buts et statistiques de la saison | The Rivalry,"Saison en club 2015/2016 : Messi, 41 buts et 23 passes décisives ; Ronaldo, 51 buts et 15 passes décisives. Comparez matchs, minutes et moyennes de buts.",https://messivsronaldo17.com/fr/club-stats/2015-2016,,no,516707,,2026-10-06T18:54:41Z
/fr/club-stats/2016-2017,200,fr,Messi vs Ronaldo 2016/2017 : buts et statistiques de la saison | The Rivalry,"Saison en club 2016/2017 : Messi, 54 buts et 16 passes décisives ; Ronaldo, 42 buts et 11 passes décisives. Comparez matchs, minutes et moyennes de buts.",https://messivsronaldo17.com/fr/club-stats/2016-2017,,no,516486,,2026-10-06T18:54:41Z
/fr/club-stats/2017-2018,200,fr,Messi vs Ronaldo 2017/2018 : buts et statistiques de la saison | The Rivalry,"Saison en club 2017/2018 : Messi, 45 buts et 18 passes décisives ; Ronaldo, 44 buts et 8 passes décisives. Comparez matchs, minutes et moyennes de buts.",https://messivsronaldo17.com/fr/club-stats/2017-2018,,no,516609,,2026-10-06T18:54:41Z
/fr/club-stats/2018-2019,200,fr,Messi vs Ronaldo 2018/2019 : buts et statistiques de la saison | The Rivalry,"Saison en club 2018/2019 : Messi, 51 buts et 19 passes décisives ; Ronaldo, 28 buts et 10 passes décisives. Comparez matchs, minutes et moyennes de buts.",https://messivsronaldo17.com/fr/club-stats/2018-2019,,no,516489,,2026-10-06T18:54:41Z
/fr/club-stats/2019-2020,200,fr,Messi vs Ronaldo 2019/2020 : buts et statistiques de la saison | The Rivalry,"Saison en club 2019/2020 : Messi, 31 buts et 25 passes décisives ; Ronaldo, 37 buts et 5 passes décisives. Comparez matchs, minutes et moyennes de buts.",https://messivsronaldo17.com/fr/club-stats/2019-2020,,no,516480,,2026-10-06T18:54:41Z
/fr/club-stats/2020-2021,200,fr,Messi vs Ronaldo 2020/2021 : buts et statistiques de la saison | The Rivalry,"Saison en club 2020/2021 : Messi, 38 buts et 12 passes décisives ; Ronaldo, 36 buts et 5 passes décisives. Comparez matchs, minutes et moyennes de buts.",https://messivsronaldo17.com/fr/club-stats/2020-2021,,no,516387,,2026-10-06T18:54:41Z
/fr/club-stats/2021-2022,200,fr,Messi vs Ronaldo 2021/2022 : buts et statistiques de la saison | The Rivalry,"Saison en club 2021/2022 : Messi, 11 buts et 14 passes décisives ; Ronaldo, 24 buts et 3 passes décisives. Comparez matchs, minutes et moyennes de buts.",https://messivsronaldo17.com/fr/club-stats/2021-2022,,no,516422,,2026-10-06T18:54:41Z
/fr/club-stats/2022-2023,200,fr,Messi vs Ronaldo 2022/2023 : buts et statistiques de la saison | The Rivalry,"Saison en club 2022/2023 : Messi, 21 buts et 20 passes décisives ; Ronaldo, 17 buts et 4 passes décisives. Comparez matchs, minutes et moyennes de buts.",https://messivsronaldo17.com/fr/club-stats/2022-2023,,no,516450,,2026-10-06T18:54:41Z
/fr/club-stats/2023-2024,200,fr,Messi vs Ronaldo 2023/2024 : buts et statistiques de la saison | The Rivalry,"Saison en club 2023/2024 : Messi, 25 buts et 16 passes décisives ; Ronaldo, 50 buts et 13 passes décisives. Comparez matchs, minutes et moyennes de buts.",https://messivsronaldo17.com/fr/club-stats/2023-2024,,no,514093,,2026-10-06T18:54:41Z
/fr/club-stats/2024-2025,200,fr,Messi vs Ronaldo 2024/2025 : buts et statistiques de la saison | The Rivalry,"Saison en club 2024/2025 : Messi, 33 buts et 9 passes décisives ; Ronaldo, 35 buts et 4 passes décisives. Comparez matchs, minutes et moyennes de buts.",https://messivsronaldo17.com/fr/club-stats/2024-2025,,no,516661,,2026-10-06T18:54:41Z
/fr/club-stats/2025-2026,200,fr,Messi vs Ronaldo 2025/2026 : buts et statistiques de la saison | The Rivalry,"Saison en club 2025/2026 : Messi, 32 buts et 25 passes décisives ; Ronaldo, 30 buts et 4 passes décisives. Comparez matchs, minutes et moyennes de buts.",https://messivsronaldo17.com/fr/club-stats/2025-2026,,no,516779,,2026-10-06T18:54:41Z
/fr/club-stats/2026-2027,200,fr,Messi vs Ronaldo 2026/2027 : buts et statistiques de la saison | The Rivalry,"Saison en club 2026/2027 : Messi, 12 buts et 6 passes décisives ; Ronaldo, 3 buts et 0 passes décisives. Comparez matchs, minutes et moyennes de buts. En cours ; source vérifiée le 29 septembre 2026.",https://messivsronaldo17.com/fr/club-stats/2026-2027,,no,515431,,2026-10-06T18:54:41Z
/fr/clubs,200,fr,"Statistiques des clubs Messi et Ronaldo : Inter Miami, Al Nassr et plus | The Rivalry",Inter Miami / Al Nassr. Base de référence révisée et mises à jour de match publiées. Consultez la couverture de chaque statistique et le journal de mise à jour public.,https://messivsronaldo17.com/fr/clubs,,no,544674,,2026-10-06T18:54:41Z
/fr/compare,200,fr,Explorateur de comparaison Messi vs Ronaldo | The Rivalry,Aperçu de la carrière. Base de référence révisée et mises à jour de match publiées. Consultez la couverture de chaque statistique et le journal de mise à jour public.,https://messivsronaldo17.com/fr/compare,,yes,518885,,2026-10-06T18:54:41Z
/fr/comparison-posters,200,fr,Affiches comparatives Messi vs Ronaldo | The Rivalry,"Créez votre affiche Messi vs Ronaldo avec nos statistiques publiées. Choisissez la compétition, personnalisez le design et partagez-la avec un lien vers le site.",https://messivsronaldo17.com/fr/comparison-posters,,no,472866,,2026-10-06T18:54:41Z
/fr/contact,200,fr,Contact et assistance | The Rivalry,"Envoyez à The Rivalry vos questions, corrections statistiques, demandes de confidentialité, problèmes d’accessibilité ou questions sur les droits des images.",https://messivsronaldo17.com/fr/contact,,no,460950,,2026-10-06T18:54:41Z
/fr/cookies,200,fr,Politique en matière de cookies | The Rivalry,Un bref inventaire du stockage utilisé par cette édition du site Web.,https://messivsronaldo17.com/fr/cookies,,no,468630,,2026-10-06T18:54:41Z
/fr/copa-america-vs-euros,200,fr,Messi Copa América vs Ronaldo Euros : buts marqués et statistiques | The Rivalry,Copa América / Euros. Base de référence révisée et mises à jour de match publiées. Consultez la couverture de chaque statistique et le journal de mise à jour public.,https://messivsronaldo17.com/fr/copa-america-vs-euros,,no,513677,,2026-10-06T18:54:41Z
/fr/credits,200,fr,Crédits et licences photographiques | The Rivalry,"Crédits pour les portraits des joueurs, les icônes et les polices hébergées localement utilisées sur The Rivalry.",https://messivsronaldo17.com/fr/credits,,no,466932,,2026-10-06T18:54:41Z
/fr/disclaimer,200,fr,Clause de non-responsabilité éditoriale et relative aux données | The Rivalry,"Comment interpréter nos chiffres, notre photographie et notre relation aux personnes dans la comparaison.",https://messivsronaldo17.com/fr/disclaimer,,no,466178,,2026-10-06T18:54:41Z
/fr/european-clubs,200,fr,Messi vs Ronaldo Buts de carrière en club européen marqués et passes décisives | The Rivalry,Clubs européens. Base de référence révisée et mises à jour de match publiées. Consultez la couverture de chaque statistique et le journal de mise à jour public.,https://messivsronaldo17.com/fr/european-clubs,,no,513713,,2026-10-06T18:54:41Z
/fr/fifa-awards,200,fr,Messi vs Ronaldo: Prix FIFA | The Rivalry,Comparez les victoires et les éditions du prix The Best – Joueur de la FIFA de Messi et Ronaldo.,https://messivsronaldo17.com/fr/fifa-awards,,no,500751,,2026-10-06T18:54:41Z
/fr/football-quiz,200,fr,Quiz de statistiques Messi vs Ronaldo : testez vos connaissances | The Rivalry,"Huit questions. Deux carrières extraordinaires. Choisissez le joueur, découvrez les chiffres et consultez votre score.",https://messivsronaldo17.com/fr/football-quiz,,no,457165,,2026-10-06T18:54:41Z
/fr/free-kicks,200,fr,Messi vs Ronaldo : nombre de buts sur coup franc | The Rivalry,"Buts sur coup franc direct : Messi 76, Ronaldo 65. Comparez les totaux et les règles de comptage. Mis à jour 27 septembre 2026.",https://messivsronaldo17.com/fr/free-kicks,,no,525525,,2026-10-06T18:54:41Z
/fr/glossary,200,fr,"Statistiques de Football : Buts, Passes Décisives et Moyennes | The Rivalry","Que compte-t-on comme but, passe décisive, match joué ou triplé ? Découvrez les définitions, les formules de rendement offensif et les règles de comptage utilisées dans nos comparaisons entre Messi et Ronaldo.",https://messivsronaldo17.com/fr/glossary,,no,494935,,2026-10-06T18:54:41Z
/fr/goals,200,fr,Messi vs Ronaldo : buts en carrière (2026) | The Rivalry,"Messi compte 931 buts en carrière et Ronaldo 979. Comparez les buts en club et en sélection, les matchs joués et les moyennes. Mis à jour 27 septembre 2026.",https://messivsronaldo17.com/fr/goals,,no,518643,,2026-10-06T18:54:41Z
/fr/golden-boots,200,fr,Messi vs Ronaldo: Souliers d’or | The Rivalry,Comparez les Souliers d’or européens de Messi et Ronaldo et les saisons de championnat où ils les ont remportés.,https://messivsronaldo17.com/fr/golden-boots,,no,517446,,2026-10-06T18:54:41Z
/fr/hat-tricks,200,fr,Messi vs Ronaldo Hat-Tricks et records de scores en carrière | The Rivalry,Aperçu de la carrière. Base de référence révisée et mises à jour de match publiées. Consultez la couverture de chaque statistique et le journal de mise à jour public.,https://messivsronaldo17.com/fr/hat-tricks,,yes,526887,,2026-10-06T18:54:41Z
/fr/head-to-head,200,fr,Face-à-face Messi vs Ronaldo : buts marqués lors des rencontres directes | The Rivalry,Réunions directes. Base de référence révisée et mises à jour de match publiées. Consultez la couverture de chaque statistique et le journal de mise à jour public.,https://messivsronaldo17.com/fr/head-to-head,,no,511996,,2026-10-06T18:54:41Z
/fr/honours,200,fr,Messi vs Ronaldo : trophées et Ballons d’Or (2026) | The Rivalry,"Messi : 49 trophées collectifs. Ronaldo : 37. Comparez la liste des titres, les critères et les récompenses individuelles séparément. Jusqu’au 21 septembre 2026.",https://messivsronaldo17.com/fr/honours,,no,507299,,2026-10-06T18:54:41Z
/fr/insights,200,fr,"Analyses football : Ballon d’Or, records et statistiques | The Rivalry","Découvrez les candidats au Ballon d’Or 2026, leurs statistiques vérifiées et les records de Messi et Ronaldo avec des analyses sourcées et des comparatifs interactifs.",https://messivsronaldo17.com/fr/insights,,no,475120,,2026-10-06T18:54:41Z
/fr/insights/ballon-dor-2026-contenders-stats,200,fr,Ballon d’Or 2026 : les arguments que les classements de buteurs ne montrent pas | The Rivalry,"Kane, Mbappé, Kvaratskhelia, Yamal et Rodri incarnent des formes différentes d’excellence. Une lecture tactique de leurs candidatures et des rencontres qui les éclairent.",https://messivsronaldo17.com/fr/insights/ballon-dor-2026-contenders-stats,,no,558169,,2026-10-06T18:54:41Z
/fr/insights/ballon-dor-2026-date-voting-rules,200,fr,"Ballon d’Or 2026 : la date, le vote et la manière de juger le football | The Rivalry","Le calendrier confirmé, la période de référence et le vote des journalistes, accompagnés de repères tactiques pour comparer buteurs, créateurs et milieux organisateurs.",https://messivsronaldo17.com/fr/insights/ballon-dor-2026-date-voting-rules,,no,546297,,2026-10-06T18:54:41Z
/fr/insights/kane-vs-mbappe-ballon-dor-2026-stats,200,fr,"Kane face à Mbappé : deux attaquants, deux façons de désorganiser une défense | The Rivalry","Une comparaison tactique de Kane et Mbappé : leurs bilans de 2025/26, leurs déplacements et le travail des partenaires qui rendent leurs buts possibles.",https://messivsronaldo17.com/fr/insights/kane-vs-mbappe-ballon-dor-2026-stats,,no,550319,,2026-10-06T18:54:41Z
/fr/insights/messi-2011-12-vs-ronaldo-2013-14-champions-league,200,fr,Les 14 buts de Messi et les 17 de Ronaldo : deux Champions à l’épreuve des éliminatoires | The Rivalry,"Onze apparitions chacun, des chemins différents vers le but et une compétition dont le sort peut dépendre d’un autre joueur que son meilleur buteur.",https://messivsronaldo17.com/fr/insights/messi-2011-12-vs-ronaldo-2013-14-champions-league,,no,541815,,2026-10-06T18:54:41Z
/fr/insights/messi-2011-12-vs-ronaldo-2014-15-la-liga,200,fr,Les 50 buts de Messi et les 48 de Ronaldo : des sommets sans titre de Liga | The Rivalry,Deux bilans exceptionnels lors de saisons différentes et une question collective : comment produire autant pour son meilleur buteur sans gagner le championnat.,https://messivsronaldo17.com/fr/insights/messi-2011-12-vs-ronaldo-2014-15-la-liga,,no,540780,,2026-10-06T18:54:41Z
/fr/insights/messi-2012-vs-ronaldo-2013-goals,200,fr,"Les 91 buts de Messi et les 69 de Ronaldo : deux années historiques, deux footballs | The Rivalry","Les déplacements, les associations et les matches qui expliquent l’année 2012 de Messi et l’année 2013 de Ronaldo, au-delà de leurs totaux de buts.",https://messivsronaldo17.com/fr/insights/messi-2012-vs-ronaldo-2013-goals,,no,539040,,2026-10-06T18:54:41Z
/fr/insights/messi-ronaldo-career-appearances,200,fr,Matchs de Messi et Ronaldo : ce que leur longévité raconte au-delà du compteur | The Rivalry,"1 176 apparitions contre 1 337 dans le relevé du 21 septembre 2026 : minutes, rôles tactiques et finales expliquent comment lire ces deux carrières.",https://messivsronaldo17.com/fr/insights/messi-ronaldo-career-appearances,,no,515434,,2026-10-06T18:54:41Z
/fr/insights/messi-ronaldo-free-kick-records,200,fr,"Coups francs de Messi et Ronaldo : derrière les records, l’art de choisir la trajectoire | The Rivalry","Le relevé du 21 septembre 2026 donne 75–65 à Messi sur coup franc direct. Technique, contexte et limites du taux de réussite expliqués avec Liverpool et l’Espagne.",https://messivsronaldo17.com/fr/insights/messi-ronaldo-free-kick-records,,no,517981,,2026-10-06T18:54:41Z
/fr/insights/totals-vs-scoring-rates,200,fr,Messi contre Ronaldo : pourquoi les buts par match ne racontent pas toute l’histoire | The Rivalry,"Totaux, buts par match et buts par 90 minutes : comment les rôles tactiques, le contexte des rencontres et l’âge transforment la comparaison Messi–Ronaldo.",https://messivsronaldo17.com/fr/insights/totals-vs-scoring-rates,,no,538133,,2026-10-06T18:54:41Z
/fr/insights/what-counts-as-a-career-goal,200,fr,"Buts de Messi et Ronaldo : ce qui compte dans un total en carrière, et ce que le chiffre oublie | The Rivalry","Penalties, tirs au but, matchs amicaux : comprendre les règles du total en carrière et les évolutions tactiques de Messi et Ronaldo derrière chaque but.",https://messivsronaldo17.com/fr/insights/what-counts-as-a-career-goal,,no,539888,,2026-10-06T18:54:41Z
/fr/insights/why-assist-totals-differ,200,fr,Passes décisives de Messi et Ronaldo : ce que la dernière passe ne peut pas expliquer | The Rivalry,"Pourquoi les totaux de passes décisives divergent et comment Wembley, Munich et Lusail révèlent le travail créatif de Messi et Ronaldo au-delà du dernier ballon.",https://messivsronaldo17.com/fr/insights/why-assist-totals-differ,,no,539429,,2026-10-06T18:54:41Z
/fr/international,200,fr,Messi vs Ronaldo International Buts marqués et passes décisives — 2026 | The Rivalry,Football international. Base de référence révisée et mises à jour de match publiées. Consultez la couverture de chaque statistique et le journal de mise à jour public.,https://messivsronaldo17.com/fr/international,,no,518797,,2026-10-06T18:54:41Z
/fr/la-liga,200,fr,Messi vs Ronaldo : buts et moyennes en Liga | The Rivalry,"Messi a marqué 474 buts en Liga en 520 matchs ; Ronaldo, 311 en 292. Comparez les totaux et les buts par match.",https://messivsronaldo17.com/fr/la-liga,,no,512656,,2026-10-06T18:54:41Z
/fr/league,200,fr,Buts marqués en Ligue Messi vs Ronaldo dans tous les clubs | The Rivalry,Carrières en championnat national. Base de référence révisée et mises à jour de match publiées. Consultez la couverture de chaque statistique et le journal de mise à jour public.,https://messivsronaldo17.com/fr/league,,no,518682,,2026-10-06T18:54:41Z
/fr/man-of-the-match,200,fr,Messi vs Ronaldo: Homme du match | The Rivalry,Comparez les désignations d’homme du match de WhoScored dans les championnats européens et en Ligue des champions depuis 2009/10.,https://messivsronaldo17.com/fr/man-of-the-match,,no,489811,,2026-10-06T18:54:41Z
/fr/methodology,200,fr,"Sources de données, définitions et méthodologie | The Rivalry",Ce que nous comptons. D'où ça vient. Ce que nous ne savons pas. Les détails qui valent la peine d’être lus.,https://messivsronaldo17.com/fr/methodology,,no,551377,,2026-10-06T18:54:41Z
/fr/milestone-planner,200,fr,Calculateur de paliers de buts Messi vs Ronaldo | The Rivalry,Fixez un objectif de buts et un rythme pour chaque joueur. Voyez les matchs nécessaires selon vos hypothèses et les totaux de carrière publiés.,https://messivsronaldo17.com/fr/milestone-planner,,no,463514,,2026-10-06T18:54:41Z
/fr/penalties,200,fr,"Pénalités Messi vs Ronaldo : marqués, manqués et conversion | The Rivalry",Aperçu de la carrière. Base de référence révisée et mises à jour de match publiées. Consultez la couverture de chaque statistique et le journal de mise à jour public.,https://messivsronaldo17.com/fr/penalties,,yes,527023,,2026-10-06T18:54:41Z
/fr/players/messi,200,fr,"Lionel Messi : buts marqués, statistiques et récompenses – 2026 | The Rivalry","Lionel Messi jusqu'à 27 septembre 2026, avec des records en Ligue des champions et en Liga et des récompenses individuelles.",https://messivsronaldo17.com/fr/players/messi,,no,510583,,2026-10-06T18:54:41Z
/fr/players/ronaldo,200,fr,"Cristiano Ronaldo : buts marqués, statistiques et récompenses – 2026 | The Rivalry","Cristiano Ronaldo jusqu'à 27 septembre 2026, avec des records en Ligue des champions et en Liga et des récompenses individuelles.",https://messivsronaldo17.com/fr/players/ronaldo,,no,517752,,2026-10-06T18:54:41Z
/fr/privacy,200,fr,Politique de confidentialité | The Rivalry,"Ce que The Rivalry stocke, pourquoi il est utilisé et les choix offerts aux visiteurs.",https://messivsronaldo17.com/fr/privacy,,no,494203,,2026-10-06T18:54:41Z
/fr/records,200,fr,Records Messi vs Ronaldo : la course aux 1 000 buts marqués | The Rivalry,Aperçu de la carrière. Base de référence révisée et mises à jour de match publiées. Consultez la couverture de chaque statistique et le journal de mise à jour public.,https://messivsronaldo17.com/fr/records,,yes,524659,,2026-10-06T18:54:41Z
/fr/scoring-calculator,200,fr,Calculateur Messi vs Ronaldo : saisons et moyennes | The Rivalry,"Choisissez un bilan pour chaque joueur. Comparez les buts à minutes ou matchs égaux, explorez leurs meilleures saisons et partagez votre calcul.",https://messivsronaldo17.com/fr/scoring-calculator,,no,477288,,2026-10-06T18:54:41Z
/fr/seasons,200,fr,Messi contre Ronaldo par année : 2002-2026 Buts marqués et passes décisives | The Rivalry,"Comparez chaque année civile jusqu'en 2026 : buts marqués, passes décisives, minutes, matchs joués et taux par 90 pour le football de club, de pays et de ligue.",https://messivsronaldo17.com/fr/seasons,,no,509761,,2026-10-06T18:54:41Z
/fr/seasons/2002,200,fr,Messi vs Ronaldo 2002 : buts et statistiques de l’année civile | The Rivalry,"Messi vs Ronaldo en 2002 : 0 contre 5 buts, 0 contre 4 passes décisives. Comparez les matchs, les minutes et les moyennes de buts en club et en sélection.",https://messivsronaldo17.com/fr/seasons/2002,,no,558502,,2026-10-06T18:54:41Z
/fr/seasons/2003,200,fr,Messi vs Ronaldo 2003 : buts et statistiques de l’année civile | The Rivalry,"Messi vs Ronaldo en 2003 : 0 contre 1 buts, 0 contre 2 passes décisives. Comparez les matchs, les minutes et les moyennes de buts en club et en sélection.",https://messivsronaldo17.com/fr/seasons/2003,,no,562098,,2026-10-06T18:54:41Z
/fr/seasons/2004,200,fr,Messi vs Ronaldo 2004 : buts et statistiques de l’année civile | The Rivalry,"Messi vs Ronaldo en 2004 : 0 contre 13 buts, 0 contre 14 passes décisives. Comparez les matchs, les minutes et les moyennes de buts en club et en sélection.",https://messivsronaldo17.com/fr/seasons/2004,,no,568253,,2026-10-06T18:54:41Z
/fr/seasons/2005,200,fr,Messi vs Ronaldo 2005 : buts et statistiques de l’année civile | The Rivalry,"Messi vs Ronaldo en 2005 : 3 contre 15 buts, 4 contre 11 passes décisives. Comparez les matchs, les minutes et les moyennes de buts en club et en sélection.",https://messivsronaldo17.com/fr/seasons/2005,,no,570250,,2026-10-06T18:54:41Z
/fr/seasons/2006,200,fr,Messi vs Ronaldo 2006 : buts et statistiques de l’année civile | The Rivalry,"Messi vs Ronaldo en 2006 : 12 contre 25 buts, 3 contre 10 passes décisives. Comparez les matchs, les minutes et les moyennes de buts en club et en sélection.",https://messivsronaldo17.com/fr/seasons/2006,,no,570482,,2026-10-06T18:54:41Z
/fr/seasons/2007,200,fr,Messi vs Ronaldo 2007 : buts et statistiques de l’année civile | The Rivalry,"Messi vs Ronaldo en 2007 : 31 contre 34 buts, 12 contre 11 passes décisives. Comparez les matchs, les minutes et les moyennes de buts en club et en sélection.",https://messivsronaldo17.com/fr/seasons/2007,,no,570472,,2026-10-06T18:54:41Z
/fr/seasons/2008,200,fr,Messi vs Ronaldo 2008 : buts et statistiques de l’année civile | The Rivalry,"Messi vs Ronaldo en 2008 : 22 contre 35 buts, 18 contre 12 passes décisives. Comparez les matchs, les minutes et les moyennes de buts en club et en sélection.",https://messivsronaldo17.com/fr/seasons/2008,,no,570422,,2026-10-06T18:54:41Z
/fr/seasons/2009,200,fr,Messi vs Ronaldo 2009 : buts et statistiques de l’année civile | The Rivalry,"Messi vs Ronaldo en 2009 : 41 contre 30 buts, 15 contre 6 passes décisives. Comparez les matchs, les minutes et les moyennes de buts en club et en sélection.",https://messivsronaldo17.com/fr/seasons/2009,,no,570424,,2026-10-06T18:54:41Z
/fr/seasons/2009-10,200,fr,Messi contre Ronaldo 2009/10 : buts marqués et taux de scores | The Rivalry,"Dans la Liga 2009/10, Messi a marqué 34 buts marqués et Ronaldo en a marqué 26. Comparez les chiffres de la ligue et de la Ligue des champions avec les sources.",https://messivsronaldo17.com/fr/seasons/2009-10,,no,500265,,2026-10-06T18:54:41Z
/fr/seasons/2010,200,fr,Messi vs Ronaldo 2010 : buts et statistiques de l’année civile | The Rivalry,"Messi vs Ronaldo en 2010 : 60 contre 48 buts, 17 contre 18 passes décisives. Comparez les matchs, les minutes et les moyennes de buts en club et en sélection.",https://messivsronaldo17.com/fr/seasons/2010,,no,570513,,2026-10-06T18:54:41Z
/fr/seasons/2010-11,200,fr,Messi contre Ronaldo 2010/11 : buts marqués et taux de scores | The Rivalry,"Dans la Liga 2010/11, Messi a marqué 31 buts marqués et Ronaldo en a marqué 40. Comparez les chiffres de la ligue et de la Ligue des champions avec les sources.",https://messivsronaldo17.com/fr/seasons/2010-11,,no,500384,,2026-10-06T18:54:41Z
/fr/seasons/2011,200,fr,Messi vs Ronaldo 2011 : buts et statistiques de l’année civile | The Rivalry,"Messi vs Ronaldo en 2011 : 59 contre 60 buts, 37 contre 18 passes décisives. Comparez les matchs, les minutes et les moyennes de buts en club et en sélection.",https://messivsronaldo17.com/fr/seasons/2011,,no,570820,,2026-10-06T18:54:41Z
/fr/seasons/2011-12,200,fr,Messi contre Ronaldo 2011/12 : buts marqués et taux de scores | The Rivalry,"Dans la Liga 2011/12, Messi a marqué 50 buts marqués et Ronaldo en a marqué 46. Comparez les chiffres de la ligue et de la Ligue des champions avec les sources.",https://messivsronaldo17.com/fr/seasons/2011-12,,no,500826,,2026-10-06T18:54:41Z
/fr/seasons/2012,200,fr,Messi vs Ronaldo 2012 : buts et statistiques de l’année civile | The Rivalry,"Messi vs Ronaldo en 2012 : 91 contre 63 buts, 22 contre 13 passes décisives. Comparez les matchs, les minutes et les moyennes de buts en club et en sélection.",https://messivsronaldo17.com/fr/seasons/2012,,no,570901,,2026-10-06T18:54:41Z
/fr/seasons/2012-13,200,fr,Messi contre Ronaldo 2012/13 : buts marqués et taux de scores | The Rivalry,"Dans la Liga 2012/13, Messi a marqué 46 buts marqués et Ronaldo en a marqué 34. Comparez les chiffres de la ligue et de la Ligue des champions avec les sources.",https://messivsronaldo17.com/fr/seasons/2012-13,,no,500386,,2026-10-06T18:54:41Z
/fr/seasons/2013,200,fr,Messi vs Ronaldo 2013 : buts et statistiques de l’année civile | The Rivalry,"Messi vs Ronaldo en 2013 : 45 contre 69 buts, 16 contre 15 passes décisives. Comparez les matchs, les minutes et les moyennes de buts en club et en sélection.",https://messivsronaldo17.com/fr/seasons/2013,,no,570619,,2026-10-06T18:54:41Z
/fr/seasons/2013-14,200,fr,Messi contre Ronaldo 2013/14 : buts marqués et taux de scores | The Rivalry,"Dans la Liga 2013/14, Messi a marqué 28 buts marqués et Ronaldo en a marqué 31. Comparez les chiffres de la ligue et de la Ligue des champions avec les sources.",https://messivsronaldo17.com/fr/seasons/2013-14,,no,499402,,2026-10-06T18:54:41Z
/fr/seasons/2014,200,fr,Messi vs Ronaldo 2014 : buts et statistiques de l’année civile | The Rivalry,"Messi vs Ronaldo en 2014 : 58 contre 61 buts, 21 contre 20 passes décisives. Comparez les matchs, les minutes et les moyennes de buts en club et en sélection.",https://messivsronaldo17.com/fr/seasons/2014,,no,570393,,2026-10-06T18:54:41Z
/fr/seasons/2014-15,200,fr,Messi contre Ronaldo 2014/15 : buts marqués et taux de scores | The Rivalry,"Dans la Liga 2014/15, Messi a marqué 43 buts marqués et Ronaldo en a marqué 48. Comparez les chiffres de la ligue et de la Ligue des champions avec les sources.",https://messivsronaldo17.com/fr/seasons/2014-15,,no,499222,,2026-10-06T18:54:41Z
/fr/seasons/2015,200,fr,Messi vs Ronaldo 2015 : buts et statistiques de l’année civile | The Rivalry,"Messi vs Ronaldo en 2015 : 52 contre 57 buts, 26 contre 17 passes décisives. Comparez les matchs, les minutes et les moyennes de buts en club et en sélection.",https://messivsronaldo17.com/fr/seasons/2015,,no,570435,,2026-10-06T18:54:41Z
/fr/seasons/2015-16,200,fr,Messi contre Ronaldo 2015/16 : buts marqués et taux de scores | The Rivalry,"Dans la Liga 2015/16, Messi a marqué 26 buts marqués et Ronaldo en a marqué 35. Comparez les chiffres de la ligue et de la Ligue des champions avec les sources.",https://messivsronaldo17.com/fr/seasons/2015-16,,no,500525,,2026-10-06T18:54:41Z
/fr/seasons/2016,200,fr,Messi vs Ronaldo 2016 : buts et statistiques de l’année civile | The Rivalry,"Messi vs Ronaldo en 2016 : 59 contre 55 buts, 31 contre 16 passes décisives. Comparez les matchs, les minutes et les moyennes de buts en club et en sélection.",https://messivsronaldo17.com/fr/seasons/2016,,no,570534,,2026-10-06T18:54:41Z
/fr/seasons/2016-17,200,fr,Messi contre Ronaldo 2016/17 : buts marqués et taux de scores | The Rivalry,"Dans la Liga 2016/17, Messi a marqué 37 buts marqués et Ronaldo en a marqué 25. Comparez les chiffres de la ligue et de la Ligue des champions avec les sources.",https://messivsronaldo17.com/fr/seasons/2016-17,,no,500486,,2026-10-06T18:54:41Z
/fr/seasons/2017,200,fr,Messi vs Ronaldo 2017 : buts et statistiques de l’année civile | The Rivalry,"Messi vs Ronaldo en 2017 : 54 contre 53 buts, 16 contre 12 passes décisives. Comparez les matchs, les minutes et les moyennes de buts en club et en sélection.",https://messivsronaldo17.com/fr/seasons/2017,,no,570628,,2026-10-06T18:54:41Z
/fr/seasons/2017-18,200,fr,Messi contre Ronaldo 2017/18 : buts marqués et taux de scores | The Rivalry,"Dans la Liga 2017/18, Messi a marqué 34 buts marqués et Ronaldo en a marqué 26. Comparez les chiffres de la ligue et de la Ligue des champions avec les sources.",https://messivsronaldo17.com/fr/seasons/2017-18,,no,500276,,2026-10-06T18:54:41Z
/fr/seasons/2018,200,fr,Messi vs Ronaldo 2018 : buts et statistiques de l’année civile | The Rivalry,"Messi vs Ronaldo en 2018 : 51 contre 49 buts, 26 contre 13 passes décisives. Comparez les matchs, les minutes et les moyennes de buts en club et en sélection.",https://messivsronaldo17.com/fr/seasons/2018,,no,570326,,2026-10-06T18:54:41Z
/fr/seasons/2019,200,fr,Messi vs Ronaldo 2019 : buts et statistiques de l’année civile | The Rivalry,"Messi vs Ronaldo en 2019 : 50 contre 39 buts, 18 contre 4 passes décisives. Comparez les matchs, les minutes et les moyennes de buts en club et en sélection.",https://messivsronaldo17.com/fr/seasons/2019,,no,570339,,2026-10-06T18:54:41Z
/fr/seasons/2020,200,fr,Messi vs Ronaldo 2020 : buts et statistiques de l’année civile | The Rivalry,"Messi vs Ronaldo en 2020 : 27 contre 44 buts, 19 contre 7 passes décisives. Comparez les matchs, les minutes et les moyennes de buts en club et en sélection.",https://messivsronaldo17.com/fr/seasons/2020,,no,570402,,2026-10-06T18:54:41Z
/fr/seasons/2021,200,fr,Messi vs Ronaldo 2021 : buts et statistiques de l’année civile | The Rivalry,"Messi vs Ronaldo en 2021 : 43 contre 47 buts, 18 contre 7 passes décisives. Comparez les matchs, les minutes et les moyennes de buts en club et en sélection.",https://messivsronaldo17.com/fr/seasons/2021,,no,570275,,2026-10-06T18:54:41Z
/fr/seasons/2022,200,fr,Messi vs Ronaldo 2022 : buts et statistiques de l’année civile | The Rivalry,"Messi vs Ronaldo en 2022 : 35 contre 16 buts, 30 contre 4 passes décisives. Comparez les matchs, les minutes et les moyennes de buts en club et en sélection.",https://messivsronaldo17.com/fr/seasons/2022,,no,570646,,2026-10-06T18:54:41Z
/fr/seasons/2023,200,fr,Messi vs Ronaldo 2023 : buts et statistiques de l’année civile | The Rivalry,"Messi vs Ronaldo en 2023 : 28 contre 54 buts, 12 contre 15 passes décisives. Comparez les matchs, les minutes et les moyennes de buts en club et en sélection.",https://messivsronaldo17.com/fr/seasons/2023,,no,570770,,2026-10-06T18:54:41Z
/fr/seasons/2024,200,fr,Messi vs Ronaldo 2024 : buts et statistiques de l’année civile | The Rivalry,"Messi vs Ronaldo en 2024 : 29 contre 43 buts, 18 contre 7 passes décisives. Comparez les matchs, les minutes et les moyennes de buts en club et en sélection.",https://messivsronaldo17.com/fr/seasons/2024,,no,570655,,2026-10-06T18:54:41Z
/fr/seasons/2025,200,fr,Messi vs Ronaldo 2025 : buts et statistiques de l’année civile | The Rivalry,"Messi vs Ronaldo en 2025 : 46 contre 41 buts, 28 contre 4 passes décisives. Comparez les matchs, les minutes et les moyennes de buts en club et en sélection.",https://messivsronaldo17.com/fr/seasons/2025,,no,570397,,2026-10-06T18:54:41Z
/fr/seasons/2026,200,fr,Messi vs Ronaldo 2026 : buts et statistiques de l’année civile | The Rivalry,"Messi vs Ronaldo en 2026 : 35 contre 22 buts, 17 contre 1 passes décisives. Depuis le début de l'année jusqu'au 27 septembre 2026.",https://messivsronaldo17.com/fr/seasons/2026,,no,567974,,2026-10-06T18:54:41Z
/fr/sitemap,200,fr,Plan du site | The Rivalry,"Parcourez chaque comparaison Messi vs Ronaldo, profil de joueur, année civile, article et politique du site Web sur The Rivalry.",https://messivsronaldo17.com/fr/sitemap,,no,579416,,2026-10-06T18:54:41Z
/fr/terms,200,fr,Conditions d'utilisation | The Rivalry,Les conditions d'utilisation de nos comparaisons et articles sur messivsronaldo17.com.,https://messivsronaldo17.com/fr/terms,,no,472078,,2026-10-06T18:54:41Z
/fr/tools,200,fr,Messi vs Ronaldo : outils interactifs et jeux de football | The Rivalry,"Testez vos connaissances, explorez les tendances et créez vos scénarios de buts. Des outils originaux fondés sur les records.",https://messivsronaldo17.com/fr/tools,,no,465125,,2026-10-06T18:54:41Z
/fr/uefa-awards,200,fr,Messi vs Ronaldo: Prix UEFA | The Rivalry,Comparez les prix de Joueur de l’année UEFA et les saisons victorieuses de Messi et Ronaldo.,https://messivsronaldo17.com/fr/uefa-awards,,no,502110,,2026-10-06T18:54:41Z
/fr/updates,200,fr,Mises à jour des matchs publiées | The Rivalry,"Records de match datés de Messi et Ronaldo ajoutés après la référence révisée, avec sources et notes de couverture.",https://messivsronaldo17.com/fr/updates,,no,457907,,2026-10-06T18:54:41Z
/fr/vote,200,fr,Vote des fans : Messi vs Ronaldo | The Rivalry,Choisissez votre joueur préféré et consultez les résultats. Un vote par navigateur ; les totaux de départ et les votes des visiteurs sont indiqués séparément.,https://messivsronaldo17.com/fr/vote,,no,462677,,2026-10-06T18:54:41Z
/fr/world-cup,200,fr,Messi vs Ronaldo Buts marqués et passes décisives en Coupe du monde – 2026 | The Rivalry,Finales de la Coupe du monde. Base de référence révisée et mises à jour de match publiées. Consultez la couverture de chaque statistique et le journal de mise à jour public.,https://messivsronaldo17.com/fr/world-cup,,no,512235,,2026-10-06T18:54:41Z
/free-kicks,200,en,Messi vs Ronaldo Free-Kick Goals: Career Totals | The Rivalry,"Direct free-kick goals: Messi 76, Ronaldo 65. Compare their totals and see what counts as a free-kick goal. Updated 27 September 2026.",https://messivsronaldo17.com/free-kicks,,no,308810,,2026-10-06T18:54:41Z
/glossary,200,en,"Football Statistics Glossary: Goals, Assists & Scoring Rates | The Rivalry","What counts as a goal, assist, appearance or hat-trick? Understand the definitions, scoring formulas and counting rules used in our Messi vs Ronaldo comparisons.",https://messivsronaldo17.com/glossary,,no,276370,,2026-10-06T18:54:41Z
/goals,200,en,Messi vs Ronaldo Career Goals — Updated 2026 | The Rivalry,"Messi has 931 career goals and Ronaldo has 979. Compare club and international totals, appearances and scoring rates. Updated 27 September 2026.",https://messivsronaldo17.com/goals,,no,300786,,2026-10-06T18:54:41Z
/golden-boots,200,en,Messi vs Ronaldo: Golden Boots | The Rivalry,Compare Messi and Ronaldo’s European Golden Shoes and the league seasons in which they won them.,https://messivsronaldo17.com/golden-boots,,no,301484,,2026-10-06T18:54:41Z
/hat-tricks,200,en,Messi vs Ronaldo Hat-Tricks & Career Scoring Records | The Rivalry,Career overview. Reviewed baseline plus published match updates. See each statistic’s coverage and the public update log.,https://messivsronaldo17.com/hat-tricks,,yes,309725,,2026-10-06T18:54:41Z
/head-to-head,200,en,Messi vs Ronaldo Head-to-Head: Goals in Direct Meetings | The Rivalry,Direct meetings. Reviewed baseline plus published match updates. See each statistic’s coverage and the public update log.,https://messivsronaldo17.com/head-to-head,,no,294078,,2026-10-06T18:54:41Z
/hi,200,hi,"मेसी बनाम रोनाल्डो: करियर आँकड़े, गोल और ट्रॉफ़ियाँ","मेसी और रोनाल्डो के करियर गोल, असिस्ट, ट्रॉफ़ियों और गोल दरों की तुलना करें। क्लब, विश्व कप और चैंपियंस लीग के रिकॉर्ड देखें। 27 सितंबर 2026 तक के आँकड़े।",https://messivsronaldo17.com/hi,,no,713543,,2026-10-06T18:54:41Z
/hi/2026,200,hi,"मेस्सी बनाम रोनाल्डो 2026 गोल, सहायता और आँकड़े | The Rivalry","Goals, assists, appearances and playing minutes from 1 January 2026. अद्यतन किया गया 27 सितंबर 2026. The year is still in progress.",https://messivsronaldo17.com/hi/2026,,no,645861,,2026-10-06T18:54:41Z
/hi/about,200,hi,प्रतिद्वंद्विता के बारे में | The Rivalry,दो असाधारण करियर एक ही नंबर पर बहस से कहीं अधिक लायक हैं।,https://messivsronaldo17.com/hi/about,,no,596250,,2026-10-06T18:54:41Z
/hi/accessibility,200,hi,अभिगम्यता विवरण | The Rivalry,"हम सुलभ ब्राउज़िंग का समर्थन कैसे करते हैं, और जब कोई चीज़ रास्ते में आती है तो समस्या का वर्णन कैसे करें।",https://messivsronaldo17.com/hi/accessibility,,no,592444,,2026-10-06T18:54:41Z
/hi/answers,200,hi,"मेसी बनाम रोनाल्डो: गोल, रिकॉर्ड और त्वरित जवाब | The Rivalry","मेसी और रोनाल्डो के गोल, असिस्ट, मैच और गोल रिकॉर्ड पर तारीख सहित जवाब पाएँ, स्रोतों और गिनती के नियमों के साथ।",https://messivsronaldo17.com/hi/answers,,no,611193,,2026-10-06T18:54:41Z
/hi/assists,200,hi,मेस्सी बनाम रोनाल्डो कैरियर सहायता और गोल योगदान | The Rivalry,करियर सिंहावलोकन। समीक्षा की गई बेसलाइन प्लस प्रकाशित मैच अपडेट। प्रत्येक आँकड़े का कवरेज और सार्वजनिक अद्यतन लॉग देखें।,https://messivsronaldo17.com/hi/assists,,yes,658000,,2026-10-06T18:54:41Z
/hi/ballon-dor,200,hi,मेसी बनाम रोनाल्डो: बैलन डी ओर | The Rivalry,"मेसी और रोनाल्डो की बैलन डी ओर जीत, जीत के वर्षों और पुरस्कारों की समयरेखा की तुलना करें।",https://messivsronaldo17.com/hi/ballon-dor,,no,650305,,2026-10-06T18:54:41Z
/hi/career-timeline,200,hi,मेसी बनाम रोनाल्डो करियर समयरेखा: इंटरैक्टिव गोल और असिस्ट | The Rivalry,"वर्षों की अवधि चुनें, गोल और असिस्ट बदलें और समय के साथ दोनों करियर की तुलना देखें।",https://messivsronaldo17.com/hi/career-timeline,,no,593137,,2026-10-06T18:54:41Z
/hi/champions-league,200,hi,मेस्सी बनाम रोनाल्डो चैंपियंस लीग गोल किये और सहायता की | The Rivalry,चैंपियंस लीग। समीक्षा की गई बेसलाइन प्लस प्रकाशित मैच अपडेट। प्रत्येक आँकड़े का कवरेज और सार्वजनिक अद्यतन लॉग देखें।,https://messivsronaldo17.com/hi/champions-league,,no,653792,,2026-10-06T18:54:41Z
/hi/club-stats,200,hi,मेसी बनाम रोनाल्डो: क्लब सीज़न के गोल और आँकड़े | The Rivalry,"2002/2003 से 2026/2027 तक क्लब सीज़न के अनुसार मेसी और रोनाल्डो की तुलना करें: गोल, असिस्ट, मैच, मिनट और गोल दरें।",https://messivsronaldo17.com/hi/club-stats,,no,615113,,2026-10-06T18:54:41Z
/hi/club-stats/2002-2003,200,hi,मेसी बनाम रोनाल्डो 2002/2003: सीज़न के गोल और आँकड़े | The Rivalry,"2002/2003 क्लब सीज़न: मेसी के 0 गोल और 0 असिस्ट; रोनाल्डो के 5 गोल और 4 असिस्ट। मैच, मिनट और गोल दरों की तुलना करें।",https://messivsronaldo17.com/hi/club-stats/2002-2003,,no,644799,,2026-10-06T18:54:41Z
/hi/club-stats/2003-2004,200,hi,मेसी बनाम रोनाल्डो 2003/2004: सीज़न के गोल और आँकड़े | The Rivalry,"2003/2004 क्लब सीज़न: मेसी के 0 गोल और 0 असिस्ट; रोनाल्डो के 6 गोल और 6 असिस्ट। मैच, मिनट और गोल दरों की तुलना करें।",https://messivsronaldo17.com/hi/club-stats/2003-2004,,no,647968,,2026-10-06T18:54:41Z
/hi/club-stats/2004-2005,200,hi,मेसी बनाम रोनाल्डो 2004/2005: सीज़न के गोल और आँकड़े | The Rivalry,"2004/2005 क्लब सीज़न: मेसी के 1 गोल और 0 असिस्ट; रोनाल्डो के 9 गोल और 8 असिस्ट। मैच, मिनट और गोल दरों की तुलना करें।",https://messivsronaldo17.com/hi/club-stats/2004-2005,,no,651447,,2026-10-06T18:54:41Z
/hi/club-stats/2005-2006,200,hi,मेसी बनाम रोनाल्डो 2005/2006: सीज़न के गोल और आँकड़े | The Rivalry,"2005/2006 क्लब सीज़न: मेसी के 8 गोल और 3 असिस्ट; रोनाल्डो के 12 गोल और 8 असिस्ट। मैच, मिनट और गोल दरों की तुलना करें।",https://messivsronaldo17.com/hi/club-stats/2005-2006,,no,651019,,2026-10-06T18:54:41Z
/hi/club-stats/2006-2007,200,hi,मेसी बनाम रोनाल्डो 2006/2007: सीज़न के गोल और आँकड़े | The Rivalry,"2006/2007 क्लब सीज़न: मेसी के 17 गोल और 3 असिस्ट; रोनाल्डो के 23 गोल और 14 असिस्ट। मैच, मिनट और गोल दरों की तुलना करें।",https://messivsronaldo17.com/hi/club-stats/2006-2007,,no,651109,,2026-10-06T18:54:41Z
/hi/club-stats/2007-2008,200,hi,मेसी बनाम रोनाल्डो 2007/2008: सीज़न के गोल और आँकड़े | The Rivalry,"2007/2008 क्लब सीज़न: मेसी के 16 गोल और 13 असिस्ट; रोनाल्डो के 42 गोल और 7 असिस्ट। मैच, मिनट और गोल दरों की तुलना करें।",https://messivsronaldo17.com/hi/club-stats/2007-2008,,no,651043,,2026-10-06T18:54:41Z
/hi/club-stats/2008-2009,200,hi,मेसी बनाम रोनाल्डो 2008/2009: सीज़न के गोल और आँकड़े | The Rivalry,"2008/2009 क्लब सीज़न: मेसी के 38 गोल और 17 असिस्ट; रोनाल्डो के 26 गोल और 9 असिस्ट। मैच, मिनट और गोल दरों की तुलना करें।",https://messivsronaldo17.com/hi/club-stats/2008-2009,,no,650954,,2026-10-06T18:54:41Z
/hi/club-stats/2009-2010,200,hi,मेसी बनाम रोनाल्डो 2009/2010: सीज़न के गोल और आँकड़े | The Rivalry,"2009/2010 क्लब सीज़न: मेसी के 47 गोल और 11 असिस्ट; रोनाल्डो के 33 गोल और 8 असिस्ट। मैच, मिनट और गोल दरों की तुलना करें।",https://messivsronaldo17.com/hi/club-stats/2009-2010,,no,651342,,2026-10-06T18:54:41Z
/hi/club-stats/2010-2011,200,hi,मेसी बनाम रोनाल्डो 2010/2011: सीज़न के गोल और आँकड़े | The Rivalry,"2010/2011 क्लब सीज़न: मेसी के 53 गोल और 23 असिस्ट; रोनाल्डो के 53 गोल और 16 असिस्ट। मैच, मिनट और गोल दरों की तुलना करें।",https://messivsronaldo17.com/hi/club-stats/2010-2011,,no,651390,,2026-10-06T18:54:41Z
/hi/club-stats/2011-2012,200,hi,मेसी बनाम रोनाल्डो 2011/2012: सीज़न के गोल और आँकड़े | The Rivalry,"2011/2012 क्लब सीज़न: मेसी के 73 गोल और 30 असिस्ट; रोनाल्डो के 60 गोल और 15 असिस्ट। मैच, मिनट और गोल दरों की तुलना करें।",https://messivsronaldo17.com/hi/club-stats/2011-2012,,no,651280,,2026-10-06T18:54:41Z
/hi/club-stats/2012-2013,200,hi,मेसी बनाम रोनाल्डो 2012/2013: सीज़न के गोल और आँकड़े | The Rivalry,"2012/2013 क्लब सीज़न: मेसी के 60 गोल और 15 असिस्ट; रोनाल्डो के 55 गोल और 12 असिस्ट। मैच, मिनट और गोल दरों की तुलना करें।",https://messivsronaldo17.com/hi/club-stats/2012-2013,,no,651295,,2026-10-06T18:54:41Z
/hi/club-stats/2013-2014,200,hi,मेसी बनाम रोनाल्डो 2013/2014: सीज़न के गोल और आँकड़े | The Rivalry,"2013/2014 क्लब सीज़न: मेसी के 41 गोल और 14 असिस्ट; रोनाल्डो के 51 गोल और 14 असिस्ट। मैच, मिनट और गोल दरों की तुलना करें।",https://messivsronaldo17.com/hi/club-stats/2013-2014,,no,651281,,2026-10-06T18:54:41Z
/hi/club-stats/2014-2015,200,hi,मेसी बनाम रोनाल्डो 2014/2015: सीज़न के गोल और आँकड़े | The Rivalry,"2014/2015 क्लब सीज़न: मेसी के 58 गोल और 27 असिस्ट; रोनाल्डो के 61 गोल और 21 असिस्ट। मैच, मिनट और गोल दरों की तुलना करें।",https://messivsronaldo17.com/hi/club-stats/2014-2015,,no,651219,,2026-10-06T18:54:41Z
/hi/club-stats/2015-2016,200,hi,मेसी बनाम रोनाल्डो 2015/2016: सीज़न के गोल और आँकड़े | The Rivalry,"2015/2016 क्लब सीज़न: मेसी के 41 गोल और 23 असिस्ट; रोनाल्डो के 51 गोल और 15 असिस्ट। मैच, मिनट और गोल दरों की तुलना करें।",https://messivsronaldo17.com/hi/club-stats/2015-2016,,no,651294,,2026-10-06T18:54:41Z
/hi/club-stats/2016-2017,200,hi,मेसी बनाम रोनाल्डो 2016/2017: सीज़न के गोल और आँकड़े | The Rivalry,"2016/2017 क्लब सीज़न: मेसी के 54 गोल और 16 असिस्ट; रोनाल्डो के 42 गोल और 11 असिस्ट। मैच, मिनट और गोल दरों की तुलना करें।",https://messivsronaldo17.com/hi/club-stats/2016-2017,,no,651177,,2026-10-06T18:54:41Z
/hi/club-stats/2017-2018,200,hi,मेसी बनाम रोनाल्डो 2017/2018: सीज़न के गोल और आँकड़े | The Rivalry,"2017/2018 क्लब सीज़न: मेसी के 45 गोल और 18 असिस्ट; रोनाल्डो के 44 गोल और 8 असिस्ट। मैच, मिनट और गोल दरों की तुलना करें।",https://messivsronaldo17.com/hi/club-stats/2017-2018,,no,651313,,2026-10-06T18:54:41Z
/hi/club-stats/2018-2019,200,hi,मेसी बनाम रोनाल्डो 2018/2019: सीज़न के गोल और आँकड़े | The Rivalry,"2018/2019 क्लब सीज़न: मेसी के 51 गोल और 19 असिस्ट; रोनाल्डो के 28 गोल और 10 असिस्ट। मैच, मिनट और गोल दरों की तुलना करें।",https://messivsronaldo17.com/hi/club-stats/2018-2019,,no,651090,,2026-10-06T18:54:41Z
/hi/club-stats/2019-2020,200,hi,मेसी बनाम रोनाल्डो 2019/2020: सीज़न के गोल और आँकड़े | The Rivalry,"2019/2020 क्लब सीज़न: मेसी के 31 गोल और 25 असिस्ट; रोनाल्डो के 37 गोल और 5 असिस्ट। मैच, मिनट और गोल दरों की तुलना करें।",https://messivsronaldo17.com/hi/club-stats/2019-2020,,no,651143,,2026-10-06T18:54:41Z
/hi/club-stats/2020-2021,200,hi,मेसी बनाम रोनाल्डो 2020/2021: सीज़न के गोल और आँकड़े | The Rivalry,"2020/2021 क्लब सीज़न: मेसी के 38 गोल और 12 असिस्ट; रोनाल्डो के 36 गोल और 5 असिस्ट। मैच, मिनट और गोल दरों की तुलना करें।",https://messivsronaldo17.com/hi/club-stats/2020-2021,,no,651035,,2026-10-06T18:54:41Z
/hi/club-stats/2021-2022,200,hi,मेसी बनाम रोनाल्डो 2021/2022: सीज़न के गोल और आँकड़े | The Rivalry,"2021/2022 क्लब सीज़न: मेसी के 11 गोल और 14 असिस्ट; रोनाल्डो के 24 गोल और 3 असिस्ट। मैच, मिनट और गोल दरों की तुलना करें।",https://messivsronaldo17.com/hi/club-stats/2021-2022,,no,651255,,2026-10-06T18:54:41Z
/hi/club-stats/2022-2023,200,hi,मेसी बनाम रोनाल्डो 2022/2023: सीज़न के गोल और आँकड़े | The Rivalry,"2022/2023 क्लब सीज़न: मेसी के 21 गोल और 20 असिस्ट; रोनाल्डो के 17 गोल और 4 असिस्ट। मैच, मिनट और गोल दरों की तुलना करें।",https://messivsronaldo17.com/hi/club-stats/2022-2023,,no,651076,,2026-10-06T18:54:41Z
/hi/club-stats/2023-2024,200,hi,मेसी बनाम रोनाल्डो 2023/2024: सीज़न के गोल और आँकड़े | The Rivalry,"2023/2024 क्लब सीज़न: मेसी के 25 गोल और 16 असिस्ट; रोनाल्डो के 50 गोल और 13 असिस्ट। मैच, मिनट और गोल दरों की तुलना करें।",https://messivsronaldo17.com/hi/club-stats/2023-2024,,no,648470,,2026-10-06T18:54:41Z
/hi/club-stats/2024-2025,200,hi,मेसी बनाम रोनाल्डो 2024/2025: सीज़न के गोल और आँकड़े | The Rivalry,"2024/2025 क्लब सीज़न: मेसी के 33 गोल और 9 असिस्ट; रोनाल्डो के 35 गोल और 4 असिस्ट। मैच, मिनट और गोल दरों की तुलना करें।",https://messivsronaldo17.com/hi/club-stats/2024-2025,,no,651482,,2026-10-06T18:54:41Z
/hi/club-stats/2025-2026,200,hi,मेसी बनाम रोनाल्डो 2025/2026: सीज़न के गोल और आँकड़े | The Rivalry,"2025/2026 क्लब सीज़न: मेसी के 32 गोल और 25 असिस्ट; रोनाल्डो के 30 गोल और 4 असिस्ट। मैच, मिनट और गोल दरों की तुलना करें।",https://messivsronaldo17.com/hi/club-stats/2025-2026,,no,651469,,2026-10-06T18:54:41Z
/hi/club-stats/2026-2027,200,hi,मेसी बनाम रोनाल्डो 2026/2027: सीज़न के गोल और आँकड़े | The Rivalry,"2026/2027 क्लब सीज़न: मेसी के 12 गोल और 6 असिस्ट; रोनाल्डो के 3 गोल और 0 असिस्ट। मैच, मिनट और गोल दरों की तुलना करें। सीज़न जारी है; स्रोत की समीक्षा 29 सितंबर 2026 को की गई।",https://messivsronaldo17.com/hi/club-stats/2026-2027,,no,651249,,2026-10-06T18:54:41Z
/hi/clubs,200,hi,"मेस्सी और रोनाल्डो क्लब आँकड़े: इंटर मियामी, अल नासर और अधिक | The Rivalry",Inter Miami / Al Nassr। समीक्षा की गई बेसलाइन प्लस प्रकाशित मैच अपडेट। प्रत्येक आँकड़े का कवरेज और सार्वजनिक अद्यतन लॉग देखें।,https://messivsronaldo17.com/hi/clubs,,no,682291,,2026-10-06T18:54:41Z
/hi/compare,200,hi,मेस्सी बनाम रोनाल्डो तुलना एक्सप्लोरर | The Rivalry,करियर सिंहावलोकन। समीक्षा की गई बेसलाइन प्लस प्रकाशित मैच अपडेट। प्रत्येक आँकड़े का कवरेज और सार्वजनिक अद्यतन लॉग देखें।,https://messivsronaldo17.com/hi/compare,,yes,656402,,2026-10-06T18:54:41Z
/hi/comparison-posters,200,hi,मेसी बनाम रोनाल्डो तुलना पोस्टर | The Rivalry,"हमारे प्रकाशित आंकड़ों से मेसी बनाम रोनाल्डो का अपना पोस्टर बनाएं। प्रतियोगिता चुनें, डिज़ाइन बदलें और वेबसाइट के लिंक के साथ साझा करें।",https://messivsronaldo17.com/hi/comparison-posters,,no,599910,,2026-10-06T18:54:41Z
/hi/contact,200,hi,संपर्क और सहायता | The Rivalry,"The Rivalry को प्रश्न, सांख्यिकीय सुधार, गोपनीयता अनुरोध, सुलभता समस्याएँ या चित्र अधिकार संबंधी चिंताएँ भेजें।",https://messivsronaldo17.com/hi/contact,,no,587451,,2026-10-06T18:54:41Z
/hi/cookies,200,hi,कुकी नीति | The Rivalry,वेबसाइट के इस संस्करण द्वारा उपयोग किए गए भंडारण की एक संक्षिप्त सूची।,https://messivsronaldo17.com/hi/cookies,,no,600588,,2026-10-06T18:54:41Z
/hi/copa-america-vs-euros,200,hi,मेसी कोपा अमेरिका बनाम रोनाल्डो यूरो: गोल और आँकड़े | The Rivalry,कोपा अमेरिका / यूरो। समीक्षा की गई बेसलाइन प्लस प्रकाशित मैच अपडेट। प्रत्येक आँकड़े का कवरेज और सार्वजनिक अद्यतन लॉग देखें।,https://messivsronaldo17.com/hi/copa-america-vs-euros,,no,650849,,2026-10-06T18:54:41Z
/hi/credits,200,hi,फोटोग्राफी क्रेडिट और लाइसेंस | The Rivalry,"द राइवलरी में उपयोग किए गए खिलाड़ियों के चित्रों, चिह्नों और स्थानीय रूप से होस्ट किए गए फ़ॉन्ट के लिए श्रेय।",https://messivsronaldo17.com/hi/credits,,no,592071,,2026-10-06T18:54:41Z
/hi/disclaimer,200,hi,संपादकीय एवं डेटा अस्वीकरण | The Rivalry,"तुलना में हमारे आंकड़े, फोटोग्राफी और लोगों के साथ संबंध की व्याख्या कैसे करें।",https://messivsronaldo17.com/hi/disclaimer,,no,594629,,2026-10-06T18:54:41Z
/hi/european-clubs,200,hi,मेस्सी बनाम रोनाल्डो यूरोपीय क्लब कैरियर गोल किये और सहायता की | The Rivalry,यूरोपीय क्लब। समीक्षा की गई बेसलाइन प्लस प्रकाशित मैच अपडेट। प्रत्येक आँकड़े का कवरेज और सार्वजनिक अद्यतन लॉग देखें।,https://messivsronaldo17.com/hi/european-clubs,,no,650900,,2026-10-06T18:54:41Z
/hi/fifa-awards,200,hi,मेसी बनाम रोनाल्डो: फीफा पुरस्कार | The Rivalry,मेसी और रोनाल्डो की द बेस्ट फीफा पुरुष खिलाड़ी पुरस्कार की जीत और संस्करणों की तुलना करें।,https://messivsronaldo17.com/hi/fifa-awards,,no,629462,,2026-10-06T18:54:41Z
/hi/football-quiz,200,hi,मेसी बनाम रोनाल्डो आँकड़ा क्विज़: अपनी फ़ुटबॉल जानकारी परखें | The Rivalry,"आठ प्रश्न। दो असाधारण करियर। खिलाड़ी चुनें, आँकड़े जानें और अपना स्कोर देखें।",https://messivsronaldo17.com/hi/football-quiz,,no,583109,,2026-10-06T18:54:41Z
/hi/free-kicks,200,hi,मेसी बनाम रोनाल्डो: करियर में फ़्री-किक गोल | The Rivalry,"सीधे फ़्री-किक से गोल: मेसी 76, रोनाल्डो 65। कुल की तुलना करें और जानें कि फ़्री-किक गोल में क्या गिना जाता है। अद्यतन किया गया 27 सितंबर 2026.",https://messivsronaldo17.com/hi/free-kicks,,no,659538,,2026-10-06T18:54:41Z
/hi/glossary,200,hi,"फ़ुटबॉल आँकड़ों की शब्दावली: गोल, असिस्ट और स्कोरिंग दरें | The Rivalry","गोल, असिस्ट, खेले गए मैच या हैट्रिक में क्या गिना जाता है? मेसी और रोनाल्डो की हमारी तुलनाओं में इस्तेमाल होने वाली परिभाषाएँ, स्कोरिंग दर के सूत्र और गिनती के नियम समझें।",https://messivsronaldo17.com/hi/glossary,,no,635287,,2026-10-06T18:54:41Z
/hi/goals,200,hi,मेसी बनाम रोनाल्डो करियर गोल स्कोर - अद्यतन 2026 | The Rivalry,"मेसी के करियर में 931 गोल और रोनाल्डो के 979 गोल हैं। क्लब और राष्ट्रीय टीम के गोल, मैच और गोल दर की तुलना करें। अद्यतन किया गया 27 सितंबर 2026.",https://messivsronaldo17.com/hi/goals,,no,656779,,2026-10-06T18:54:41Z
/hi/golden-boots,200,hi,मेसी बनाम रोनाल्डो: गोल्डन बूट | The Rivalry,मेसी और रोनाल्डो के यूरोपीय गोल्डन शू पुरस्कारों और उन्हें जीतने वाले लीग सीज़न की तुलना करें।,https://messivsronaldo17.com/hi/golden-boots,,no,646026,,2026-10-06T18:54:41Z
/hi/hat-tricks,200,hi,मेस्सी बनाम रोनाल्डो हैट्रिक और करियर स्कोरिंग रिकॉर्ड | The Rivalry,करियर सिंहावलोकन। समीक्षा की गई बेसलाइन प्लस प्रकाशित मैच अपडेट। प्रत्येक आँकड़े का कवरेज और सार्वजनिक अद्यतन लॉग देखें।,https://messivsronaldo17.com/hi/hat-tricks,,yes,660257,,2026-10-06T18:54:41Z
/hi/head-to-head,200,hi,मेस्सी बनाम रोनाल्डो हेड-टू-हेड: सीधी बैठकों में गोल किये गये | The Rivalry,सीधी मुलाकातें। समीक्षा की गई बेसलाइन प्लस प्रकाशित मैच अपडेट। प्रत्येक आँकड़े का कवरेज और सार्वजनिक अद्यतन लॉग देखें।,https://messivsronaldo17.com/hi/head-to-head,,no,648815,,2026-10-06T18:54:41Z
/hi/honours,200,hi,मेस्सी बनाम रोनाल्डो ट्रॉफ़ीज़ और बैलोन डी'ओर पुरस्कार - 2026 | The Rivalry,"मेसी: 49 टीम ट्रॉफ़ियाँ। रोनाल्डो: 37। ट्रॉफ़ियों की सूची, गिनती के नियम और व्यक्तिगत पुरस्कार अलग-अलग देखें। 21 सितंबर 2026 तक.",https://messivsronaldo17.com/hi/honours,,no,641230,,2026-10-06T18:54:41Z
/hi/insights,200,hi,"फ़ुटबॉल विश्लेषण: बैलन डी’ओर, रिकॉर्ड और आँकड़े | The Rivalry","स्रोतों और इंटरैक्टिव तुलनाओं के साथ बैलन डी’ओर 2026 के दावेदार, सीज़न के सत्यापित आँकड़े और मेसी–रोनाल्डो रिकॉर्ड जानें।",https://messivsronaldo17.com/hi/insights,,no,601207,,2026-10-06T18:54:41Z
/hi/insights/ballon-dor-2026-contenders-stats,200,hi,बैलन डी’ओर 2026 के दावेदार: गोल तालिका से आगे सामरिक मूल्यांकन | The Rivalry,"केन, एम्बाप्पे, क्वारात्सखेलिया, यमाल और रोड्री की अलग भूमिकाएँ: 2026 के दावेदारों का गोल, मौके और नियंत्रण के आधार पर विश्लेषण।",https://messivsronaldo17.com/hi/insights/ballon-dor-2026-contenders-stats,,no,720862,,2026-10-06T18:54:41Z
/hi/insights/ballon-dor-2026-date-voting-rules,200,hi,"बैलन डी’ओर 2026: तारीख, मतदान के नियम और फुटबॉल का निष्पक्ष मूल्यांकन | The Rivalry","समारोह की तारीख, मूल्यांकन अवधि, पत्रकारों के मत और अलग भूमिकाओं वाले खिलाड़ियों की तुलना करने का सामरिक तरीका।",https://messivsronaldo17.com/hi/insights/ballon-dor-2026-date-voting-rules,,no,706936,,2026-10-06T18:54:41Z
/hi/insights/kane-vs-mbappe-ballon-dor-2026-stats,200,hi,बैलन डी’ओर में केन बनाम एम्बाप्पे: रक्षा तोड़ने के दो अलग रास्ते | The Rivalry,"2025/26 के गोल रिकॉर्ड के पीछे केन और एम्बाप्पे की गतिविधि, सहयोगी खिलाड़ियों और रक्षा पर पड़ने वाले अलग दबाव की विस्तृत तुलना।",https://messivsronaldo17.com/hi/insights/kane-vs-mbappe-ballon-dor-2026-stats,,no,714913,,2026-10-06T18:54:41Z
/hi/insights/messi-2011-12-vs-ronaldo-2013-14-champions-league,200,hi,मेस्सी के 14 बनाम रोनाल्डो के 17: चैंपियंस लीग के शिखर और नॉकआउट की अनिश्चितता | The Rivalry,"मेस्सी के 2011/12 और रोनाल्डो के 2013/14 यूरोपीय अभियानों की तुलना: आक्रमण की बनावट, कठिन मुकाबले और गोल करने तथा टूर्नामेंट जीतने के बीच का अंतर।",https://messivsronaldo17.com/hi/insights/messi-2011-12-vs-ronaldo-2013-14-champions-league,,no,709714,,2026-10-06T18:54:41Z
/hi/insights/messi-2011-12-vs-ronaldo-2014-15-la-liga,200,hi,"मेस्सी के 50 बनाम रोनाल्डो के 48: शानदार ला लीगा सीजन, फिर भी खिताब नहीं | The Rivalry","2011/12 के मेस्सी और 2014/15 के रोनाल्डो का सामरिक विश्लेषण: केंद्रीय संयोजन, बॉक्स की गतिविधि और वे क्लासिको जिन्होंने गोल तालिका से बड़ा सवाल पूछा।",https://messivsronaldo17.com/hi/insights/messi-2011-12-vs-ronaldo-2014-15-la-liga,,no,706602,,2026-10-06T18:54:41Z
/hi/insights/messi-2012-vs-ronaldo-2013-goals,200,hi,मेस्सी का 2012 बनाम रोनाल्डो का 2013: ऐतिहासिक गोलों के पीछे दो अलग हमले | The Rivalry,"91 और 69 गोलों से आगे: मेस्सी तथा रोनाल्डो के रिकॉर्ड वर्षों की पोजीशन, साझेदारियाँ, निर्णायक मैच और बदलती सामरिक जिम्मेदारियाँ।",https://messivsronaldo17.com/hi/insights/messi-2012-vs-ronaldo-2013-goals,,no,705712,,2026-10-06T18:54:41Z
/hi/insights/totals-vs-scoring-rates,200,hi,मेस्सी बनाम रोनाल्डो: प्रति मैच गोल की दर पूरी कहानी क्यों नहीं है | The Rivalry,"करियर के कुल गोल, प्रति मैच गोल और प्रति 90 मिनट की दर को समझने के लिए भूमिका, मौके और यूरोपीय नॉकआउट मैचों का सामरिक विश्लेषण।",https://messivsronaldo17.com/hi/insights/totals-vs-scoring-rates,,no,705497,,2026-10-06T18:54:41Z
/hi/insights/what-counts-as-a-career-goal,200,hi,"करियर का गोल किसे कहें? मेस्सी, रोनाल्डो और रिकॉर्ड के पीछे का खेल | The Rivalry","विश्व कप की पेनल्टी से चैंपियंस लीग के हेडर तक: करियर गोल की गणना, शूटआउट का अंतर और वे बदलाव जिनसे मेस्सी तथा रोनाल्डो लगातार गोल करते रहे।",https://messivsronaldo17.com/hi/insights/what-counts-as-a-career-goal,,no,703618,,2026-10-06T18:54:41Z
/hi/insights/why-assist-totals-differ,200,hi,मेस्सी बनाम रोनाल्डो असिस्ट: आखिरी पास से पहले की रचनात्मकता | The Rivalry,"असिस्ट के कुल अलग क्यों होते हैं, मेस्सी और रोनाल्डो अलग व्यवस्थाओं में मौके कैसे बनाते थे, और तीन बड़े मैच अंतिम पास से आगे क्या दिखाते हैं।",https://messivsronaldo17.com/hi/insights/why-assist-totals-differ,,no,703268,,2026-10-06T18:54:41Z
/hi/international,200,hi,मेसी बनाम रोनाल्डो अंतर्राष्ट्रीय गोल और सहायता - 2026 | The Rivalry,अंतर्राष्ट्रीय फुटबॉल। समीक्षा की गई बेसलाइन प्लस प्रकाशित मैच अपडेट। प्रत्येक आँकड़े का कवरेज और सार्वजनिक अद्यतन लॉग देखें।,https://messivsronaldo17.com/hi/international,,no,655360,,2026-10-06T18:54:41Z
/hi/la-liga,200,hi,मेस्सी बनाम रोनाल्डो ला लीगा गोल और स्कोरिंग दरें | The Rivalry,मेसी ने ला लीगा में 520 मैचों में 474 गोल किए; रोनाल्डो ने 292 मैचों में 311। कुल गोल और प्रति मैच गोल की तुलना करें।,https://messivsronaldo17.com/hi/la-liga,,no,650066,,2026-10-06T18:54:41Z
/hi/league,200,hi,मेस्सी बनाम रोनाल्डो लीग में सभी क्लबों ने गोल किये | The Rivalry,घरेलू लीग करियर। समीक्षा की गई बेसलाइन प्लस प्रकाशित मैच अपडेट। प्रत्येक आँकड़े का कवरेज और सार्वजनिक अद्यतन लॉग देखें।,https://messivsronaldo17.com/hi/league,,no,654566,,2026-10-06T18:54:41Z
/hi/man-of-the-match,200,hi,मेसी बनाम रोनाल्डो: प्लेयर ऑफ़ द मैच | The Rivalry,2009/10 से यूरोपीय लीग और चैंपियंस लीग में WhoScored के प्लेयर ऑफ़ द मैच चयनों की तुलना करें।,https://messivsronaldo17.com/hi/man-of-the-match,,no,617435,,2026-10-06T18:54:41Z
/hi/methodology,200,hi,"डेटा स्रोत, परिभाषाएँ और कार्यप्रणाली | The Rivalry",हम क्या गिनते हैं। जहाँ से यह आया। हम क्या नहीं जानते. विवरण जो संख्याओं को पढ़ने लायक बनाते हैं।,https://messivsronaldo17.com/hi/methodology,,no,694530,,2026-10-06T18:54:41Z
/hi/milestone-planner,200,hi,मेसी बनाम रोनाल्डो गोल उपलब्धि कैलकुलेटर | The Rivalry,हर खिलाड़ी के लिए गोल का लक्ष्य और दर तय करें। प्रकाशित करियर आँकड़ों और अपनी धारणाओं के आधार पर आवश्यक मैच देखें।,https://messivsronaldo17.com/hi/milestone-planner,,no,589933,,2026-10-06T18:54:41Z
/hi/penalties,200,hi,"मेस्सी बनाम रोनाल्डो पेनाल्टी: स्कोर, चूक और रूपांतरण | The Rivalry",करियर सिंहावलोकन। समीक्षा की गई बेसलाइन प्लस प्रकाशित मैच अपडेट। प्रत्येक आँकड़े का कवरेज और सार्वजनिक अद्यतन लॉग देखें।,https://messivsronaldo17.com/hi/penalties,,yes,660236,,2026-10-06T18:54:41Z
/hi/players/messi,200,hi,"Lionel Messi: गोल किए गए, आँकड़े और पुरस्कार - 2026 | The Rivalry","चैंपियंस लीग और ला लीगा रिकॉर्ड और व्यक्तिगत पुरस्कारों के साथ, 27 सितंबर 2026 के माध्यम से Lionel Messi के करियर आँकड़े प्राप्त किए गए।",https://messivsronaldo17.com/hi/players/messi,,no,640518,,2026-10-06T18:54:41Z
/hi/players/ronaldo,200,hi,"Cristiano Ronaldo: गोल किए गए, आँकड़े और पुरस्कार - 2026 | The Rivalry","चैंपियंस लीग और ला लीगा रिकॉर्ड और व्यक्तिगत पुरस्कारों के साथ, 27 सितंबर 2026 के माध्यम से Cristiano Ronaldo के करियर आँकड़े प्राप्त किए गए।",https://messivsronaldo17.com/hi/players/ronaldo,,no,648102,,2026-10-06T18:54:41Z
/hi/privacy,200,hi,गोपनीयता नीति | The Rivalry,"द राइवलरी क्या स्टोर करता है, इसका उपयोग क्यों किया जाता है, और आगंतुकों के लिए विकल्प उपलब्ध हैं।",https://messivsronaldo17.com/hi/privacy,,no,637110,,2026-10-06T18:54:41Z
/hi/records,200,hi,"मेस्सी बनाम रोनाल्डो रिकॉर्ड्स: 1,000 गोल की दौड़ | The Rivalry",करियर सिंहावलोकन। समीक्षा की गई बेसलाइन प्लस प्रकाशित मैच अपडेट। प्रत्येक आँकड़े का कवरेज और सार्वजनिक अद्यतन लॉग देखें।,https://messivsronaldo17.com/hi/records,,yes,661012,,2026-10-06T18:54:41Z
/hi/scoring-calculator,200,hi,मेसी बनाम रोनाल्डो गोल कैलकुलेटर: सीज़न और दरों की तुलना | The Rivalry,"हर खिलाड़ी का रिकॉर्ड चुनें। समान मिनटों या मैचों पर गोल की तुलना करें, बेहतरीन सीज़न देखें और अपनी गणना साझा करें।",https://messivsronaldo17.com/hi/scoring-calculator,,no,606138,,2026-10-06T18:54:41Z
/hi/seasons,200,hi,मेसी बनाम रोनाल्डो वर्ष के अनुसार: 2002-2026 गोल किए गए और सहायता की गई | The Rivalry,"2026 तक प्रत्येक कैलेंडर वर्ष की तुलना करें: बनाए गए गोल, सहायता, मिनट, खेले गए मैच और क्लब, देश और लीग फुटबॉल के लिए प्रति-90 दरें।",https://messivsronaldo17.com/hi/seasons,,no,644429,,2026-10-06T18:54:41Z
/hi/seasons/2002,200,hi,मेसी बनाम रोनाल्डो 2002: कैलेंडर वर्ष के गोल और आँकड़े | The Rivalry,"2002 में मेसी बनाम रोनाल्डो: 0 बनाम 5 गोल, 0 बनाम 4 असिस्ट। क्लब और राष्ट्रीय टीम के मैच, मिनट और गोल दरों की तुलना करें।",https://messivsronaldo17.com/hi/seasons/2002,,no,696533,,2026-10-06T18:54:41Z
/hi/seasons/2003,200,hi,मेसी बनाम रोनाल्डो 2003: कैलेंडर वर्ष के गोल और आँकड़े | The Rivalry,"2003 में मेसी बनाम रोनाल्डो: 0 बनाम 1 गोल, 0 बनाम 2 असिस्ट। क्लब और राष्ट्रीय टीम के मैच, मिनट और गोल दरों की तुलना करें।",https://messivsronaldo17.com/hi/seasons/2003,,no,700610,,2026-10-06T18:54:41Z
/hi/seasons/2004,200,hi,मेसी बनाम रोनाल्डो 2004: कैलेंडर वर्ष के गोल और आँकड़े | The Rivalry,"2004 में मेसी बनाम रोनाल्डो: 0 बनाम 13 गोल, 0 बनाम 14 असिस्ट। क्लब और राष्ट्रीय टीम के मैच, मिनट और गोल दरों की तुलना करें।",https://messivsronaldo17.com/hi/seasons/2004,,no,707566,,2026-10-06T18:54:41Z
/hi/seasons/2005,200,hi,मेसी बनाम रोनाल्डो 2005: कैलेंडर वर्ष के गोल और आँकड़े | The Rivalry,"2005 में मेसी बनाम रोनाल्डो: 3 बनाम 15 गोल, 4 बनाम 11 असिस्ट। क्लब और राष्ट्रीय टीम के मैच, मिनट और गोल दरों की तुलना करें।",https://messivsronaldo17.com/hi/seasons/2005,,no,709327,,2026-10-06T18:54:41Z
/hi/seasons/2006,200,hi,मेसी बनाम रोनाल्डो 2006: कैलेंडर वर्ष के गोल और आँकड़े | The Rivalry,"2006 में मेसी बनाम रोनाल्डो: 12 बनाम 25 गोल, 3 बनाम 10 असिस्ट। क्लब और राष्ट्रीय टीम के मैच, मिनट और गोल दरों की तुलना करें।",https://messivsronaldo17.com/hi/seasons/2006,,no,709461,,2026-10-06T18:54:41Z
/hi/seasons/2007,200,hi,मेसी बनाम रोनाल्डो 2007: कैलेंडर वर्ष के गोल और आँकड़े | The Rivalry,"2007 में मेसी बनाम रोनाल्डो: 31 बनाम 34 गोल, 12 बनाम 11 असिस्ट। क्लब और राष्ट्रीय टीम के मैच, मिनट और गोल दरों की तुलना करें।",https://messivsronaldo17.com/hi/seasons/2007,,no,709447,,2026-10-06T18:54:41Z
/hi/seasons/2008,200,hi,मेसी बनाम रोनाल्डो 2008: कैलेंडर वर्ष के गोल और आँकड़े | The Rivalry,"2008 में मेसी बनाम रोनाल्डो: 22 बनाम 35 गोल, 18 बनाम 12 असिस्ट। क्लब और राष्ट्रीय टीम के मैच, मिनट और गोल दरों की तुलना करें।",https://messivsronaldo17.com/hi/seasons/2008,,no,709395,,2026-10-06T18:54:41Z
/hi/seasons/2009,200,hi,मेसी बनाम रोनाल्डो 2009: कैलेंडर वर्ष के गोल और आँकड़े | The Rivalry,"2009 में मेसी बनाम रोनाल्डो: 41 बनाम 30 गोल, 15 बनाम 6 असिस्ट। क्लब और राष्ट्रीय टीम के मैच, मिनट और गोल दरों की तुलना करें।",https://messivsronaldo17.com/hi/seasons/2009,,no,709479,,2026-10-06T18:54:41Z
/hi/seasons/2009-10,200,hi,मेस्सी बनाम रोनाल्डो 2009/10: गोल और स्कोरिंग दरें | The Rivalry,ला लीगा 2009/10 में मेस्सी ने 34 गोल किये और रोनाल्डो ने 26 गोल किये। स्रोतों के साथ लीग और चैंपियंस लीग के आंकड़ों की तुलना करें।,https://messivsronaldo17.com/hi/seasons/2009-10,,no,630181,,2026-10-06T18:54:41Z
/hi/seasons/2010,200,hi,मेसी बनाम रोनाल्डो 2010: कैलेंडर वर्ष के गोल और आँकड़े | The Rivalry,"2010 में मेसी बनाम रोनाल्डो: 60 बनाम 48 गोल, 17 बनाम 18 असिस्ट। क्लब और राष्ट्रीय टीम के मैच, मिनट और गोल दरों की तुलना करें।",https://messivsronaldo17.com/hi/seasons/2010,,no,709495,,2026-10-06T18:54:41Z
/hi/seasons/2010-11,200,hi,मेस्सी बनाम रोनाल्डो 2010/11: गोल और स्कोरिंग दरें | The Rivalry,ला लीगा 2010/11 में मेस्सी ने 31 गोल किये और रोनाल्डो ने 40 गोल किये। स्रोतों के साथ लीग और चैंपियंस लीग के आंकड़ों की तुलना करें।,https://messivsronaldo17.com/hi/seasons/2010-11,,no,630244,,2026-10-06T18:54:41Z
/hi/seasons/2011,200,hi,मेसी बनाम रोनाल्डो 2011: कैलेंडर वर्ष के गोल और आँकड़े | The Rivalry,"2011 में मेसी बनाम रोनाल्डो: 59 बनाम 60 गोल, 37 बनाम 18 असिस्ट। क्लब और राष्ट्रीय टीम के मैच, मिनट और गोल दरों की तुलना करें।",https://messivsronaldo17.com/hi/seasons/2011,,no,709709,,2026-10-06T18:54:41Z
/hi/seasons/2011-12,200,hi,मेस्सी बनाम रोनाल्डो 2011/12: गोल और स्कोरिंग दरें | The Rivalry,ला लीगा 2011/12 में मेस्सी ने 50 गोल किये और रोनाल्डो ने 46 गोल किये। स्रोतों के साथ लीग और चैंपियंस लीग के आंकड़ों की तुलना करें।,https://messivsronaldo17.com/hi/seasons/2011-12,,no,631087,,2026-10-06T18:54:41Z
/hi/seasons/2012,200,hi,मेसी बनाम रोनाल्डो 2012: कैलेंडर वर्ष के गोल और आँकड़े | The Rivalry,"2012 में मेसी बनाम रोनाल्डो: 91 बनाम 63 गोल, 22 बनाम 13 असिस्ट। क्लब और राष्ट्रीय टीम के मैच, मिनट और गोल दरों की तुलना करें।",https://messivsronaldo17.com/hi/seasons/2012,,no,710001,,2026-10-06T18:54:41Z
/hi/seasons/2012-13,200,hi,मेस्सी बनाम रोनाल्डो 2012/13: गोल और स्कोरिंग दरें | The Rivalry,ला लीगा 2012/13 में मेस्सी ने 46 गोल किये और रोनाल्डो ने 34 गोल किये। स्रोतों के साथ लीग और चैंपियंस लीग के आंकड़ों की तुलना करें।,https://messivsronaldo17.com/hi/seasons/2012-13,,no,630289,,2026-10-06T18:54:41Z
/hi/seasons/2013,200,hi,मेसी बनाम रोनाल्डो 2013: कैलेंडर वर्ष के गोल और आँकड़े | The Rivalry,"2013 में मेसी बनाम रोनाल्डो: 45 बनाम 69 गोल, 16 बनाम 15 असिस्ट। क्लब और राष्ट्रीय टीम के मैच, मिनट और गोल दरों की तुलना करें।",https://messivsronaldo17.com/hi/seasons/2013,,no,709865,,2026-10-06T18:54:41Z
/hi/seasons/2013-14,200,hi,मेस्सी बनाम रोनाल्डो 2013/14: गोल और स्कोरिंग दरें | The Rivalry,ला लीगा 2013/14 में मेस्सी ने 28 गोल किये और रोनाल्डो ने 31 गोल किये। स्रोतों के साथ लीग और चैंपियंस लीग के आंकड़ों की तुलना करें।,https://messivsronaldo17.com/hi/seasons/2013-14,,no,629267,,2026-10-06T18:54:41Z
/hi/seasons/2014,200,hi,मेसी बनाम रोनाल्डो 2014: कैलेंडर वर्ष के गोल और आँकड़े | The Rivalry,"2014 में मेसी बनाम रोनाल्डो: 58 बनाम 61 गोल, 21 बनाम 20 असिस्ट। क्लब और राष्ट्रीय टीम के मैच, मिनट और गोल दरों की तुलना करें।",https://messivsronaldo17.com/hi/seasons/2014,,no,709371,,2026-10-06T18:54:41Z
/hi/seasons/2014-15,200,hi,मेस्सी बनाम रोनाल्डो 2014/15: गोल और स्कोरिंग दरें | The Rivalry,ला लीगा 2014/15 में मेस्सी ने 43 गोल किये और रोनाल्डो ने 48 गोल किये। स्रोतों के साथ लीग और चैंपियंस लीग के आंकड़ों की तुलना करें।,https://messivsronaldo17.com/hi/seasons/2014-15,,no,629086,,2026-10-06T18:54:41Z
/hi/seasons/2015,200,hi,मेसी बनाम रोनाल्डो 2015: कैलेंडर वर्ष के गोल और आँकड़े | The Rivalry,"2015 में मेसी बनाम रोनाल्डो: 52 बनाम 57 गोल, 26 बनाम 17 असिस्ट। क्लब और राष्ट्रीय टीम के मैच, मिनट और गोल दरों की तुलना करें।",https://messivsronaldo17.com/hi/seasons/2015,,no,709434,,2026-10-06T18:54:41Z
/hi/seasons/2015-16,200,hi,मेस्सी बनाम रोनाल्डो 2015/16: गोल और स्कोरिंग दरें | The Rivalry,ला लीगा 2015/16 में मेस्सी ने 26 गोल किये और रोनाल्डो ने 35 गोल किये। स्रोतों के साथ लीग और चैंपियंस लीग के आंकड़ों की तुलना करें।,https://messivsronaldo17.com/hi/seasons/2015-16,,no,630450,,2026-10-06T18:54:41Z
/hi/seasons/2016,200,hi,मेसी बनाम रोनाल्डो 2016: कैलेंडर वर्ष के गोल और आँकड़े | The Rivalry,"2016 में मेसी बनाम रोनाल्डो: 59 बनाम 55 गोल, 31 बनाम 16 असिस्ट। क्लब और राष्ट्रीय टीम के मैच, मिनट और गोल दरों की तुलना करें।",https://messivsronaldo17.com/hi/seasons/2016,,no,709516,,2026-10-06T18:54:41Z
/hi/seasons/2016-17,200,hi,मेस्सी बनाम रोनाल्डो 2016/17: गोल और स्कोरिंग दरें | The Rivalry,ला लीगा 2016/17 में मेस्सी ने 37 गोल किये और रोनाल्डो ने 25 गोल किये। स्रोतों के साथ लीग और चैंपियंस लीग के आंकड़ों की तुलना करें।,https://messivsronaldo17.com/hi/seasons/2016-17,,no,630343,,2026-10-06T18:54:41Z
/hi/seasons/2017,200,hi,मेसी बनाम रोनाल्डो 2017: कैलेंडर वर्ष के गोल और आँकड़े | The Rivalry,"2017 में मेसी बनाम रोनाल्डो: 54 बनाम 53 गोल, 16 बनाम 12 असिस्ट। क्लब और राष्ट्रीय टीम के मैच, मिनट और गोल दरों की तुलना करें।",https://messivsronaldo17.com/hi/seasons/2017,,no,709555,,2026-10-06T18:54:41Z
/hi/seasons/2017-18,200,hi,मेस्सी बनाम रोनाल्डो 2017/18: गोल और स्कोरिंग दरें | The Rivalry,ला लीगा 2017/18 में मेस्सी ने 34 गोल किये और रोनाल्डो ने 26 गोल किये। स्रोतों के साथ लीग और चैंपियंस लीग के आंकड़ों की तुलना करें।,https://messivsronaldo17.com/hi/seasons/2017-18,,no,630168,,2026-10-06T18:54:41Z
/hi/seasons/2018,200,hi,मेसी बनाम रोनाल्डो 2018: कैलेंडर वर्ष के गोल और आँकड़े | The Rivalry,"2018 में मेसी बनाम रोनाल्डो: 51 बनाम 49 गोल, 26 बनाम 13 असिस्ट। क्लब और राष्ट्रीय टीम के मैच, मिनट और गोल दरों की तुलना करें।",https://messivsronaldo17.com/hi/seasons/2018,,no,709308,,2026-10-06T18:54:41Z
/hi/seasons/2019,200,hi,मेसी बनाम रोनाल्डो 2019: कैलेंडर वर्ष के गोल और आँकड़े | The Rivalry,"2019 में मेसी बनाम रोनाल्डो: 50 बनाम 39 गोल, 18 बनाम 4 असिस्ट। क्लब और राष्ट्रीय टीम के मैच, मिनट और गोल दरों की तुलना करें।",https://messivsronaldo17.com/hi/seasons/2019,,no,709325,,2026-10-06T18:54:41Z
/hi/seasons/2020,200,hi,मेसी बनाम रोनाल्डो 2020: कैलेंडर वर्ष के गोल और आँकड़े | The Rivalry,"2020 में मेसी बनाम रोनाल्डो: 27 बनाम 44 गोल, 19 बनाम 7 असिस्ट। क्लब और राष्ट्रीय टीम के मैच, मिनट और गोल दरों की तुलना करें।",https://messivsronaldo17.com/hi/seasons/2020,,no,709448,,2026-10-06T18:54:41Z
/hi/seasons/2021,200,hi,मेसी बनाम रोनाल्डो 2021: कैलेंडर वर्ष के गोल और आँकड़े | The Rivalry,"2021 में मेसी बनाम रोनाल्डो: 43 बनाम 47 गोल, 18 बनाम 7 असिस्ट। क्लब और राष्ट्रीय टीम के मैच, मिनट और गोल दरों की तुलना करें।",https://messivsronaldo17.com/hi/seasons/2021,,no,709173,,2026-10-06T18:54:41Z
/hi/seasons/2022,200,hi,मेसी बनाम रोनाल्डो 2022: कैलेंडर वर्ष के गोल और आँकड़े | The Rivalry,"2022 में मेसी बनाम रोनाल्डो: 35 बनाम 16 गोल, 30 बनाम 4 असिस्ट। क्लब और राष्ट्रीय टीम के मैच, मिनट और गोल दरों की तुलना करें।",https://messivsronaldo17.com/hi/seasons/2022,,no,709684,,2026-10-06T18:54:41Z
/hi/seasons/2023,200,hi,मेसी बनाम रोनाल्डो 2023: कैलेंडर वर्ष के गोल और आँकड़े | The Rivalry,"2023 में मेसी बनाम रोनाल्डो: 28 बनाम 54 गोल, 12 बनाम 15 असिस्ट। क्लब और राष्ट्रीय टीम के मैच, मिनट और गोल दरों की तुलना करें।",https://messivsronaldo17.com/hi/seasons/2023,,no,709756,,2026-10-06T18:54:41Z
/hi/seasons/2024,200,hi,मेसी बनाम रोनाल्डो 2024: कैलेंडर वर्ष के गोल और आँकड़े | The Rivalry,"2024 में मेसी बनाम रोनाल्डो: 29 बनाम 43 गोल, 18 बनाम 7 असिस्ट। क्लब और राष्ट्रीय टीम के मैच, मिनट और गोल दरों की तुलना करें।",https://messivsronaldo17.com/hi/seasons/2024,,no,709681,,2026-10-06T18:54:41Z
/hi/seasons/2025,200,hi,मेसी बनाम रोनाल्डो 2025: कैलेंडर वर्ष के गोल और आँकड़े | The Rivalry,"2025 में मेसी बनाम रोनाल्डो: 46 बनाम 41 गोल, 28 बनाम 4 असिस्ट। क्लब और राष्ट्रीय टीम के मैच, मिनट और गोल दरों की तुलना करें।",https://messivsronaldo17.com/hi/seasons/2025,,no,709376,,2026-10-06T18:54:41Z
/hi/seasons/2026,200,hi,मेसी बनाम रोनाल्डो 2026: कैलेंडर वर्ष के गोल और आँकड़े | The Rivalry,"2026 में मेसी बनाम रोनाल्डो: 35 बनाम 22 गोल, 17 बनाम 1 असिस्ट। वर्ष से लेकर 27 सितंबर 2026 तक।",https://messivsronaldo17.com/hi/seasons/2026,,no,706206,,2026-10-06T18:54:41Z
/hi/sitemap,200,hi,साइट मानचित्र | The Rivalry,"द राइवलरी पर प्रत्येक मेस्सी बनाम रोनाल्डो तुलना, खिलाड़ी प्रोफ़ाइल, कैलेंडर वर्ष, लेख और वेबसाइट नीति ब्राउज़ करें।",https://messivsronaldo17.com/hi/sitemap,,no,715889,,2026-10-06T18:54:41Z
/hi/terms,200,hi,उपयोग की शर्तें | The Rivalry,messivsronaldo17.com पर हमारी तुलनाओं और लेखों के उपयोग की शर्तें।,https://messivsronaldo17.com/hi/terms,,no,603222,,2026-10-06T18:54:41Z
/hi/tools,200,hi,मेसी बनाम रोनाल्डो: इंटरैक्टिव टूल और फ़ुटबॉल खेल | The Rivalry,"फ़ुटबॉल की जानकारी परखें, करियर के रुझान देखें और गोल के अपने परिदृश्य बनाएँ। रिकॉर्ड पर आधारित हमारे अपने टूल।",https://messivsronaldo17.com/hi/tools,,no,593062,,2026-10-06T18:54:41Z
/hi/uefa-awards,200,hi,मेसी बनाम रोनाल्डो: यूईएफए पुरस्कार | The Rivalry,मेसी और रोनाल्डो के यूईएफए पुरुष खिलाड़ी ऑफ़ द ईयर पुरस्कारों और जीत के सीज़न की तुलना करें।,https://messivsronaldo17.com/hi/uefa-awards,,no,631213,,2026-10-06T18:54:41Z
/hi/updates,200,hi,मैच अपडेट प्रकाशित | The Rivalry,"दिनांकित मेस्सी और रोनाल्डो मैच रिकॉर्ड को स्रोतों और कवरेज नोट्स के साथ, समीक्षा की गई बेसलाइन के बाद जोड़ा गया।",https://messivsronaldo17.com/hi/updates,,no,583495,,2026-10-06T18:54:41Z
/hi/vote,200,hi,मेसी बनाम रोनाल्डो प्रशंसक मतदान | The Rivalry,अपना पसंदीदा खिलाड़ी चुनें और परिणाम देखें। हर ब्राउज़र से एक वोट; शुरुआती कुल और आगंतुकों के वोट अलग दिखाए जाते हैं।,https://messivsronaldo17.com/hi/vote,,no,588874,,2026-10-06T18:54:41Z
/hi/world-cup,200,hi,मेसी बनाम रोनाल्डो विश्व कप गोल और सहायता - 2026 | The Rivalry,विश्व कप फाइनल। समीक्षा की गई बेसलाइन प्लस प्रकाशित मैच अपडेट। प्रत्येक आँकड़े का कवरेज और सार्वजनिक अद्यतन लॉग देखें।,https://messivsronaldo17.com/hi/world-cup,,no,648216,,2026-10-06T18:54:41Z
/honours,200,en,Messi vs Ronaldo Trophies & Ballon d’Or Awards — 2026 | The Rivalry,"Messi: 49 team trophies. Ronaldo: 37. Compare the trophy list, counting rules and individual awards separately. Through 21 September 2026.",https://messivsronaldo17.com/honours,,no,290778,,2026-10-06T18:54:41Z
/insights,200,en,"Football analysis: Ballon d’Or, records & stats | The Rivalry","Explore Ballon d’Or 2026 contenders, verified season stats and Messi–Ronaldo records with sourced analysis and interactive comparisons.",https://messivsronaldo17.com/insights,,no,278036,,2026-10-06T18:54:41Z
/insights/ballon-dor-2026-contenders-stats,200,en,Ballon d’Or 2026 Contenders: The Tactical Case Beyond the Goal Charts | The Rivalry,"Kane, Mbappé, Kvaratskhelia, Yamal and Rodri represent different kinds of excellence. A tactical examination of the 2026 contenders and the matches behind their cases.",https://messivsronaldo17.com/insights/ballon-dor-2026-contenders-stats,,no,338514,,2026-10-06T18:54:41Z
/insights/ballon-dor-2026-date-voting-rules,200,en,"Ballon d’Or 2026 Explained: Dates, Voting Rules and How to Judge the Football | The Rivalry","The confirmed ceremony and judging window, how the journalists’ vote works, and a tactical guide to assessing scorers, creators and midfield controllers fairly.",https://messivsronaldo17.com/insights/ballon-dor-2026-date-voting-rules,,no,327201,,2026-10-06T18:54:41Z
/insights/cristiano-ronaldo-retirement-portugal-al-nassr-future,200,en,"Cristiano Ronaldo Retirement: What Is Confirmed, and What Comes Next? | The Rivalry","Has Cristiano Ronaldo retired? Separate his Portugal future, last World Cup and Al Nassr contract from speculation, then explore the tactics behind his final chapter.",https://messivsronaldo17.com/insights/cristiano-ronaldo-retirement-portugal-al-nassr-future,,no,318469,,2026-10-06T18:54:41Z
/insights/kane-vs-mbappe-ballon-dor-2026-stats,200,en,"Kane vs Mbappé for the Ballon d’Or: Two Strikers, Two Ways to Break a Defence | The Rivalry","A deep tactical comparison of Kane and Mbappé, connecting their 2025/26 scoring records to movement, supporting players and the different problems they create for defenders.",https://messivsronaldo17.com/insights/kane-vs-mbappe-ballon-dor-2026-stats,,no,332207,,2026-10-06T18:54:41Z
/insights/messi-2011-12-vs-ronaldo-2013-14-champions-league,200,en,Messi’s 14 vs Ronaldo’s 17: What Their Champions League Peaks Reveal About Knockout Football | The Rivalry,"Compare Messi’s 2011/12 and Ronaldo’s 2013/14 European campaigns through attacking structure, difficult knockout ties and the difference between scoring and controlling a tournament.",https://messivsronaldo17.com/insights/messi-2011-12-vs-ronaldo-2013-14-champions-league,,no,328299,,2026-10-06T18:54:41Z
/insights/messi-2011-12-vs-ronaldo-2014-15-la-liga,200,en,Messi’s 50 vs Ronaldo’s 48: The La Liga Peaks That Did Not Win the Title | The Rivalry,"A tactical comparison of Messi in 2011/12 and Ronaldo in 2014/15: central overloads, box movement and why extraordinary league scoring did not settle the title.",https://messivsronaldo17.com/insights/messi-2011-12-vs-ronaldo-2014-15-la-liga,,no,325405,,2026-10-06T18:54:41Z
/insights/messi-2012-vs-ronaldo-2013-goals,200,en,Messi’s 2012 vs Ronaldo’s 2013: How Two Different Attacks Produced Historic Years | The Rivalry,"Beyond 91 goals and 69: the positioning, partnerships and decisive matches behind Messi’s 2012 and Ronaldo’s 2013, with an interactive scoring comparison.",https://messivsronaldo17.com/insights/messi-2012-vs-ronaldo-2013-goals,,no,326725,,2026-10-06T18:54:41Z
/insights/messi-final-match-argentina-2026,200,en,Is This Really Messi’s Last Dance? His 2026 Argentina Farewell | The Rivalry,"A headline says Messi is playing his final match. Another mentions a contract that runs through 2028. If you’re wondering whether to prepare for one emotional evening or the end of his entire career, the distinction matters.",https://messivsronaldo17.com/insights/messi-final-match-argentina-2026,,no,283191,,2026-10-06T18:54:41Z
/insights/messi-retirement-argentina-inter-miami-future,200,en,Messi Retirement: Argentina’s Farewell and the Football Still Ahead | The Rivalry,"Messi has announced his Argentina retirement, while his Inter Miami contract runs through 2028. Explore the farewell, his tactical evolution and what comes next.",https://messivsronaldo17.com/insights/messi-retirement-argentina-inter-miami-future,,no,317681,,2026-10-06T18:54:41Z
/insights/messi-ronaldo-2017-stats,200,en,Messi vs Ronaldo in 2017: Why One Goal Cannot Explain the Year | The Rivalry,"Messi scored 54 goals and Ronaldo 53 in 2017, but their seasons told different stories. Explore Madrid’s knockout attack, Messi’s defining matches and the calendar-year trap.",https://messivsronaldo17.com/insights/messi-ronaldo-2017-stats,,no,303455,,2026-10-06T18:54:41Z
/insights/messi-ronaldo-free-kick-records,200,en,Messi vs Ronaldo Free Kicks: Two Ways to Beat the Wall | The Rivalry,"Compare Messi and Ronaldo’s direct free-kick records through technique, shot selection and landmark goals, with clear limits on what career totals can prove.",https://messivsronaldo17.com/insights/messi-ronaldo-free-kick-records,,no,300327,,2026-10-06T18:54:41Z
/insights/messi-ronaldo-individual-awards,200,en,Messi vs Ronaldo Awards: What the Trophies Tell Us About Their Football | The Rivalry,"Go beyond the Ballon d’Or count to understand Messi and Ronaldo’s Golden Shoes, UEFA awards and the different kinds of football those honours recognise.",https://messivsronaldo17.com/insights/messi-ronaldo-individual-awards,,no,307085,,2026-10-06T18:54:41Z
/insights/messi-ronaldo-la-liga-records,200,en,Messi vs Ronaldo in La Liga: The Records Behind Two Different Attacks | The Rivalry,"Explain Messi’s 474 La Liga goals, Ronaldo’s higher scoring rate and the 311–312 attribution difference through the tactics and time periods behind the records.",https://messivsronaldo17.com/insights/messi-ronaldo-la-liga-records,,no,305857,,2026-10-06T18:54:41Z
/insights/messi-ronaldo-penalty-records,200,en,Messi vs Ronaldo Penalties: What the Record Says About Risk and Technique | The Rivalry,"Understand Messi and Ronaldo’s penalty goals, misses and conversion rates through technique, match pressure and the crucial difference between match kicks and shootouts.",https://messivsronaldo17.com/insights/messi-ronaldo-penalty-records,,no,304408,,2026-10-06T18:54:41Z
/insights/messi-stats-career-guide,200,en,Messi’s Career Stats Explained: How the Playmaker Became the Finisher | The Rivalry,"Read Messi’s career record through the football that produced it: the false nine, Barcelona’s changing attack, Argentina’s balance and the limits of goal and assist totals.",https://messivsronaldo17.com/insights/messi-stats-career-guide,,no,303011,,2026-10-06T18:54:41Z
/insights/messi-vs-ronaldo-stats-guide,200,en,Messi vs Ronaldo: How to Read the Statistics Without Losing the Football | The Rivalry,"A tactical guide to comparing Messi and Ronaldo: goals, assists, playing time and the changing roles that made their careers impossible to reduce to one number.",https://messivsronaldo17.com/insights/messi-vs-ronaldo-stats-guide,,no,303223,,2026-10-06T18:54:41Z
/insights/ronaldo-stats-career-guide,200,en,Ronaldo’s Career Stats: The Art of Arriving Where Goals Happen | The Rivalry,"Explore Ronaldo’s career goals through his evolution from Manchester United runner to Real Madrid scorer and penalty-box specialist, with clear counting rules.",https://messivsronaldo17.com/insights/ronaldo-stats-career-guide,,no,304943,,2026-10-06T18:54:41Z
/insights/totals-vs-scoring-rates,200,en,Messi vs Ronaldo Goals per Game: Why the Denominator Changes the Story | The Rivalry,"A tactical guide to career totals, goals per appearance and goals per 90, using European knockout matches to explain what scoring rates reveal and conceal.",https://messivsronaldo17.com/insights/totals-vs-scoring-rates,,no,322570,,2026-10-06T18:54:41Z
/insights/what-counts-as-a-career-goal,200,en,"What Counts as a Career Goal? Messi, Ronaldo and the Football Behind the Record | The Rivalry","From World Cup penalties to Champions League headers, understand career-goal counting rules and the tactical work a lifetime total can never show on its own.",https://messivsronaldo17.com/insights/what-counts-as-a-career-goal,,no,323525,,2026-10-06T18:54:41Z
/insights/why-assist-totals-differ,200,en,Messi vs Ronaldo Assists: The Creative Work the Final Pass Cannot Explain | The Rivalry,"Why assist totals disagree, how Messi and Ronaldo created chances in different systems, and what three major matches reveal beyond the final pass.",https://messivsronaldo17.com/insights/why-assist-totals-differ,,no,324032,,2026-10-06T18:54:41Z
/international,200,en,Messi vs Ronaldo International Goals & Assists — 2026 | The Rivalry,International football. Reviewed baseline plus published match updates. See each statistic’s coverage and the public update log.,https://messivsronaldo17.com/international,,no,300842,,2026-10-06T18:54:41Z
/la-liga,200,en,Messi vs Ronaldo La Liga Goals & Scoring Rates | The Rivalry,Messi scored 474 La Liga goals in 520 appearances; Ronaldo scored 311 in 292. Compare career totals and goals per game.,https://messivsronaldo17.com/la-liga,,no,295179,,2026-10-06T18:54:41Z
/league,200,en,Messi vs Ronaldo League Goals Across All Clubs | The Rivalry,Domestic league careers. Reviewed baseline plus published match updates. See each statistic’s coverage and the public update log.,https://messivsronaldo17.com/league,,no,300440,,2026-10-06T18:54:41Z
/man-of-the-match,200,en,Messi vs Ronaldo: Man of the Match | The Rivalry,Compare WhoScored Man of the Match selections in European leagues and the Champions League since 2009/10.,https://messivsronaldo17.com/man-of-the-match,,no,274113,,2026-10-06T18:54:41Z
/methodology,200,en,"Data Sources, Definitions & Methodology | The Rivalry",What we count. Where it comes from. What we don’t know. The details that make the numbers worth reading.,https://messivsronaldo17.com/methodology,,no,332354,,2026-10-06T18:54:41Z
/milestone-planner,200,en,Messi vs Ronaldo Goal Milestone Calculator | The Rivalry,"Set a goal target and a scoring pace for each player. See the appearances needed under your assumptions, using the published career totals.",https://messivsronaldo17.com/milestone-planner,,no,248148,,2026-10-06T18:54:41Z
/nl,200,nl,"Messi vs Ronaldo: carrièrestatistieken, doelpunten en prijzen","Vergelijk doelpunten, assists, prijzen en scoringsgemiddelden van Messi en Ronaldo. Bekijk club-, WK- en Champions League-cijfers. Gegevens tot 27 september 2026.",https://messivsronaldo17.com/nl,,no,555012,,2026-10-06T18:54:41Z
/nl/2026,200,nl,"Messi versus Ronaldo 2026 Gescoorde doelpunten, assists en statistieken | The Rivalry","Goals, assists, appearances and playing minutes from 1 January 2026. Bijgewerkt 27 september 2026. The year is still in progress.",https://messivsronaldo17.com/nl/2026,,no,502044,,2026-10-06T18:54:41Z
/nl/about,200,nl,Over de rivaliteit | The Rivalry,Twee buitengewone carrières verdienen meer dan een ruzie over één getal.,https://messivsronaldo17.com/nl/about,,no,455724,,2026-10-06T18:54:41Z
/nl/accessibility,200,nl,Toegankelijkheidsverklaring | The Rivalry,Hoe we toegankelijk browsen ondersteunen en hoe we een probleem kunnen beschrijven als er iets in de weg staat.,https://messivsronaldo17.com/nl/accessibility,,no,453804,,2026-10-06T18:54:41Z
/nl/answers,200,nl,"Messi vs Ronaldo: doelpunten, records en snelle antwoorden | The Rivalry","Vind gedateerde antwoorden over doelpunten, assists, wedstrijden en scorerecords van Messi en Ronaldo, met bronnen en telregels.",https://messivsronaldo17.com/nl/answers,,no,470470,,2026-10-06T18:54:41Z
/nl/assists,200,nl,Messi versus Ronaldo Career Assists en doelpuntenbijdragen | The Rivalry,Carrièreoverzicht. Beoordeelde basislijn plus gepubliceerde wedstrijdupdates. Bekijk de dekking van elke statistiek en het openbare updatelogboek.,https://messivsronaldo17.com/nl/assists,,yes,510642,,2026-10-06T18:54:41Z
/nl/ballon-dor,200,nl,Messi vs Ronaldo: Ballon d’Or | The Rivalry,"Vergelijk de Ballon d’Or-zeges, winnende jaren en prijzentijdlijn van Messi en Ronaldo.",https://messivsronaldo17.com/nl/ballon-dor,,no,512532,,2026-10-06T18:54:41Z
/nl/career-timeline,200,nl,Messi vs Ronaldo-carrièretijdlijn: interactieve goals en assists | The Rivalry,"Kies een periode, wissel tussen goals en assists en ontdek hoe de twee carrières zich door de jaren heen vergelijken.",https://messivsronaldo17.com/nl/career-timeline,,no,457887,,2026-10-06T18:54:41Z
/nl/champions-league,200,nl,Messi versus Ronaldo Champions League Gescoorde doelpunten en assists | The Rivalry,Champions League. Beoordeelde basislijn plus gepubliceerde wedstrijdupdates. Bekijk de dekking van elke statistiek en het openbare updatelogboek.,https://messivsronaldo17.com/nl/champions-league,,no,505072,,2026-10-06T18:54:41Z
/nl/club-stats,200,nl,Messi vs Ronaldo: doelpunten en statistieken per clubseizoen | The Rivalry,"Vergelijk Messi en Ronaldo per clubseizoen, van 2002/2003 tot 2026/2027: doelpunten, assists, wedstrijden, minuten en scoringsgemiddelden.",https://messivsronaldo17.com/nl/club-stats,,no,476627,,2026-10-06T18:54:41Z
/nl/club-stats/2002-2003,200,nl,Messi vs Ronaldo 2002/2003: seizoensdoelpunten en statistieken | The Rivalry,"Clubseizoen 2002/2003: Messi 0 doelpunten en 0 assists; Ronaldo 5 doelpunten en 4 assists. Vergelijk wedstrijden, minuten en scoringsgemiddelden.",https://messivsronaldo17.com/nl/club-stats/2002-2003,,no,501197,,2026-10-06T18:54:41Z
/nl/club-stats/2003-2004,200,nl,Messi vs Ronaldo 2003/2004: seizoensdoelpunten en statistieken | The Rivalry,"Clubseizoen 2003/2004: Messi 0 doelpunten en 0 assists; Ronaldo 6 doelpunten en 6 assists. Vergelijk wedstrijden, minuten en scoringsgemiddelden.",https://messivsronaldo17.com/nl/club-stats/2003-2004,,no,503949,,2026-10-06T18:54:41Z
/nl/club-stats/2004-2005,200,nl,Messi vs Ronaldo 2004/2005: seizoensdoelpunten en statistieken | The Rivalry,"Clubseizoen 2004/2005: Messi 1 doelpunten en 0 assists; Ronaldo 9 doelpunten en 8 assists. Vergelijk wedstrijden, minuten en scoringsgemiddelden.",https://messivsronaldo17.com/nl/club-stats/2004-2005,,no,506759,,2026-10-06T18:54:41Z
/nl/club-stats/2005-2006,200,nl,Messi vs Ronaldo 2005/2006: seizoensdoelpunten en statistieken | The Rivalry,"Clubseizoen 2005/2006: Messi 8 doelpunten en 3 assists; Ronaldo 12 doelpunten en 8 assists. Vergelijk wedstrijden, minuten en scoringsgemiddelden.",https://messivsronaldo17.com/nl/club-stats/2005-2006,,no,506508,,2026-10-06T18:54:41Z
/nl/club-stats/2006-2007,200,nl,Messi vs Ronaldo 2006/2007: seizoensdoelpunten en statistieken | The Rivalry,"Clubseizoen 2006/2007: Messi 17 doelpunten en 3 assists; Ronaldo 23 doelpunten en 14 assists. Vergelijk wedstrijden, minuten en scoringsgemiddelden.",https://messivsronaldo17.com/nl/club-stats/2006-2007,,no,506478,,2026-10-06T18:54:41Z
/nl/club-stats/2007-2008,200,nl,Messi vs Ronaldo 2007/2008: seizoensdoelpunten en statistieken | The Rivalry,"Clubseizoen 2007/2008: Messi 16 doelpunten en 13 assists; Ronaldo 42 doelpunten en 7 assists. Vergelijk wedstrijden, minuten en scoringsgemiddelden.",https://messivsronaldo17.com/nl/club-stats/2007-2008,,no,506451,,2026-10-06T18:54:41Z
/nl/club-stats/2008-2009,200,nl,Messi vs Ronaldo 2008/2009: seizoensdoelpunten en statistieken | The Rivalry,"Clubseizoen 2008/2009: Messi 38 doelpunten en 17 assists; Ronaldo 26 doelpunten en 9 assists. Vergelijk wedstrijden, minuten en scoringsgemiddelden.",https://messivsronaldo17.com/nl/club-stats/2008-2009,,no,506485,,2026-10-06T18:54:41Z
/nl/club-stats/2009-2010,200,nl,Messi vs Ronaldo 2009/2010: seizoensdoelpunten en statistieken | The Rivalry,"Clubseizoen 2009/2010: Messi 47 doelpunten en 11 assists; Ronaldo 33 doelpunten en 8 assists. Vergelijk wedstrijden, minuten en scoringsgemiddelden.",https://messivsronaldo17.com/nl/club-stats/2009-2010,,no,506748,,2026-10-06T18:54:41Z
/nl/club-stats/2010-2011,200,nl,Messi vs Ronaldo 2010/2011: seizoensdoelpunten en statistieken | The Rivalry,"Clubseizoen 2010/2011: Messi 53 doelpunten en 23 assists; Ronaldo 53 doelpunten en 16 assists. Vergelijk wedstrijden, minuten en scoringsgemiddelden.",https://messivsronaldo17.com/nl/club-stats/2010-2011,,no,506746,,2026-10-06T18:54:41Z
/nl/club-stats/2011-2012,200,nl,Messi vs Ronaldo 2011/2012: seizoensdoelpunten en statistieken | The Rivalry,"Clubseizoen 2011/2012: Messi 73 doelpunten en 30 assists; Ronaldo 60 doelpunten en 15 assists. Vergelijk wedstrijden, minuten en scoringsgemiddelden.",https://messivsronaldo17.com/nl/club-stats/2011-2012,,no,506696,,2026-10-06T18:54:41Z
/nl/club-stats/2012-2013,200,nl,Messi vs Ronaldo 2012/2013: seizoensdoelpunten en statistieken | The Rivalry,"Clubseizoen 2012/2013: Messi 60 doelpunten en 15 assists; Ronaldo 55 doelpunten en 12 assists. Vergelijk wedstrijden, minuten en scoringsgemiddelden.",https://messivsronaldo17.com/nl/club-stats/2012-2013,,no,506695,,2026-10-06T18:54:41Z
/nl/club-stats/2013-2014,200,nl,Messi vs Ronaldo 2013/2014: seizoensdoelpunten en statistieken | The Rivalry,"Clubseizoen 2013/2014: Messi 41 doelpunten en 14 assists; Ronaldo 51 doelpunten en 14 assists. Vergelijk wedstrijden, minuten en scoringsgemiddelden.",https://messivsronaldo17.com/nl/club-stats/2013-2014,,no,506676,,2026-10-06T18:54:41Z
/nl/club-stats/2014-2015,200,nl,Messi vs Ronaldo 2014/2015: seizoensdoelpunten en statistieken | The Rivalry,"Clubseizoen 2014/2015: Messi 58 doelpunten en 27 assists; Ronaldo 61 doelpunten en 21 assists. Vergelijk wedstrijden, minuten en scoringsgemiddelden.",https://messivsronaldo17.com/nl/club-stats/2014-2015,,no,506652,,2026-10-06T18:54:41Z
/nl/club-stats/2015-2016,200,nl,Messi vs Ronaldo 2015/2016: seizoensdoelpunten en statistieken | The Rivalry,"Clubseizoen 2015/2016: Messi 41 doelpunten en 23 assists; Ronaldo 51 doelpunten en 15 assists. Vergelijk wedstrijden, minuten en scoringsgemiddelden.",https://messivsronaldo17.com/nl/club-stats/2015-2016,,no,506814,,2026-10-06T18:54:41Z
/nl/club-stats/2016-2017,200,nl,Messi vs Ronaldo 2016/2017: seizoensdoelpunten en statistieken | The Rivalry,"Clubseizoen 2016/2017: Messi 54 doelpunten en 16 assists; Ronaldo 42 doelpunten en 11 assists. Vergelijk wedstrijden, minuten en scoringsgemiddelden.",https://messivsronaldo17.com/nl/club-stats/2016-2017,,no,506566,,2026-10-06T18:54:41Z
/nl/club-stats/2017-2018,200,nl,Messi vs Ronaldo 2017/2018: seizoensdoelpunten en statistieken | The Rivalry,"Clubseizoen 2017/2018: Messi 45 doelpunten en 18 assists; Ronaldo 44 doelpunten en 8 assists. Vergelijk wedstrijden, minuten en scoringsgemiddelden.",https://messivsronaldo17.com/nl/club-stats/2017-2018,,no,506743,,2026-10-06T18:54:41Z
/nl/club-stats/2018-2019,200,nl,Messi vs Ronaldo 2018/2019: seizoensdoelpunten en statistieken | The Rivalry,"Clubseizoen 2018/2019: Messi 51 doelpunten en 19 assists; Ronaldo 28 doelpunten en 10 assists. Vergelijk wedstrijden, minuten en scoringsgemiddelden.",https://messivsronaldo17.com/nl/club-stats/2018-2019,,no,506594,,2026-10-06T18:54:41Z
/nl/club-stats/2019-2020,200,nl,Messi vs Ronaldo 2019/2020: seizoensdoelpunten en statistieken | The Rivalry,"Clubseizoen 2019/2020: Messi 31 doelpunten en 25 assists; Ronaldo 37 doelpunten en 5 assists. Vergelijk wedstrijden, minuten en scoringsgemiddelden.",https://messivsronaldo17.com/nl/club-stats/2019-2020,,no,506555,,2026-10-06T18:54:41Z
/nl/club-stats/2020-2021,200,nl,Messi vs Ronaldo 2020/2021: seizoensdoelpunten en statistieken | The Rivalry,"Clubseizoen 2020/2021: Messi 38 doelpunten en 12 assists; Ronaldo 36 doelpunten en 5 assists. Vergelijk wedstrijden, minuten en scoringsgemiddelden.",https://messivsronaldo17.com/nl/club-stats/2020-2021,,no,506533,,2026-10-06T18:54:41Z
/nl/club-stats/2021-2022,200,nl,Messi vs Ronaldo 2021/2022: seizoensdoelpunten en statistieken | The Rivalry,"Clubseizoen 2021/2022: Messi 11 doelpunten en 14 assists; Ronaldo 24 doelpunten en 3 assists. Vergelijk wedstrijden, minuten en scoringsgemiddelden.",https://messivsronaldo17.com/nl/club-stats/2021-2022,,no,506521,,2026-10-06T18:54:41Z
/nl/club-stats/2022-2023,200,nl,Messi vs Ronaldo 2022/2023: seizoensdoelpunten en statistieken | The Rivalry,"Clubseizoen 2022/2023: Messi 21 doelpunten en 20 assists; Ronaldo 17 doelpunten en 4 assists. Vergelijk wedstrijden, minuten en scoringsgemiddelden.",https://messivsronaldo17.com/nl/club-stats/2022-2023,,no,506528,,2026-10-06T18:54:41Z
/nl/club-stats/2023-2024,200,nl,Messi vs Ronaldo 2023/2024: seizoensdoelpunten en statistieken | The Rivalry,"Clubseizoen 2023/2024: Messi 25 doelpunten en 16 assists; Ronaldo 50 doelpunten en 13 assists. Vergelijk wedstrijden, minuten en scoringsgemiddelden.",https://messivsronaldo17.com/nl/club-stats/2023-2024,,no,504288,,2026-10-06T18:54:41Z
/nl/club-stats/2024-2025,200,nl,Messi vs Ronaldo 2024/2025: seizoensdoelpunten en statistieken | The Rivalry,"Clubseizoen 2024/2025: Messi 33 doelpunten en 9 assists; Ronaldo 35 doelpunten en 4 assists. Vergelijk wedstrijden, minuten en scoringsgemiddelden.",https://messivsronaldo17.com/nl/club-stats/2024-2025,,no,506836,,2026-10-06T18:54:41Z
/nl/club-stats/2025-2026,200,nl,Messi vs Ronaldo 2025/2026: seizoensdoelpunten en statistieken | The Rivalry,"Clubseizoen 2025/2026: Messi 32 doelpunten en 25 assists; Ronaldo 30 doelpunten en 4 assists. Vergelijk wedstrijden, minuten en scoringsgemiddelden.",https://messivsronaldo17.com/nl/club-stats/2025-2026,,no,506844,,2026-10-06T18:54:41Z
/nl/club-stats/2026-2027,200,nl,Messi vs Ronaldo 2026/2027: seizoensdoelpunten en statistieken | The Rivalry,"Clubseizoen 2026/2027: Messi 12 doelpunten en 6 assists; Ronaldo 3 doelpunten en 0 assists. Vergelijk wedstrijden, minuten en scoringsgemiddelden. Lopend seizoen; bron gecontroleerd op 29 september 2026.",https://messivsronaldo17.com/nl/club-stats/2026-2027,,no,505531,,2026-10-06T18:54:41Z
/nl/clubs,200,nl,"Messi & Ronaldo Clubstatistieken: Inter Miami, Al Nassr & Meer | The Rivalry",Inter Miami / Al Nassr. Beoordeelde basislijn plus gepubliceerde wedstrijdupdates. Bekijk de dekking van elke statistiek en het openbare updatelogboek.,https://messivsronaldo17.com/nl/clubs,,no,534711,,2026-10-06T18:54:41Z
/nl/compare,200,nl,Messi versus Ronaldo Vergelijkingsverkenner | The Rivalry,Carrièreoverzicht. Beoordeelde basislijn plus gepubliceerde wedstrijdupdates. Bekijk de dekking van elke statistiek en het openbare updatelogboek.,https://messivsronaldo17.com/nl/compare,,yes,508791,,2026-10-06T18:54:41Z
/nl/comparison-posters,200,nl,Messi vs Ronaldo-vergelijkingsposters | The Rivalry,"Maak je eigen Messi vs Ronaldo-poster met onze gepubliceerde statistieken. Kies je competitie, pas het ontwerp aan en deel hem met een link naar de website.",https://messivsronaldo17.com/nl/comparison-posters,,no,463394,,2026-10-06T18:54:41Z
/nl/contact,200,nl,Contact en ondersteuning | The Rivalry,"Stuur vragen, statistische correcties, privacyverzoeken, toegankelijkheidsproblemen of vragen over beeldrechten naar The Rivalry.",https://messivsronaldo17.com/nl/contact,,no,451194,,2026-10-06T18:54:41Z
/nl/cookies,200,nl,Cookiebeleid | The Rivalry,Een korte inventarisatie van de opslagruimte die door deze editie van de website wordt gebruikt.,https://messivsronaldo17.com/nl/cookies,,no,459031,,2026-10-06T18:54:41Z
/nl/copa-america-vs-euros,200,nl,Messi Copa América vs. Ronaldo Euros: gescoorde doelpunten en statistieken | The Rivalry,Copa América / Euro. Beoordeelde basislijn plus gepubliceerde wedstrijdupdates. Bekijk de dekking van elke statistiek en het openbare updatelogboek.,https://messivsronaldo17.com/nl/copa-america-vs-euros,,no,503526,,2026-10-06T18:54:41Z
/nl/credits,200,nl,Fotografiecredits en licenties | The Rivalry,"Credits voor de spelersportretten, iconen en lokaal gehoste lettertypen die op The Rivalry worden gebruikt.",https://messivsronaldo17.com/nl/credits,,no,457583,,2026-10-06T18:54:41Z
/nl/disclaimer,200,nl,Redactionele en gegevensdisclaimer | The Rivalry,"Hoe onze cijfers, fotografie en relatie tot de mensen in de vergelijking te interpreteren.",https://messivsronaldo17.com/nl/disclaimer,,no,456038,,2026-10-06T18:54:41Z
/nl/european-clubs,200,nl,Messi vs Ronaldo Europese clubcarrière Gescoorde doelpunten en assists | The Rivalry,Europese clubs. Beoordeelde basislijn plus gepubliceerde wedstrijdupdates. Bekijk de dekking van elke statistiek en het openbare updatelogboek.,https://messivsronaldo17.com/nl/european-clubs,,no,503307,,2026-10-06T18:54:41Z
/nl/fifa-awards,200,nl,Messi vs Ronaldo: FIFA-prijzen | The Rivalry,Vergelijk de zeges en edities van The Best FIFA Men’s Player voor Messi en Ronaldo.,https://messivsronaldo17.com/nl/fifa-awards,,no,491491,,2026-10-06T18:54:41Z
/nl/football-quiz,200,nl,Messi vs Ronaldo-statistiekenquiz: test je voetbalkennis | The Rivalry,"Acht vragen. Twee bijzondere carrières. Kies de speler, ontdek de cijfers en bekijk je score.",https://messivsronaldo17.com/nl/football-quiz,,no,447736,,2026-10-06T18:54:41Z
/nl/free-kicks,200,nl,Messi vs Ronaldo: doelpunten uit vrije trappen | The Rivalry,"Doelpunten uit directe vrije trappen: Messi 76, Ronaldo 65. Vergelijk de totalen en bekijk wat meetelt. Bijgewerkt 27 september 2026.",https://messivsronaldo17.com/nl/free-kicks,,no,516266,,2026-10-06T18:54:41Z
/nl/glossary,200,nl,"Voetbalstatistieken Uitgelegd: Goals, Assists en Scoringsgemiddelden | The Rivalry","Wat telt als doelpunt, assist, gespeelde wedstrijd of hattrick? Lees de definities, scoringsformules en telregels die we gebruiken om Messi en Ronaldo te vergelijken.",https://messivsronaldo17.com/nl/glossary,,no,485937,,2026-10-06T18:54:41Z
/nl/goals,200,nl,Messi versus Ronaldo Gescoorde carrièredoelpunten — Bijgewerkt in 2026 | The Rivalry,"Messi heeft 931 carrièredoelpunten en Ronaldo 979. Vergelijk club- en interlandgoals, wedstrijden en doelgemiddelden. Bijgewerkt 27 september 2026.",https://messivsronaldo17.com/nl/goals,,no,509049,,2026-10-06T18:54:41Z
/nl/golden-boots,200,nl,Messi vs Ronaldo: Gouden Schoenen | The Rivalry,Vergelijk de Europese Gouden Schoenen van Messi en Ronaldo en de competitieseizoenen waarin ze die wonnen.,https://messivsronaldo17.com/nl/golden-boots,,no,507897,,2026-10-06T18:54:41Z
/nl/hat-tricks,200,nl,Messi versus Ronaldo hattricks en carrièrescorerecords | The Rivalry,Carrièreoverzicht. Beoordeelde basislijn plus gepubliceerde wedstrijdupdates. Bekijk de dekking van elke statistiek en het openbare updatelogboek.,https://messivsronaldo17.com/nl/hat-tricks,,yes,517271,,2026-10-06T18:54:41Z
/nl/head-to-head,200,nl,Messi versus Ronaldo Head-to-Head: doelpunten gescoord in directe ontmoetingen | The Rivalry,Directe vergaderingen. Beoordeelde basislijn plus gepubliceerde wedstrijdupdates. Bekijk de dekking van elke statistiek en het openbare updatelogboek.,https://messivsronaldo17.com/nl/head-to-head,,no,502326,,2026-10-06T18:54:41Z
/nl/honours,200,nl,Messi vs Ronaldo: wie heeft meer prijzen? (2026) | The Rivalry,"Messi: 49 teamprijzen. Ronaldo: 37. Vergelijk de prijzenlijst, telregels en afzonderlijke individuele onderscheidingen. Tot en met 21 september 2026.",https://messivsronaldo17.com/nl/honours,,no,497163,,2026-10-06T18:54:41Z
/nl/insights,200,nl,"Voetbalanalyse: Ballon d’Or, records en statistieken | The Rivalry","Ontdek de Ballon d’Or-kandidaten 2026, gecontroleerde seizoencijfers en Messi-Ronaldo-records met bronnen en interactieve vergelijkingen.",https://messivsronaldo17.com/nl/insights,,no,463052,,2026-10-06T18:54:41Z
/nl/insights/ballon-dor-2026-contenders-stats,200,nl,Ballon d’Or 2026: de argumenten achter de topscorerslijsten | The Rivalry,"Kane, Mbappé, Kvaratskhelia, Yamal en Rodri vertegenwoordigen verschillende soorten klasse. Een tactische blik op hun kandidaturen en de wedstrijden die ze ondersteunen.",https://messivsronaldo17.com/nl/insights/ballon-dor-2026-contenders-stats,,no,546329,,2026-10-06T18:54:41Z
/nl/insights/ballon-dor-2026-date-voting-rules,200,nl,"Ballon d’Or 2026 uitgelegd: datum, stemregels en het beoordelen van voetbal | The Rivalry","De bevestigde ceremoniedatum, beoordelingsperiode en journalistenstemming, met een tactische leidraad voor spitsen, makers en controlerende middenvelders.",https://messivsronaldo17.com/nl/insights/ballon-dor-2026-date-voting-rules,,no,534093,,2026-10-06T18:54:41Z
/nl/insights/kane-vs-mbappe-ballon-dor-2026-stats,200,nl,"Kane tegenover Mbappé: twee spitsen, twee manieren om een verdediging open te breken | The Rivalry","Een tactische vergelijking van Kane en Mbappé, hun cijfers over 2025/26 en de bewegingen en medespelers die hun doelpunten mogelijk maken.",https://messivsronaldo17.com/nl/insights/kane-vs-mbappe-ballon-dor-2026-stats,,no,539941,,2026-10-06T18:54:41Z
/nl/insights/messi-2011-12-vs-ronaldo-2013-14-champions-league,200,nl,Messi’s 14 tegenover Ronaldo’s 17: wat hun Europese pieken over knock-outvoetbal vertellen | The Rivalry,"Messi’s Champions League-seizoen 2011/12 en Ronaldo’s jaargang 2013/14 vergeleken via aanvalsvormen, lastige duels en het verschil tussen scoren en een toernooi beheersen.",https://messivsronaldo17.com/nl/insights/messi-2011-12-vs-ronaldo-2013-14-champions-league,,no,535800,,2026-10-06T18:54:41Z
/nl/insights/messi-2011-12-vs-ronaldo-2014-15-la-liga,200,nl,Messi’s 50 tegenover Ronaldo’s 48: topscorersjaren zonder landstitel | The Rivalry,"Messi in 2011/12 en Ronaldo in 2014/15 tactisch vergeleken: overtal in het centrum, beweging in het strafschopgebied en de grenzen van uitzonderlijke doelpuntentotalen.",https://messivsronaldo17.com/nl/insights/messi-2011-12-vs-ronaldo-2014-15-la-liga,,no,532394,,2026-10-06T18:54:41Z
/nl/insights/messi-2012-vs-ronaldo-2013-goals,200,nl,Messi in 2012 tegenover Ronaldo in 2013: twee aanvallen achter historische doelpuntenjaren | The Rivalry,"Achter 91 en 69 doelpunten zitten posities, samenwerkingen en beslissende wedstrijden. Een tactische vergelijking met een interactieve blik op de scoringsfrequentie.",https://messivsronaldo17.com/nl/insights/messi-2012-vs-ronaldo-2013-goals,,no,531897,,2026-10-06T18:54:41Z
/nl/insights/messi-ronaldo-team-trophies,200,nl,Messi of Ronaldo: wat hun prijzenkast wel en niet over het voetbal vertelt | The Rivalry,"Wie heeft meer prijzen, Messi of Ronaldo? Een heldere telling en tactische analyse van Rome, Cardiff, Portugal 2016 en Argentinië 2022.",https://messivsronaldo17.com/nl/insights/messi-ronaldo-team-trophies,,no,507742,,2026-10-06T18:54:41Z
/nl/insights/totals-vs-scoring-rates,200,nl,Messi en Ronaldo: waarom de noemer het verhaal van de doelpunten verandert | The Rivalry,"Carrièretotalen, doelpunten per optreden en doelpunten per negentig minuten, bekeken via Europese knock-outwedstrijden en de tactische omstandigheden achter de cijfers.",https://messivsronaldo17.com/nl/insights/totals-vs-scoring-rates,,no,529687,,2026-10-06T18:54:41Z
/nl/insights/what-counts-as-a-career-goal,200,nl,"Wat telt als een carrièredoelpunt? Messi, Ronaldo en het voetbal achter het record | The Rivalry","Welke doelpunten meetellen in een carrière, waarom strafschoppenseries apart blijven en welk tactisch werk schuilgaat achter een record.",https://messivsronaldo17.com/nl/insights/what-counts-as-a-career-goal,,no,528803,,2026-10-06T18:54:41Z
/nl/insights/why-assist-totals-differ,200,nl,Messi en Ronaldo: het creatieve werk dat de laatste pass niet verklaart | The Rivalry,"Waarom assisttotalen verschillen, hoe Messi en Ronaldo kansen maakten en wat drie grote wedstrijden laten zien vóór de laatste aanraking.",https://messivsronaldo17.com/nl/insights/why-assist-totals-differ,,no,527973,,2026-10-06T18:54:41Z
/nl/international,200,nl,Messi versus Ronaldo Internationale doelpunten en assists — 2026 | The Rivalry,Internationaal voetbal. Beoordeelde basislijn plus gepubliceerde wedstrijdupdates. Bekijk de dekking van elke statistiek en het openbare updatelogboek.,https://messivsronaldo17.com/nl/international,,no,508676,,2026-10-06T18:54:41Z
/nl/la-liga,200,nl,Messi versus Ronaldo La Liga Gescoorde doelpunten en scorepercentages | The Rivalry,Messi maakte 474 La Liga-doelpunten in 520 wedstrijden; Ronaldo 311 in 292. Vergelijk de totalen en doelpunten per wedstrijd.,https://messivsronaldo17.com/nl/la-liga,,no,503313,,2026-10-06T18:54:41Z
/nl/league,200,nl,Messi versus Ronaldo League Doelpunten gescoord door alle clubs | The Rivalry,Carrières in de binnenlandse competitie. Beoordeelde basislijn plus gepubliceerde wedstrijdupdates. Bekijk de dekking van elke statistiek en het openbare updatelogboek.,https://messivsronaldo17.com/nl/league,,no,508668,,2026-10-06T18:54:41Z
/nl/man-of-the-match,200,nl,Messi vs Ronaldo: Speler van de wedstrijd | The Rivalry,Vergelijk de verkiezingen tot speler van de wedstrijd door WhoScored in Europese competities en de Champions League sinds 2009/10.,https://messivsronaldo17.com/nl/man-of-the-match,,no,480658,,2026-10-06T18:54:41Z
/nl/methodology,200,nl,"Gegevensbronnen, definities en methodologie | The Rivalry",Wat we tellen. Waar het vandaan komt. Wat we niet weten. De details die de cijfers het lezen waard maken.,https://messivsronaldo17.com/nl/methodology,,no,540595,,2026-10-06T18:54:41Z
/nl/milestone-planner,200,nl,Messi vs Ronaldo-doelpuntenmijlpaalcalculator | The Rivalry,Stel voor elke speler een doel en doelpunttempo in. Bekijk het benodigde aantal wedstrijden op basis van jouw aannames en de gepubliceerde carrièretotalen.,https://messivsronaldo17.com/nl/milestone-planner,,no,454334,,2026-10-06T18:54:41Z
/nl/penalties,200,nl,"Strafschoppen Messi versus Ronaldo: gescoord, gemist en conversie | The Rivalry",Carrièreoverzicht. Beoordeelde basislijn plus gepubliceerde wedstrijdupdates. Bekijk de dekking van elke statistiek en het openbare updatelogboek.,https://messivsronaldo17.com/nl/penalties,,yes,517513,,2026-10-06T18:54:41Z
/nl/players/messi,200,nl,"Lionel Messi: gescoorde doelpunten, statistieken en prijzen — 2026 | The Rivalry","Lionel Messi's verzamelde carrièrestatistieken via 27 september 2026, met Champions League- en La Liga-records en individuele prijzen.",https://messivsronaldo17.com/nl/players/messi,,no,501040,,2026-10-06T18:54:41Z
/nl/players/ronaldo,200,nl,"Cristiano Ronaldo: gescoorde doelpunten, statistieken en prijzen — 2026 | The Rivalry","Cristiano Ronaldo's verzamelde carrièrestatistieken via 27 september 2026, met Champions League- en La Liga-records en individuele prijzen.",https://messivsronaldo17.com/nl/players/ronaldo,,no,508438,,2026-10-06T18:54:41Z
/nl/privacy,200,nl,Privacybeleid | The Rivalry,"Wat The Rivalry opslaat, waarom het wordt gebruikt en de keuzes die beschikbaar zijn voor bezoekers.",https://messivsronaldo17.com/nl/privacy,,no,483097,,2026-10-06T18:54:41Z
/nl/records,200,nl,Messi versus Ronaldo Records: de race naar 1.000 doelpunten | The Rivalry,Carrièreoverzicht. Beoordeelde basislijn plus gepubliceerde wedstrijdupdates. Bekijk de dekking van elke statistiek en het openbare updatelogboek.,https://messivsronaldo17.com/nl/records,,yes,514812,,2026-10-06T18:54:41Z
/nl/scoring-calculator,200,nl,Messi vs Ronaldo-doelpuntencalculator: seizoenen en gemiddelden | The Rivalry,"Kies een periode voor elke speler. Vergelijk hun doelpunten bij evenveel minuten of wedstrijden, bekijk topseizoenen en deel je berekening.",https://messivsronaldo17.com/nl/scoring-calculator,,no,468064,,2026-10-06T18:54:41Z
/nl/seasons,200,nl,Messi versus Ronaldo per jaar: 2002-2026 Gescoorde doelpunten en assists | The Rivalry,"Vergelijk elk kalenderjaar tot en met 2026: gescoorde doelpunten, assists, minuten, gespeelde wedstrijden en tarieven per 90 voor club-, land- en competitievoetbal.",https://messivsronaldo17.com/nl/seasons,,no,500196,,2026-10-06T18:54:41Z
/nl/seasons/2002,200,nl,Messi vs Ronaldo 2002: doelpunten en statistieken per kalenderjaar | The Rivalry,"Messi vs Ronaldo in 2002: 0 vs 5 doelpunten, 0 vs 4 assists. Vergelijk wedstrijden, minuten en scoringsgemiddelden voor club en land.",https://messivsronaldo17.com/nl/seasons/2002,,no,548428,,2026-10-06T18:54:41Z
/nl/seasons/2003,200,nl,Messi vs Ronaldo 2003: doelpunten en statistieken per kalenderjaar | The Rivalry,"Messi vs Ronaldo in 2003: 0 vs 1 doelpunten, 0 vs 2 assists. Vergelijk wedstrijden, minuten en scoringsgemiddelden voor club en land.",https://messivsronaldo17.com/nl/seasons/2003,,no,551952,,2026-10-06T18:54:41Z
/nl/seasons/2004,200,nl,Messi vs Ronaldo 2004: doelpunten en statistieken per kalenderjaar | The Rivalry,"Messi vs Ronaldo in 2004: 0 vs 13 doelpunten, 0 vs 14 assists. Vergelijk wedstrijden, minuten en scoringsgemiddelden voor club en land.",https://messivsronaldo17.com/nl/seasons/2004,,no,557971,,2026-10-06T18:54:41Z
/nl/seasons/2005,200,nl,Messi vs Ronaldo 2005: doelpunten en statistieken per kalenderjaar | The Rivalry,"Messi vs Ronaldo in 2005: 3 vs 15 doelpunten, 4 vs 11 assists. Vergelijk wedstrijden, minuten en scoringsgemiddelden voor club en land.",https://messivsronaldo17.com/nl/seasons/2005,,no,560008,,2026-10-06T18:54:41Z
/nl/seasons/2006,200,nl,Messi vs Ronaldo 2006: doelpunten en statistieken per kalenderjaar | The Rivalry,"Messi vs Ronaldo in 2006: 12 vs 25 doelpunten, 3 vs 10 assists. Vergelijk wedstrijden, minuten en scoringsgemiddelden voor club en land.",https://messivsronaldo17.com/nl/seasons/2006,,no,560214,,2026-10-06T18:54:41Z
/nl/seasons/2007,200,nl,Messi vs Ronaldo 2007: doelpunten en statistieken per kalenderjaar | The Rivalry,"Messi vs Ronaldo in 2007: 31 vs 34 doelpunten, 12 vs 11 assists. Vergelijk wedstrijden, minuten en scoringsgemiddelden voor club en land.",https://messivsronaldo17.com/nl/seasons/2007,,no,560259,,2026-10-06T18:54:41Z
/nl/seasons/2008,200,nl,Messi vs Ronaldo 2008: doelpunten en statistieken per kalenderjaar | The Rivalry,"Messi vs Ronaldo in 2008: 22 vs 35 doelpunten, 18 vs 12 assists. Vergelijk wedstrijden, minuten en scoringsgemiddelden voor club en land.",https://messivsronaldo17.com/nl/seasons/2008,,no,560191,,2026-10-06T18:54:41Z
/nl/seasons/2009,200,nl,Messi vs Ronaldo 2009: doelpunten en statistieken per kalenderjaar | The Rivalry,"Messi vs Ronaldo in 2009: 41 vs 30 doelpunten, 15 vs 6 assists. Vergelijk wedstrijden, minuten en scoringsgemiddelden voor club en land.",https://messivsronaldo17.com/nl/seasons/2009,,no,560375,,2026-10-06T18:54:41Z
/nl/seasons/2009-10,200,nl,Messi versus Ronaldo 2009/10: gescoorde doelpunten en scorepercentages | The Rivalry,In La Liga 2009/10 scoorde Messi 34 doelpunten en Ronaldo scoorde 26. Vergelijk liga- en Champions League-cijfers met bronnen.,https://messivsronaldo17.com/nl/seasons/2009-10,,no,490793,,2026-10-06T18:54:41Z
/nl/seasons/2010,200,nl,Messi vs Ronaldo 2010: doelpunten en statistieken per kalenderjaar | The Rivalry,"Messi vs Ronaldo in 2010: 60 vs 48 doelpunten, 17 vs 18 assists. Vergelijk wedstrijden, minuten en scoringsgemiddelden voor club en land.",https://messivsronaldo17.com/nl/seasons/2010,,no,560334,,2026-10-06T18:54:41Z
/nl/seasons/2010-11,200,nl,Messi versus Ronaldo 2010/11: gescoorde doelpunten en scorepercentages | The Rivalry,In La Liga 2010/11 scoorde Messi 31 doelpunten en Ronaldo scoorde 40. Vergelijk liga- en Champions League-cijfers met bronnen.,https://messivsronaldo17.com/nl/seasons/2010-11,,no,490796,,2026-10-06T18:54:41Z
/nl/seasons/2011,200,nl,Messi vs Ronaldo 2011: doelpunten en statistieken per kalenderjaar | The Rivalry,"Messi vs Ronaldo in 2011: 59 vs 60 doelpunten, 37 vs 18 assists. Vergelijk wedstrijden, minuten en scoringsgemiddelden voor club en land.",https://messivsronaldo17.com/nl/seasons/2011,,no,560507,,2026-10-06T18:54:41Z
/nl/seasons/2011-12,200,nl,Messi versus Ronaldo 2011/12: gescoorde doelpunten en scorepercentages | The Rivalry,In La Liga 2011/12 scoorde Messi 50 doelpunten en Ronaldo scoorde 46. Vergelijk liga- en Champions League-cijfers met bronnen.,https://messivsronaldo17.com/nl/seasons/2011-12,,no,491355,,2026-10-06T18:54:41Z
/nl/seasons/2012,200,nl,Messi vs Ronaldo 2012: doelpunten en statistieken per kalenderjaar | The Rivalry,"Messi vs Ronaldo in 2012: 91 vs 63 doelpunten, 22 vs 13 assists. Vergelijk wedstrijden, minuten en scoringsgemiddelden voor club en land.",https://messivsronaldo17.com/nl/seasons/2012,,no,560525,,2026-10-06T18:54:41Z
/nl/seasons/2012-13,200,nl,Messi versus Ronaldo 2012/13: gescoorde doelpunten en scorepercentages | The Rivalry,In La Liga 2012/13 scoorde Messi 46 doelpunten en Ronaldo scoorde 34. Vergelijk liga- en Champions League-cijfers met bronnen.,https://messivsronaldo17.com/nl/seasons/2012-13,,no,490841,,2026-10-06T18:54:41Z
/nl/seasons/2013,200,nl,Messi vs Ronaldo 2013: doelpunten en statistieken per kalenderjaar | The Rivalry,"Messi vs Ronaldo in 2013: 45 vs 69 doelpunten, 16 vs 15 assists. Vergelijk wedstrijden, minuten en scoringsgemiddelden voor club en land.",https://messivsronaldo17.com/nl/seasons/2013,,no,560432,,2026-10-06T18:54:41Z
/nl/seasons/2013-14,200,nl,Messi versus Ronaldo 2013/14: gescoorde doelpunten en scorepercentages | The Rivalry,In La Liga 2013/14 scoorde Messi 28 doelpunten en Ronaldo scoorde 31. Vergelijk liga- en Champions League-cijfers met bronnen.,https://messivsronaldo17.com/nl/seasons/2013-14,,no,489895,,2026-10-06T18:54:41Z
/nl/seasons/2014,200,nl,Messi vs Ronaldo 2014: doelpunten en statistieken per kalenderjaar | The Rivalry,"Messi vs Ronaldo in 2014: 58 vs 61 doelpunten, 21 vs 20 assists. Vergelijk wedstrijden, minuten en scoringsgemiddelden voor club en land.",https://messivsronaldo17.com/nl/seasons/2014,,no,560210,,2026-10-06T18:54:41Z
/nl/seasons/2014-15,200,nl,Messi versus Ronaldo 2014/15: gescoorde doelpunten en scorepercentages | The Rivalry,In La Liga 2014/15 scoorde Messi 43 doelpunten en Ronaldo scoorde 48. Vergelijk liga- en Champions League-cijfers met bronnen.,https://messivsronaldo17.com/nl/seasons/2014-15,,no,489730,,2026-10-06T18:54:41Z
/nl/seasons/2015,200,nl,Messi vs Ronaldo 2015: doelpunten en statistieken per kalenderjaar | The Rivalry,"Messi vs Ronaldo in 2015: 52 vs 57 doelpunten, 26 vs 17 assists. Vergelijk wedstrijden, minuten en scoringsgemiddelden voor club en land.",https://messivsronaldo17.com/nl/seasons/2015,,no,560217,,2026-10-06T18:54:41Z
/nl/seasons/2015-16,200,nl,Messi versus Ronaldo 2015/16: gescoorde doelpunten en scorepercentages | The Rivalry,In La Liga 2015/16 scoorde Messi 26 doelpunten en Ronaldo scoorde 35. Vergelijk liga- en Champions League-cijfers met bronnen.,https://messivsronaldo17.com/nl/seasons/2015-16,,no,491028,,2026-10-06T18:54:41Z
/nl/seasons/2016,200,nl,Messi vs Ronaldo 2016: doelpunten en statistieken per kalenderjaar | The Rivalry,"Messi vs Ronaldo in 2016: 59 vs 55 doelpunten, 31 vs 16 assists. Vergelijk wedstrijden, minuten en scoringsgemiddelden voor club en land.",https://messivsronaldo17.com/nl/seasons/2016,,no,560312,,2026-10-06T18:54:41Z
/nl/seasons/2016-17,200,nl,Messi versus Ronaldo 2016/17: gescoorde doelpunten en scorepercentages | The Rivalry,In La Liga 2016/17 scoorde Messi 37 doelpunten en Ronaldo scoorde 25. Vergelijk liga- en Champions League-cijfers met bronnen.,https://messivsronaldo17.com/nl/seasons/2016-17,,no,490954,,2026-10-06T18:54:41Z
/nl/seasons/2017,200,nl,Messi vs Ronaldo 2017: doelpunten en statistieken per kalenderjaar | The Rivalry,"Messi vs Ronaldo in 2017: 54 vs 53 doelpunten, 16 vs 12 assists. Vergelijk wedstrijden, minuten en scoringsgemiddelden voor club en land.",https://messivsronaldo17.com/nl/seasons/2017,,no,560423,,2026-10-06T18:54:41Z
/nl/seasons/2017-18,200,nl,Messi versus Ronaldo 2017/18: gescoorde doelpunten en scorepercentages | The Rivalry,In La Liga 2017/18 scoorde Messi 34 doelpunten en Ronaldo scoorde 26. Vergelijk liga- en Champions League-cijfers met bronnen.,https://messivsronaldo17.com/nl/seasons/2017-18,,no,490744,,2026-10-06T18:54:41Z
/nl/seasons/2018,200,nl,Messi vs Ronaldo 2018: doelpunten en statistieken per kalenderjaar | The Rivalry,"Messi vs Ronaldo in 2018: 51 vs 49 doelpunten, 26 vs 13 assists. Vergelijk wedstrijden, minuten en scoringsgemiddelden voor club en land.",https://messivsronaldo17.com/nl/seasons/2018,,no,560091,,2026-10-06T18:54:41Z
/nl/seasons/2019,200,nl,Messi vs Ronaldo 2019: doelpunten en statistieken per kalenderjaar | The Rivalry,"Messi vs Ronaldo in 2019: 50 vs 39 doelpunten, 18 vs 4 assists. Vergelijk wedstrijden, minuten en scoringsgemiddelden voor club en land.",https://messivsronaldo17.com/nl/seasons/2019,,no,560121,,2026-10-06T18:54:41Z
/nl/seasons/2020,200,nl,Messi vs Ronaldo 2020: doelpunten en statistieken per kalenderjaar | The Rivalry,"Messi vs Ronaldo in 2020: 27 vs 44 doelpunten, 19 vs 7 assists. Vergelijk wedstrijden, minuten en scoringsgemiddelden voor club en land.",https://messivsronaldo17.com/nl/seasons/2020,,no,560142,,2026-10-06T18:54:41Z
/nl/seasons/2021,200,nl,Messi vs Ronaldo 2021: doelpunten en statistieken per kalenderjaar | The Rivalry,"Messi vs Ronaldo in 2021: 43 vs 47 doelpunten, 18 vs 7 assists. Vergelijk wedstrijden, minuten en scoringsgemiddelden voor club en land.",https://messivsronaldo17.com/nl/seasons/2021,,no,560009,,2026-10-06T18:54:41Z
/nl/seasons/2022,200,nl,Messi vs Ronaldo 2022: doelpunten en statistieken per kalenderjaar | The Rivalry,"Messi vs Ronaldo in 2022: 35 vs 16 doelpunten, 30 vs 4 assists. Vergelijk wedstrijden, minuten en scoringsgemiddelden voor club en land.",https://messivsronaldo17.com/nl/seasons/2022,,no,560378,,2026-10-06T18:54:41Z
/nl/seasons/2023,200,nl,Messi vs Ronaldo 2023: doelpunten en statistieken per kalenderjaar | The Rivalry,"Messi vs Ronaldo in 2023: 28 vs 54 doelpunten, 12 vs 15 assists. Vergelijk wedstrijden, minuten en scoringsgemiddelden voor club en land.",https://messivsronaldo17.com/nl/seasons/2023,,no,560463,,2026-10-06T18:54:41Z
/nl/seasons/2024,200,nl,Messi vs Ronaldo 2024: doelpunten en statistieken per kalenderjaar | The Rivalry,"Messi vs Ronaldo in 2024: 29 vs 43 doelpunten, 18 vs 7 assists. Vergelijk wedstrijden, minuten en scoringsgemiddelden voor club en land.",https://messivsronaldo17.com/nl/seasons/2024,,no,560447,,2026-10-06T18:54:41Z
/nl/seasons/2025,200,nl,Messi vs Ronaldo 2025: doelpunten en statistieken per kalenderjaar | The Rivalry,"Messi vs Ronaldo in 2025: 46 vs 41 doelpunten, 28 vs 4 assists. Vergelijk wedstrijden, minuten en scoringsgemiddelden voor club en land.",https://messivsronaldo17.com/nl/seasons/2025,,no,560188,,2026-10-06T18:54:41Z
/nl/seasons/2026,200,nl,Messi vs Ronaldo 2026: doelpunten en statistieken per kalenderjaar | The Rivalry,"Messi vs Ronaldo in 2026: 35 vs 22 doelpunten, 17 vs 1 assists. Jaar tot nu toe tot en met 27 september 2026.",https://messivsronaldo17.com/nl/seasons/2026,,no,557661,,2026-10-06T18:54:41Z
/nl/sitemap,200,nl,Siteoverzicht | The Rivalry,"Blader door elke vergelijking tussen Messi en Ronaldo, spelersprofiel, kalenderjaar, artikel en websitebeleid over The Rivalry.",https://messivsronaldo17.com/nl/sitemap,,no,568658,,2026-10-06T18:54:41Z
/nl/terms,200,nl,Gebruiksvoorwaarden | The Rivalry,De voorwaarden voor het gebruik van onze vergelijkingen en artikelen op messivsronaldo17.com.,https://messivsronaldo17.com/nl/terms,,no,462073,,2026-10-06T18:54:41Z
/nl/tools,200,nl,Messi vs Ronaldo: interactieve tools en voetbalspellen | The Rivalry,"Test je voetbalkennis, verken carrièretrends en maak je eigen doelscenario's. Originele tools op basis van de cijfers.",https://messivsronaldo17.com/nl/tools,,no,455656,,2026-10-06T18:54:41Z
/nl/uefa-awards,200,nl,Messi vs Ronaldo: UEFA-prijzen | The Rivalry,Vergelijk de UEFA-prijzen voor speler van het jaar en de winnende seizoenen van Messi en Ronaldo.,https://messivsronaldo17.com/nl/uefa-awards,,no,492817,,2026-10-06T18:54:41Z
/nl/updates,200,nl,Wedstrijdupdates gepubliceerd | The Rivalry,"Gedateerde wedstrijdgegevens van Messi en Ronaldo toegevoegd na de herziene basislijn, met bronnen en berichtgevingsaantekeningen.",https://messivsronaldo17.com/nl/updates,,no,448720,,2026-10-06T18:54:41Z
/nl/vote,200,nl,Supportersstem: Messi vs Ronaldo | The Rivalry,"Kies je favoriete speler en bekijk de uitslag. Eén stem per browser, met begintotalen en bezoekersstemmen apart vermeld.",https://messivsronaldo17.com/nl/vote,,no,452987,,2026-10-06T18:54:41Z
/nl/world-cup,200,nl,Messi versus Ronaldo WK-doelpunten en assists — 2026 | The Rivalry,Wereldbekerfinale. Beoordeelde basislijn plus gepubliceerde wedstrijdupdates. Bekijk de dekking van elke statistiek en het openbare updatelogboek.,https://messivsronaldo17.com/nl/world-cup,,no,501938,,2026-10-06T18:54:41Z
/penalties,200,en,"Messi vs Ronaldo Penalties: Scored, Missed & Conversion | The Rivalry",Career overview. Reviewed baseline plus published match updates. See each statistic’s coverage and the public update log.,https://messivsronaldo17.com/penalties,,yes,309901,,2026-10-06T18:54:41Z
/players/messi,200,en,"Lionel Messi: Goals, Stats & Awards — 2026 | The Rivalry","Lionel Messi's sourced career statistics through 27 September 2026, with Champions League and La Liga records and individual awards.",https://messivsronaldo17.com/players/messi,,no,293302,,2026-10-06T18:54:41Z
/players/ronaldo,200,en,"Cristiano Ronaldo: Goals, Stats & Awards — 2026 | The Rivalry","Cristiano Ronaldo's sourced career statistics through 27 September 2026, with Champions League and La Liga records and individual awards.",https://messivsronaldo17.com/players/ronaldo,,no,300591,,2026-10-06T18:54:41Z
/privacy,200,en,Privacy Policy | The Rivalry,"What The Rivalry stores, why it is used, and the choices available to visitors.",https://messivsronaldo17.com/privacy,,no,276171,,2026-10-06T18:54:41Z
/pt,200,pt,"Messi vs Ronaldo: estatísticas, golos e troféus de carreira","Compara golos, assistências, troféus e médias de Messi e Ronaldo. Explora os registos por clube, Mundial e Liga dos Campeões. Dados até 27 de setembro de 2026.",https://messivsronaldo17.com/pt,,no,555726,,2026-10-06T18:54:41Z
/pt/2026,200,pt,"Messi x Ronaldo 2026 Golos marcados, assistências e estatísticas | The Rivalry","Goals, assists, appearances and playing minutes from 1 January 2026. Atualizado 27 de setembro de 2026. The year is still in progress.",https://messivsronaldo17.com/pt/2026,,no,502729,,2026-10-06T18:54:41Z
/pt/about,200,pt,Sobre a rivalidade | The Rivalry,Duas carreiras extraordinárias merecem mais do que uma discussão sobre um único número.,https://messivsronaldo17.com/pt/about,,no,456377,,2026-10-06T18:54:41Z
/pt/accessibility,200,pt,Declaração de acessibilidade | The Rivalry,Como oferecemos suporte à navegação acessível e como descrever um problema quando algo atrapalha.,https://messivsronaldo17.com/pt/accessibility,,no,454185,,2026-10-06T18:54:41Z
/pt/answers,200,pt,"Messi vs Ronaldo: golos, recordes e respostas rápidas | The Rivalry","Encontra respostas datadas sobre os golos, assistências, jogos e recordes de Messi e Ronaldo, com fontes e critérios de contagem.",https://messivsronaldo17.com/pt/answers,,no,470868,,2026-10-06T18:54:41Z
/pt/assists,200,pt,Assistências de carreira e contribuições para golos de Messi x Ronaldo | The Rivalry,Visão geral da carreira. Linha de base revisada e atualizações de partidas publicadas. Veja a cobertura de cada estatística e o registro público de atualização.,https://messivsronaldo17.com/pt/assists,,yes,511832,,2026-10-06T18:54:41Z
/pt/ballon-dor,200,pt,Messi vs Ronaldo: Bola de Ouro | The Rivalry,"Compara as Bolas de Ouro, os anos vencedores e a evolução do prémio de Messi e Ronaldo.",https://messivsronaldo17.com/pt/ballon-dor,,no,513006,,2026-10-06T18:54:41Z
/pt/career-timeline,200,pt,Cronologia de Messi vs Ronaldo: golos e assistências interativos | The Rivalry,"Escolhe um intervalo de anos, alterna entre golos e assistências e explora a comparação das duas carreiras ao longo do tempo.",https://messivsronaldo17.com/pt/career-timeline,,no,458639,,2026-10-06T18:54:41Z
/pt/champions-league,200,pt,Messi x Ronaldo Liga dos Campeões Golos marcados e assistências | The Rivalry,Liga dos Campeões. Linha de base revisada e atualizações de partidas publicadas. Veja a cobertura de cada estatística e o registro público de atualização.,https://messivsronaldo17.com/pt/champions-league,,no,505911,,2026-10-06T18:54:41Z
/pt/club-stats,200,pt,Messi vs Ronaldo: golos e estatísticas por temporada de clubes | The Rivalry,"Compare Messi e Ronaldo por temporada de clubes, de 2002/2003 a 2026/2027: golos, assistências, jogos, minutos e médias de golos.",https://messivsronaldo17.com/pt/club-stats,,no,477117,,2026-10-06T18:54:41Z
/pt/club-stats/2002-2003,200,pt,Messi vs Ronaldo 2002/2003: golos e estatísticas da temporada | The Rivalry,"Temporada de clubes 2002/2003: Messi, 0 golos e 0 assistências; Ronaldo, 5 golos e 4 assistências. Compare jogos, minutos e médias de golos.",https://messivsronaldo17.com/pt/club-stats/2002-2003,,no,501724,,2026-10-06T18:54:41Z
/pt/club-stats/2003-2004,200,pt,Messi vs Ronaldo 2003/2004: golos e estatísticas da temporada | The Rivalry,"Temporada de clubes 2003/2004: Messi, 0 golos e 0 assistências; Ronaldo, 6 golos e 6 assistências. Compare jogos, minutos e médias de golos.",https://messivsronaldo17.com/pt/club-stats/2003-2004,,no,504453,,2026-10-06T18:54:41Z
/pt/club-stats/2004-2005,200,pt,Messi vs Ronaldo 2004/2005: golos e estatísticas da temporada | The Rivalry,"Temporada de clubes 2004/2005: Messi, 1 golos e 0 assistências; Ronaldo, 9 golos e 8 assistências. Compare jogos, minutos e médias de golos.",https://messivsronaldo17.com/pt/club-stats/2004-2005,,no,507141,,2026-10-06T18:54:41Z
/pt/club-stats/2005-2006,200,pt,Messi vs Ronaldo 2005/2006: golos e estatísticas da temporada | The Rivalry,"Temporada de clubes 2005/2006: Messi, 8 golos e 3 assistências; Ronaldo, 12 golos e 8 assistências. Compare jogos, minutos e médias de golos.",https://messivsronaldo17.com/pt/club-stats/2005-2006,,no,506987,,2026-10-06T18:54:41Z
/pt/club-stats/2006-2007,200,pt,Messi vs Ronaldo 2006/2007: golos e estatísticas da temporada | The Rivalry,"Temporada de clubes 2006/2007: Messi, 17 golos e 3 assistências; Ronaldo, 23 golos e 14 assistências. Compare jogos, minutos e médias de golos.",https://messivsronaldo17.com/pt/club-stats/2006-2007,,no,507053,,2026-10-06T18:54:41Z
/pt/club-stats/2007-2008,200,pt,Messi vs Ronaldo 2007/2008: golos e estatísticas da temporada | The Rivalry,"Temporada de clubes 2007/2008: Messi, 16 golos e 13 assistências; Ronaldo, 42 golos e 7 assistências. Compare jogos, minutos e médias de golos.",https://messivsronaldo17.com/pt/club-stats/2007-2008,,no,507031,,2026-10-06T18:54:41Z
/pt/club-stats/2008-2009,200,pt,Messi vs Ronaldo 2008/2009: golos e estatísticas da temporada | The Rivalry,"Temporada de clubes 2008/2009: Messi, 38 golos e 17 assistências; Ronaldo, 26 golos e 9 assistências. Compare jogos, minutos e médias de golos.",https://messivsronaldo17.com/pt/club-stats/2008-2009,,no,506975,,2026-10-06T18:54:41Z
/pt/club-stats/2009-2010,200,pt,Messi vs Ronaldo 2009/2010: golos e estatísticas da temporada | The Rivalry,"Temporada de clubes 2009/2010: Messi, 47 golos e 11 assistências; Ronaldo, 33 golos e 8 assistências. Compare jogos, minutos e médias de golos.",https://messivsronaldo17.com/pt/club-stats/2009-2010,,no,507188,,2026-10-06T18:54:41Z
/pt/club-stats/2010-2011,200,pt,Messi vs Ronaldo 2010/2011: golos e estatísticas da temporada | The Rivalry,"Temporada de clubes 2010/2011: Messi, 53 golos e 23 assistências; Ronaldo, 53 golos e 16 assistências. Compare jogos, minutos e médias de golos.",https://messivsronaldo17.com/pt/club-stats/2010-2011,,no,507210,,2026-10-06T18:54:41Z
/pt/club-stats/2011-2012,200,pt,Messi vs Ronaldo 2011/2012: golos e estatísticas da temporada | The Rivalry,"Temporada de clubes 2011/2012: Messi, 73 golos e 30 assistências; Ronaldo, 60 golos e 15 assistências. Compare jogos, minutos e médias de golos.",https://messivsronaldo17.com/pt/club-stats/2011-2012,,no,507100,,2026-10-06T18:54:41Z
/pt/club-stats/2012-2013,200,pt,Messi vs Ronaldo 2012/2013: golos e estatísticas da temporada | The Rivalry,"Temporada de clubes 2012/2013: Messi, 60 golos e 15 assistências; Ronaldo, 55 golos e 12 assistências. Compare jogos, minutos e médias de golos.",https://messivsronaldo17.com/pt/club-stats/2012-2013,,no,507195,,2026-10-06T18:54:41Z
/pt/club-stats/2013-2014,200,pt,Messi vs Ronaldo 2013/2014: golos e estatísticas da temporada | The Rivalry,"Temporada de clubes 2013/2014: Messi, 41 golos e 14 assistências; Ronaldo, 51 golos e 14 assistências. Compare jogos, minutos e médias de golos.",https://messivsronaldo17.com/pt/club-stats/2013-2014,,no,507188,,2026-10-06T18:54:41Z
/pt/club-stats/2014-2015,200,pt,Messi vs Ronaldo 2014/2015: golos e estatísticas da temporada | The Rivalry,"Temporada de clubes 2014/2015: Messi, 58 golos e 27 assistências; Ronaldo, 61 golos e 21 assistências. Compare jogos, minutos e médias de golos.",https://messivsronaldo17.com/pt/club-stats/2014-2015,,no,507164,,2026-10-06T18:54:41Z
/pt/club-stats/2015-2016,200,pt,Messi vs Ronaldo 2015/2016: golos e estatísticas da temporada | The Rivalry,"Temporada de clubes 2015/2016: Messi, 41 golos e 23 assistências; Ronaldo, 51 golos e 15 assistências. Compare jogos, minutos e médias de golos.",https://messivsronaldo17.com/pt/club-stats/2015-2016,,no,507248,,2026-10-06T18:54:41Z
/pt/club-stats/2016-2017,200,pt,Messi vs Ronaldo 2016/2017: golos e estatísticas da temporada | The Rivalry,"Temporada de clubes 2016/2017: Messi, 54 golos e 16 assistências; Ronaldo, 42 golos e 11 assistências. Compare jogos, minutos e médias de golos.",https://messivsronaldo17.com/pt/club-stats/2016-2017,,no,507040,,2026-10-06T18:54:41Z
/pt/club-stats/2017-2018,200,pt,Messi vs Ronaldo 2017/2018: golos e estatísticas da temporada | The Rivalry,"Temporada de clubes 2017/2018: Messi, 45 golos e 18 assistências; Ronaldo, 44 golos e 8 assistências. Compare jogos, minutos e médias de golos.",https://messivsronaldo17.com/pt/club-stats/2017-2018,,no,507154,,2026-10-06T18:54:41Z
/pt/club-stats/2018-2019,200,pt,Messi vs Ronaldo 2018/2019: golos e estatísticas da temporada | The Rivalry,"Temporada de clubes 2018/2019: Messi, 51 golos e 19 assistências; Ronaldo, 28 golos e 10 assistências. Compare jogos, minutos e médias de golos.",https://messivsronaldo17.com/pt/club-stats/2018-2019,,no,507090,,2026-10-06T18:54:41Z
/pt/club-stats/2019-2020,200,pt,Messi vs Ronaldo 2019/2020: golos e estatísticas da temporada | The Rivalry,"Temporada de clubes 2019/2020: Messi, 31 golos e 25 assistências; Ronaldo, 37 golos e 5 assistências. Compare jogos, minutos e médias de golos.",https://messivsronaldo17.com/pt/club-stats/2019-2020,,no,507055,,2026-10-06T18:54:41Z
/pt/club-stats/2020-2021,200,pt,Messi vs Ronaldo 2020/2021: golos e estatísticas da temporada | The Rivalry,"Temporada de clubes 2020/2021: Messi, 38 golos e 12 assistências; Ronaldo, 36 golos e 5 assistências. Compare jogos, minutos e médias de golos.",https://messivsronaldo17.com/pt/club-stats/2020-2021,,no,507018,,2026-10-06T18:54:41Z
/pt/club-stats/2021-2022,200,pt,Messi vs Ronaldo 2021/2022: golos e estatísticas da temporada | The Rivalry,"Temporada de clubes 2021/2022: Messi, 11 golos e 14 assistências; Ronaldo, 24 golos e 3 assistências. Compare jogos, minutos e médias de golos.",https://messivsronaldo17.com/pt/club-stats/2021-2022,,no,507073,,2026-10-06T18:54:41Z
/pt/club-stats/2022-2023,200,pt,Messi vs Ronaldo 2022/2023: golos e estatísticas da temporada | The Rivalry,"Temporada de clubes 2022/2023: Messi, 21 golos e 20 assistências; Ronaldo, 17 golos e 4 assistências. Compare jogos, minutos e médias de golos.",https://messivsronaldo17.com/pt/club-stats/2022-2023,,no,507009,,2026-10-06T18:54:41Z
/pt/club-stats/2023-2024,200,pt,Messi vs Ronaldo 2023/2024: golos e estatísticas da temporada | The Rivalry,"Temporada de clubes 2023/2024: Messi, 25 golos e 16 assistências; Ronaldo, 50 golos e 13 assistências. Compare jogos, minutos e médias de golos.",https://messivsronaldo17.com/pt/club-stats/2023-2024,,no,504815,,2026-10-06T18:54:41Z
/pt/club-stats/2024-2025,200,pt,Messi vs Ronaldo 2024/2025: golos e estatísticas da temporada | The Rivalry,"Temporada de clubes 2024/2025: Messi, 33 golos e 9 assistências; Ronaldo, 35 golos e 4 assistências. Compare jogos, minutos e médias de golos.",https://messivsronaldo17.com/pt/club-stats/2024-2025,,no,507276,,2026-10-06T18:54:41Z
/pt/club-stats/2025-2026,200,pt,Messi vs Ronaldo 2025/2026: golos e estatísticas da temporada | The Rivalry,"Temporada de clubes 2025/2026: Messi, 32 golos e 25 assistências; Ronaldo, 30 golos e 4 assistências. Compare jogos, minutos e médias de golos.",https://messivsronaldo17.com/pt/club-stats/2025-2026,,no,507375,,2026-10-06T18:54:41Z
/pt/club-stats/2026-2027,200,pt,Messi vs Ronaldo 2026/2027: golos e estatísticas da temporada | The Rivalry,"Temporada de clubes 2026/2027: Messi, 12 golos e 6 assistências; Ronaldo, 3 golos e 0 assistências. Compare jogos, minutos e médias de golos. Em curso; fonte revista em 29 de setembro de 2026.",https://messivsronaldo17.com/pt/club-stats/2026-2027,,no,506042,,2026-10-06T18:54:41Z
/pt/clubs,200,pt,"Estatísticas de Messi e Ronaldo Club: Inter Miami, Al Nassr e mais | The Rivalry",Inter Miami / Al Nassr. Linha de base revisada e atualizações de partidas publicadas. Veja a cobertura de cada estatística e o registro público de atualização.,https://messivsronaldo17.com/pt/clubs,,no,535208,,2026-10-06T18:54:41Z
/pt/compare,200,pt,Explorador de comparação entre Messi e Ronaldo | The Rivalry,Visão geral da carreira. Linha de base revisada e atualizações de partidas publicadas. Veja a cobertura de cada estatística e o registro público de atualização.,https://messivsronaldo17.com/pt/compare,,yes,509418,,2026-10-06T18:54:41Z
/pt/comparison-posters,200,pt,Pôsteres comparativos de Messi vs Ronaldo | The Rivalry,"Crie seu próprio pôster de Messi vs Ronaldo com nossas estatísticas publicadas. Escolha a competição, personalize o design e compartilhe com um link para o site.",https://messivsronaldo17.com/pt/comparison-posters,,no,464424,,2026-10-06T18:54:41Z
/pt/contact,200,pt,Contato e suporte | The Rivalry,"Envie perguntas, correções estatísticas, pedidos de privacidade, problemas de acessibilidade ou questões de direitos de imagem ao The Rivalry.",https://messivsronaldo17.com/pt/contact,,no,451752,,2026-10-06T18:54:41Z
/pt/cookies,200,pt,Política de Cookies | The Rivalry,Um breve inventário do armazenamento utilizado por esta edição do site.,https://messivsronaldo17.com/pt/cookies,,no,459443,,2026-10-06T18:54:41Z
/pt/copa-america-vs-euros,200,pt,Messi Copa América x Ronaldo Euros: golos marcados e estatísticas | The Rivalry,Copa América / Euro. Linha de base revisada e atualizações de partidas publicadas. Veja a cobertura de cada estatística e o registro público de atualização.,https://messivsronaldo17.com/pt/copa-america-vs-euros,,no,504268,,2026-10-06T18:54:41Z
/pt/credits,200,pt,Créditos e licenças fotográficas | The Rivalry,"Créditos pelos retratos dos jogadores, ícones e fontes hospedadas localmente usadas em The Rivalry.",https://messivsronaldo17.com/pt/credits,,no,458054,,2026-10-06T18:54:41Z
/pt/disclaimer,200,pt,Isenção de responsabilidade editorial e de dados | The Rivalry,"Como interpretar nossos números, fotografia e relacionamento com as pessoas na comparação.",https://messivsronaldo17.com/pt/disclaimer,,no,456816,,2026-10-06T18:54:41Z
/pt/european-clubs,200,pt,"Messi x Ronaldo na carreira do clube europeu, golos marcados e assistências | The Rivalry",Clubes europeus. Linha de base revisada e atualizações de partidas publicadas. Veja a cobertura de cada estatística e o registro público de atualização.,https://messivsronaldo17.com/pt/european-clubs,,no,504129,,2026-10-06T18:54:41Z
/pt/fifa-awards,200,pt,Messi vs Ronaldo: Prémios FIFA | The Rivalry,Compara as vitórias e edições do prémio The Best de Melhor Jogador da FIFA de Messi e Ronaldo.,https://messivsronaldo17.com/pt/fifa-awards,,no,492004,,2026-10-06T18:54:41Z
/pt/football-quiz,200,pt,Quiz de estatísticas Messi vs Ronaldo: testa os teus conhecimentos | The Rivalry,"Oito perguntas. Duas carreiras extraordinárias. Escolhe o jogador, descobre os números e vê a tua pontuação.",https://messivsronaldo17.com/pt/football-quiz,,no,448656,,2026-10-06T18:54:41Z
/pt/free-kicks,200,pt,Messi vs Ronaldo: golos de livre direto na carreira | The Rivalry,"Golos de livre direto: Messi 76, Ronaldo 65. Compara os totais e vê o que conta como golo de livre direto. Atualizado 27 de setembro de 2026.",https://messivsronaldo17.com/pt/free-kicks,,no,516830,,2026-10-06T18:54:41Z
/pt/glossary,200,pt,"Glossário de Estatísticas de Futebol: Golos, Assistências e Médias | The Rivalry","O que conta como golo, assistência, jogo disputado ou hat-trick? Conheça as definições, as fórmulas de rendimento goleador e as regras de contagem usadas nas nossas comparações entre Messi e Ronaldo.",https://messivsronaldo17.com/pt/glossary,,no,485540,,2026-10-06T18:54:41Z
/pt/goals,200,pt,Messi vs Ronaldo: golos na carreira (2026) | The Rivalry,"Messi tem 931 golos na carreira e Ronaldo tem 979. Compara os golos por clubes e seleções, jogos e médias. Atualizado 27 de setembro de 2026.",https://messivsronaldo17.com/pt/goals,,no,509066,,2026-10-06T18:54:41Z
/pt/golden-boots,200,pt,Messi vs Ronaldo: Botas de Ouro | The Rivalry,Compara as Botas de Ouro europeias de Messi e Ronaldo e as épocas de liga em que as venceram.,https://messivsronaldo17.com/pt/golden-boots,,no,507993,,2026-10-06T18:54:41Z
/pt/hat-tricks,200,pt,Messi x Ronaldo Hat-Tricks e recordes de pontuação na carreira | The Rivalry,Visão geral da carreira. Linha de base revisada e atualizações de partidas publicadas. Veja a cobertura de cada estatística e o registro público de atualização.,https://messivsronaldo17.com/pt/hat-tricks,,yes,518011,,2026-10-06T18:54:41Z
/pt/head-to-head,200,pt,Messi x Ronaldo confronto direto: golos marcados em encontros diretos | The Rivalry,Reuniões diretas. Linha de base revisada e atualizações de partidas publicadas. Veja a cobertura de cada estatística e o registro público de atualização.,https://messivsronaldo17.com/pt/head-to-head,,no,502416,,2026-10-06T18:54:41Z
/pt/honours,200,pt,Messi vs Ronaldo: troféus e Bolas de Ouro (2026) | The Rivalry,"Messi: 49 troféus coletivos. Ronaldo: 37. Compara a lista de troféus, as regras de contagem e os prémios individuais em separado. Até 21 de setembro de 2026.",https://messivsronaldo17.com/pt/honours,,no,497733,,2026-10-06T18:54:41Z
/pt/insights,200,pt,"Análise de futebol: Bola de Ouro, recordes e estatísticas | The Rivalry","Explore os candidatos à Bola de Ouro 2026, estatísticas verificadas e recordes de Messi e Ronaldo com fontes e comparações interativas.",https://messivsronaldo17.com/pt/insights,,no,465660,,2026-10-06T18:54:41Z
/pt/insights/ballon-dor-2026-contenders-stats,200,pt,"Candidatos à Bola de Ouro 2026: golos, desequilíbrio e controlo | The Rivalry","Kane, Mbappé, Kvaratskhelia, Yamal e Rodri apresentam argumentos diferentes. Uma comparação das funções, dos registos publicados e das ações decisivas.",https://messivsronaldo17.com/pt/insights/ballon-dor-2026-contenders-stats,,no,540826,,2026-10-06T18:54:41Z
/pt/insights/ballon-dor-2026-date-voting-rules,200,pt,"Bola de Ouro 2026: data, votação e maneiras diferentes de avaliar influência | The Rivalry","A cerimónia de 26 de outubro, o período de referência e as regras do júri, acompanhados de uma leitura tática para comparar funções diferentes.",https://messivsronaldo17.com/pt/insights/ballon-dor-2026-date-voting-rules,,no,530188,,2026-10-06T18:54:41Z
/pt/insights/kane-vs-mbappe-ballon-dor-2026-stats,200,pt,Kane e Mbappé em 2026: ligar o ataque ou ameaçar o espaço seguinte | The Rivalry,"Os registos, os movimentos e os apoios que sustentam duas candidaturas à Bola de Ouro, com os exemplos históricos separados das provas da época avaliada.",https://messivsronaldo17.com/pt/insights/kane-vs-mbappe-ballon-dor-2026-stats,,no,536465,,2026-10-06T18:54:41Z
/pt/insights/messi-2011-12-vs-ronaldo-2013-14-champions-league,200,pt,Os 14 de Messi e os 17 de Ronaldo: duas grandes Champions perante a incerteza | The Rivalry,"Onze presenças para cada jogador, percursos diferentes para o golo e uma competição capaz de se decidir numa ação que não pertence ao seu melhor marcador.",https://messivsronaldo17.com/pt/insights/messi-2011-12-vs-ronaldo-2013-14-champions-league,,no,531631,,2026-10-06T18:54:41Z
/pt/insights/messi-2011-12-vs-ronaldo-2014-15-la-liga,200,pt,Os 50 de Messi e os 48 de Ronaldo: épocas goleadoras que não ganharam a Liga | The Rivalry,Dois registos extraordinários em campeonatos diferentes e uma pergunta coletiva: como marcar tanto através de uma figura sem conquistar o título.,https://messivsronaldo17.com/pt/insights/messi-2011-12-vs-ronaldo-2014-15-la-liga,,no,529137,,2026-10-06T18:54:41Z
/pt/insights/messi-2012-vs-ronaldo-2013-goals,200,pt,"Os 91 de Messi e os 69 de Ronaldo: dois anos históricos, dois ataques diferentes | The Rivalry","As posições, as associações e os jogos que explicam 2012 para Messi e 2013 para Cristiano Ronaldo, para lá da comparação entre os seus totais goleadores.",https://messivsronaldo17.com/pt/insights/messi-2012-vs-ronaldo-2013-goals,,no,527649,,2026-10-06T18:54:41Z
/pt/insights/messi-career-goals,200,pt,Os golos de Messi: como uma carreira mudou de posição sem perder a baliza | The Rivalry,"Os 930 golos do registo de 21 de setembro de 2026, explicados por funções, clubes e jogos: do falso nove do Barcelona à adaptação fora de Espanha.",https://messivsronaldo17.com/pt/insights/messi-career-goals,,no,504731,,2026-10-06T18:54:41Z
/pt/insights/messi-ronaldo-hat-tricks,200,pt,"Hat-tricks de Messi e Ronaldo: três golos, três maneiras de desmontar uma defesa | The Rivalry","Messi tinha 62 hat-tricks e Ronaldo 66 no registo de 21 de setembro de 2026. Leverkusen, Atlético e Suécia mostram o futebol escondido na contagem.",https://messivsronaldo17.com/pt/insights/messi-ronaldo-hat-tricks,,no,504643,,2026-10-06T18:54:41Z
/pt/insights/totals-vs-scoring-rates,200,pt,Messi e Ronaldo: por que os golos por jogo dependem do denominador | The Rivalry,"Totais, golos por presença e golos por noventa minutos: o que as médias revelam sobre os avançados e o que só os jogos conseguem explicar.",https://messivsronaldo17.com/pt/insights/totals-vs-scoring-rates,,no,524672,,2026-10-06T18:54:41Z
/pt/insights/what-counts-as-a-career-goal,200,pt,"O que conta como golo numa carreira: Messi, Ronaldo e o jogo por trás do recorde | The Rivalry",Dos penáltis num Mundial aos cabeceamentos na Champions: as regras da contagem e o trabalho do avançado que um total de carreira não consegue mostrar sozinho.,https://messivsronaldo17.com/pt/insights/what-counts-as-a-career-goal,,no,526390,,2026-10-06T18:54:41Z
/pt/insights/why-assist-totals-differ,200,pt,"Messi, Ronaldo e as assistências: o trabalho que o último passe não explica | The Rivalry","Por que divergem os totais de assistências e o que Barcelona, Real Madrid e Argentina ensinam sobre a criação de oportunidades antes do toque final.",https://messivsronaldo17.com/pt/insights/why-assist-totals-differ,,no,524833,,2026-10-06T18:54:41Z
/pt/international,200,pt,Messi x Ronaldo Internacional Golos marcados e assistências - 2026 | The Rivalry,Futebol internacional. Linha de base revisada e atualizações de partidas publicadas. Veja a cobertura de cada estatística e o registro público de atualização.,https://messivsronaldo17.com/pt/international,,no,509018,,2026-10-06T18:54:41Z
/pt/la-liga,200,pt,Messi vs Ronaldo: golos e médias na La Liga | The Rivalry,Messi marcou 474 golos na La Liga em 520 jogos; Ronaldo marcou 311 em 292. Compara os totais e os golos por jogo.,https://messivsronaldo17.com/pt/la-liga,,no,503221,,2026-10-06T18:54:41Z
/pt/league,200,pt,Messi x Ronaldo Golos da Liga marcados em todos os clubes | The Rivalry,Carreiras na liga nacional. Linha de base revisada e atualizações de partidas publicadas. Veja a cobertura de cada estatística e o registro público de atualização.,https://messivsronaldo17.com/pt/league,,no,509228,,2026-10-06T18:54:41Z
/pt/man-of-the-match,200,pt,Messi vs Ronaldo: Melhor em campo | The Rivalry,Compara as escolhas de melhor em campo do WhoScored nas ligas europeias e na Liga dos Campeões desde 2009/10.,https://messivsronaldo17.com/pt/man-of-the-match,,no,480611,,2026-10-06T18:54:41Z
/pt/methodology,200,pt,"Fontes de dados, definições e metodologia | The Rivalry",O que contamos. De onde vem. O que não sabemos. Os detalhes que fazem valer a pena ler os números.,https://messivsronaldo17.com/pt/methodology,,no,541485,,2026-10-06T18:54:41Z
/pt/milestone-planner,200,pt,Calculadora de marcos de golos de Messi vs Ronaldo | The Rivalry,Define um objetivo de golos e um ritmo para cada jogador. Consulta os jogos necessários segundo as tuas hipóteses e os totais publicados.,https://messivsronaldo17.com/pt/milestone-planner,,no,454757,,2026-10-06T18:54:41Z
/pt/penalties,200,pt,"Pênaltis de Messi x Ronaldo: marcados, perdidos e conversão | The Rivalry",Visão geral da carreira. Linha de base revisada e atualizações de partidas publicadas. Veja a cobertura de cada estatística e o registro público de atualização.,https://messivsronaldo17.com/pt/penalties,,yes,518070,,2026-10-06T18:54:41Z
/pt/players/messi,200,pt,"Lionel Messi: Golos marcados, estatísticas e prêmios — 2026 | The Rivalry","Estatísticas de carreira de Lionel Messi obtidas por meio de 27 de setembro de 2026, com recordes na Liga dos Campeões e La Liga e prêmios individuais.",https://messivsronaldo17.com/pt/players/messi,,no,501730,,2026-10-06T18:54:41Z
/pt/players/ronaldo,200,pt,"Cristiano Ronaldo: Golos marcados, estatísticas e prêmios — 2026 | The Rivalry","Estatísticas de carreira de Cristiano Ronaldo obtidas por meio de 27 de setembro de 2026, com recordes na Liga dos Campeões e La Liga e prêmios individuais.",https://messivsronaldo17.com/pt/players/ronaldo,,no,509127,,2026-10-06T18:54:41Z
/pt/privacy,200,pt,Política de Privacidade | The Rivalry,"O que The Rivalry armazena, por que é usado e as opções disponíveis aos visitantes.",https://messivsronaldo17.com/pt/privacy,,no,483652,,2026-10-06T18:54:41Z
/pt/records,200,pt,Recordes de Messi x Ronaldo: a corrida para 1.000 golos marcados | The Rivalry,Visão geral da carreira. Linha de base revisada e atualizações de partidas publicadas. Veja a cobertura de cada estatística e o registro público de atualização.,https://messivsronaldo17.com/pt/records,,yes,515379,,2026-10-06T18:54:41Z
/pt/scoring-calculator,200,pt,Calculadora Messi vs Ronaldo: compara épocas e médias | The Rivalry,"Escolhe um registo para cada jogador. Compara os golos com os mesmos minutos ou jogos, explora as melhores épocas e partilha o cálculo.",https://messivsronaldo17.com/pt/scoring-calculator,,no,468404,,2026-10-06T18:54:41Z
/pt/seasons,200,pt,Messi x Ronaldo por ano: 2002–2026 Golos marcados e assistências | The Rivalry,"Compare todos os anos civis até 2026: golos marcados, assistências, minutos, partidas disputadas e taxas por 90 para clubes, países e ligas de futebol.",https://messivsronaldo17.com/pt/seasons,,no,500047,,2026-10-06T18:54:41Z
/pt/seasons/2002,200,pt,Messi vs Ronaldo 2002: golos e estatísticas do ano civil | The Rivalry,"Messi vs Ronaldo em 2002: 0 vs 5 golos, 0 vs 4 assistências. Compare jogos, minutos e médias de golos por clubes e seleções.",https://messivsronaldo17.com/pt/seasons/2002,,no,547952,,2026-10-06T18:54:41Z
/pt/seasons/2003,200,pt,Messi vs Ronaldo 2003: golos e estatísticas do ano civil | The Rivalry,"Messi vs Ronaldo em 2003: 0 vs 1 golos, 0 vs 2 assistências. Compare jogos, minutos e médias de golos por clubes e seleções.",https://messivsronaldo17.com/pt/seasons/2003,,no,551434,,2026-10-06T18:54:41Z
/pt/seasons/2004,200,pt,Messi vs Ronaldo 2004: golos e estatísticas do ano civil | The Rivalry,"Messi vs Ronaldo em 2004: 0 vs 13 golos, 0 vs 14 assistências. Compare jogos, minutos e médias de golos por clubes e seleções.",https://messivsronaldo17.com/pt/seasons/2004,,no,557421,,2026-10-06T18:54:41Z
/pt/seasons/2005,200,pt,Messi vs Ronaldo 2005: golos e estatísticas do ano civil | The Rivalry,"Messi vs Ronaldo em 2005: 3 vs 15 golos, 4 vs 11 assistências. Compare jogos, minutos e médias de golos por clubes e seleções.",https://messivsronaldo17.com/pt/seasons/2005,,no,559484,,2026-10-06T18:54:41Z
/pt/seasons/2006,200,pt,Messi vs Ronaldo 2006: golos e estatísticas do ano civil | The Rivalry,"Messi vs Ronaldo em 2006: 12 vs 25 golos, 3 vs 10 assistências. Compare jogos, minutos e médias de golos por clubes e seleções.",https://messivsronaldo17.com/pt/seasons/2006,,no,559619,,2026-10-06T18:54:41Z
/pt/seasons/2007,200,pt,Messi vs Ronaldo 2007: golos e estatísticas do ano civil | The Rivalry,"Messi vs Ronaldo em 2007: 31 vs 34 golos, 12 vs 11 assistências. Compare jogos, minutos e médias de golos por clubes e seleções.",https://messivsronaldo17.com/pt/seasons/2007,,no,559699,,2026-10-06T18:54:41Z
/pt/seasons/2008,200,pt,Messi vs Ronaldo 2008: golos e estatísticas do ano civil | The Rivalry,"Messi vs Ronaldo em 2008: 22 vs 35 golos, 18 vs 12 assistências. Compare jogos, minutos e médias de golos por clubes e seleções.",https://messivsronaldo17.com/pt/seasons/2008,,no,559650,,2026-10-06T18:54:41Z
/pt/seasons/2009,200,pt,Messi vs Ronaldo 2009: golos e estatísticas do ano civil | The Rivalry,"Messi vs Ronaldo em 2009: 41 vs 30 golos, 15 vs 6 assistências. Compare jogos, minutos e médias de golos por clubes e seleções.",https://messivsronaldo17.com/pt/seasons/2009,,no,559625,,2026-10-06T18:54:41Z
/pt/seasons/2009-10,200,pt,Messi x Ronaldo 2009/10: golos marcados e taxas de pontuação | The Rivalry,"Na La Liga 2009/10, Messi marcou 34 golos marcados e Ronaldo marcou 26. Compare os números da liga e da Liga dos Campeões com as fontes.",https://messivsronaldo17.com/pt/seasons/2009-10,,no,491077,,2026-10-06T18:54:41Z
/pt/seasons/2010,200,pt,Messi vs Ronaldo 2010: golos e estatísticas do ano civil | The Rivalry,"Messi vs Ronaldo em 2010: 60 vs 48 golos, 17 vs 18 assistências. Compare jogos, minutos e médias de golos por clubes e seleções.",https://messivsronaldo17.com/pt/seasons/2010,,no,559748,,2026-10-06T18:54:41Z
/pt/seasons/2010-11,200,pt,Messi x Ronaldo 2010/11: golos marcados e taxas de pontuação | The Rivalry,"Na La Liga 2010/11, Messi marcou 31 golos marcados e Ronaldo marcou 40. Compare os números da liga e da Liga dos Campeões com as fontes.",https://messivsronaldo17.com/pt/seasons/2010-11,,no,491186,,2026-10-06T18:54:41Z
/pt/seasons/2011,200,pt,Messi vs Ronaldo 2011: golos e estatísticas do ano civil | The Rivalry,"Messi vs Ronaldo em 2011: 59 vs 60 golos, 37 vs 18 assistências. Compare jogos, minutos e médias de golos por clubes e seleções.",https://messivsronaldo17.com/pt/seasons/2011,,no,560179,,2026-10-06T18:54:41Z
/pt/seasons/2011-12,200,pt,Messi x Ronaldo 2011/12: golos marcados e taxas de pontuação | The Rivalry,"Na La Liga 2011/12, Messi marcou 50 golos marcados e Ronaldo marcou 46. Compare os números da liga e da Liga dos Campeões com as fontes.",https://messivsronaldo17.com/pt/seasons/2011-12,,no,491620,,2026-10-06T18:54:41Z
/pt/seasons/2012,200,pt,Messi vs Ronaldo 2012: golos e estatísticas do ano civil | The Rivalry,"Messi vs Ronaldo em 2012: 91 vs 63 golos, 22 vs 13 assistências. Compare jogos, minutos e médias de golos por clubes e seleções.",https://messivsronaldo17.com/pt/seasons/2012,,no,560007,,2026-10-06T18:54:41Z
/pt/seasons/2012-13,200,pt,Messi x Ronaldo 2012/13: golos marcados e taxas de pontuação | The Rivalry,"Na La Liga 2012/13, Messi marcou 46 golos marcados e Ronaldo marcou 34. Compare os números da liga e da Liga dos Campeões com as fontes.",https://messivsronaldo17.com/pt/seasons/2012-13,,no,491188,,2026-10-06T18:54:41Z
/pt/seasons/2013,200,pt,Messi vs Ronaldo 2013: golos e estatísticas do ano civil | The Rivalry,"Messi vs Ronaldo em 2013: 45 vs 69 golos, 16 vs 15 assistências. Compare jogos, minutos e médias de golos por clubes e seleções.",https://messivsronaldo17.com/pt/seasons/2013,,no,559871,,2026-10-06T18:54:41Z
/pt/seasons/2013-14,200,pt,Messi x Ronaldo 2013/14: golos marcados e taxas de pontuação | The Rivalry,"Na La Liga 2013/14, Messi marcou 28 golos marcados e Ronaldo marcou 31. Compare os números da liga e da Liga dos Campeões com as fontes.",https://messivsronaldo17.com/pt/seasons/2013-14,,no,490178,,2026-10-06T18:54:41Z
/pt/seasons/2014,200,pt,Messi vs Ronaldo 2014: golos e estatísticas do ano civil | The Rivalry,"Messi vs Ronaldo em 2014: 58 vs 61 golos, 21 vs 20 assistências. Compare jogos, minutos e médias de golos por clubes e seleções.",https://messivsronaldo17.com/pt/seasons/2014,,no,559622,,2026-10-06T18:54:41Z
/pt/seasons/2014-15,200,pt,Messi x Ronaldo 2014/15: golos marcados e taxas de pontuação | The Rivalry,"Na La Liga 2014/15, Messi marcou 43 golos marcados e Ronaldo marcou 48. Compare os números da liga e da Liga dos Campeões com as fontes.",https://messivsronaldo17.com/pt/seasons/2014-15,,no,490021,,2026-10-06T18:54:41Z
/pt/seasons/2015,200,pt,Messi vs Ronaldo 2015: golos e estatísticas do ano civil | The Rivalry,"Messi vs Ronaldo em 2015: 52 vs 57 golos, 26 vs 17 assistências. Compare jogos, minutos e médias de golos por clubes e seleções.",https://messivsronaldo17.com/pt/seasons/2015,,no,559719,,2026-10-06T18:54:41Z
/pt/seasons/2015-16,200,pt,Messi x Ronaldo 2015/16: golos marcados e taxas de pontuação | The Rivalry,"Na La Liga 2015/16, Messi marcou 26 golos marcados e Ronaldo marcou 35. Compare os números da liga e da Liga dos Campeões com as fontes.",https://messivsronaldo17.com/pt/seasons/2015-16,,no,491331,,2026-10-06T18:54:41Z
/pt/seasons/2016,200,pt,Messi vs Ronaldo 2016: golos e estatísticas do ano civil | The Rivalry,"Messi vs Ronaldo em 2016: 59 vs 55 golos, 31 vs 16 assistências. Compare jogos, minutos e médias de golos por clubes e seleções.",https://messivsronaldo17.com/pt/seasons/2016,,no,559812,,2026-10-06T18:54:41Z
/pt/seasons/2016-17,200,pt,Messi x Ronaldo 2016/17: golos marcados e taxas de pontuação | The Rivalry,"Na La Liga 2016/17, Messi marcou 37 golos marcados e Ronaldo marcou 25. Compare os números da liga e da Liga dos Campeões com as fontes.",https://messivsronaldo17.com/pt/seasons/2016-17,,no,491243,,2026-10-06T18:54:41Z
/pt/seasons/2017,200,pt,Messi vs Ronaldo 2017: golos e estatísticas do ano civil | The Rivalry,"Messi vs Ronaldo em 2017: 54 vs 53 golos, 16 vs 12 assistências. Compare jogos, minutos e médias de golos por clubes e seleções.",https://messivsronaldo17.com/pt/seasons/2017,,no,559824,,2026-10-06T18:54:41Z
/pt/seasons/2017-18,200,pt,Messi x Ronaldo 2017/18: golos marcados e taxas de pontuação | The Rivalry,"Na La Liga 2017/18, Messi marcou 34 golos marcados e Ronaldo marcou 26. Compare os números da liga e da Liga dos Campeões com as fontes.",https://messivsronaldo17.com/pt/seasons/2017-18,,no,491076,,2026-10-06T18:54:41Z
/pt/seasons/2018,200,pt,Messi vs Ronaldo 2018: golos e estatísticas do ano civil | The Rivalry,"Messi vs Ronaldo em 2018: 51 vs 49 golos, 26 vs 13 assistências. Compare jogos, minutos e médias de golos por clubes e seleções.",https://messivsronaldo17.com/pt/seasons/2018,,no,559548,,2026-10-06T18:54:41Z
/pt/seasons/2019,200,pt,Messi vs Ronaldo 2019: golos e estatísticas do ano civil | The Rivalry,"Messi vs Ronaldo em 2019: 50 vs 39 golos, 18 vs 4 assistências. Compare jogos, minutos e médias de golos por clubes e seleções.",https://messivsronaldo17.com/pt/seasons/2019,,no,559567,,2026-10-06T18:54:41Z
/pt/seasons/2020,200,pt,Messi vs Ronaldo 2020: golos e estatísticas do ano civil | The Rivalry,"Messi vs Ronaldo em 2020: 27 vs 44 golos, 19 vs 7 assistências. Compare jogos, minutos e médias de golos por clubes e seleções.",https://messivsronaldo17.com/pt/seasons/2020,,no,559609,,2026-10-06T18:54:41Z
/pt/seasons/2021,200,pt,Messi vs Ronaldo 2021: golos e estatísticas do ano civil | The Rivalry,"Messi vs Ronaldo em 2021: 43 vs 47 golos, 18 vs 7 assistências. Compare jogos, minutos e médias de golos por clubes e seleções.",https://messivsronaldo17.com/pt/seasons/2021,,no,559603,,2026-10-06T18:54:41Z
/pt/seasons/2022,200,pt,Messi vs Ronaldo 2022: golos e estatísticas do ano civil | The Rivalry,"Messi vs Ronaldo em 2022: 35 vs 16 golos, 30 vs 4 assistências. Compare jogos, minutos e médias de golos por clubes e seleções.",https://messivsronaldo17.com/pt/seasons/2022,,no,559884,,2026-10-06T18:54:41Z
/pt/seasons/2023,200,pt,Messi vs Ronaldo 2023: golos e estatísticas do ano civil | The Rivalry,"Messi vs Ronaldo em 2023: 28 vs 54 golos, 12 vs 15 assistências. Compare jogos, minutos e médias de golos por clubes e seleções.",https://messivsronaldo17.com/pt/seasons/2023,,no,559928,,2026-10-06T18:54:41Z
/pt/seasons/2024,200,pt,Messi vs Ronaldo 2024: golos e estatísticas do ano civil | The Rivalry,"Messi vs Ronaldo em 2024: 29 vs 43 golos, 18 vs 7 assistências. Compare jogos, minutos e médias de golos por clubes e seleções.",https://messivsronaldo17.com/pt/seasons/2024,,no,559854,,2026-10-06T18:54:41Z
/pt/seasons/2025,200,pt,Messi vs Ronaldo 2025: golos e estatísticas do ano civil | The Rivalry,"Messi vs Ronaldo em 2025: 46 vs 41 golos, 28 vs 4 assistências. Compare jogos, minutos e médias de golos por clubes e seleções.",https://messivsronaldo17.com/pt/seasons/2025,,no,559630,,2026-10-06T18:54:41Z
/pt/seasons/2026,200,pt,Messi vs Ronaldo 2026: golos e estatísticas do ano civil | The Rivalry,"Messi vs Ronaldo em 2026: 35 vs 22 golos, 17 vs 1 assistências. Acumulado no ano até 27 de setembro de 2026.",https://messivsronaldo17.com/pt/seasons/2026,,no,557249,,2026-10-06T18:54:41Z
/pt/sitemap,200,pt,Mapa do site | The Rivalry,"Navegue por todas as comparações entre Messi e Ronaldo, perfil do jogador, ano civil, artigo e política do site no The Rivalry.",https://messivsronaldo17.com/pt/sitemap,,no,569961,,2026-10-06T18:54:41Z
/pt/terms,200,pt,Termos de Uso | The Rivalry,Os termos de utilização das nossas comparações e artigos em messivsronaldo17.com.,https://messivsronaldo17.com/pt/terms,,no,462388,,2026-10-06T18:54:41Z
/pt/tools,200,pt,Messi vs Ronaldo: ferramentas interativas e jogos de futebol | The Rivalry,"Testa os teus conhecimentos de futebol, explora tendências e cria os teus cenários de golos. Ferramentas originais baseadas nos registos.",https://messivsronaldo17.com/pt/tools,,no,456611,,2026-10-06T18:54:41Z
/pt/uefa-awards,200,pt,Messi vs Ronaldo: Prémios UEFA | The Rivalry,Compara os prémios de Jogador do Ano da UEFA e as épocas vencedoras de Messi e Ronaldo.,https://messivsronaldo17.com/pt/uefa-awards,,no,493295,,2026-10-06T18:54:41Z
/pt/updates,200,pt,Atualizações de partidas publicadas | The Rivalry,"Registros datados dos jogos de Messi e Ronaldo adicionados após a linha de base revisada, com fontes e notas de cobertura.",https://messivsronaldo17.com/pt/updates,,no,449276,,2026-10-06T18:54:41Z
/pt/vote,200,pt,Votação dos adeptos: Messi vs Ronaldo | The Rivalry,"Escolhe o teu jogador favorito e consulta os resultados. Um voto por navegador, com totais iniciais e votos dos visitantes apresentados separadamente.",https://messivsronaldo17.com/pt/vote,,no,453957,,2026-10-06T18:54:41Z
/pt/world-cup,200,pt,"Messi x Ronaldo, golos marcados e assistências na Copa do Mundo - 2026 | The Rivalry",Finais da Copa do Mundo. Linha de base revisada e atualizações de partidas publicadas. Veja a cobertura de cada estatística e o registro público de atualização.,https://messivsronaldo17.com/pt/world-cup,,no,502515,,2026-10-06T18:54:41Z
/records,200,en,"Messi vs Ronaldo Records: The Race to 1,000 Goals | The Rivalry",Career overview. Reviewed baseline plus published match updates. See each statistic’s coverage and the public update log.,https://messivsronaldo17.com/records,,yes,306664,,2026-10-06T18:54:41Z
/scoring-calculator,200,en,Messi vs Ronaldo Scoring Calculator: Compare Seasons & Rates | The Rivalry,"Choose a record for each player. Compare their goals at equal minutes or appearances, explore peak seasons, and share your calculation.",https://messivsronaldo17.com/scoring-calculator,,no,262144,,2026-10-06T18:54:41Z
/seasons,200,en,Messi vs Ronaldo by Year: 2002–2026 Goals & Assists | The Rivalry,"Compare every calendar year through 2026: goals, assists, minutes, appearances and per-90 rates for club, country and league football.",https://messivsronaldo17.com/seasons,,no,292252,,2026-10-06T18:54:41Z
/seasons/2002,200,en,Messi vs Ronaldo 2002: Calendar Year Goals & Stats | The Rivalry,"Messi vs Ronaldo in 2002: 0 vs 5 goals, 0 vs 4 assists. Compare club and country appearances, minutes and scoring rates.",https://messivsronaldo17.com/seasons/2002,,no,341116,,2026-10-06T18:54:41Z
/seasons/2003,200,en,Messi vs Ronaldo 2003: Calendar Year Goals & Stats | The Rivalry,"Messi vs Ronaldo in 2003: 0 vs 1 goals, 0 vs 2 assists. Compare club and country appearances, minutes and scoring rates.",https://messivsronaldo17.com/seasons/2003,,no,344533,,2026-10-06T18:54:41Z
/seasons/2004,200,en,Messi vs Ronaldo 2004: Calendar Year Goals & Stats | The Rivalry,"Messi vs Ronaldo in 2004: 0 vs 13 goals, 0 vs 14 assists. Compare club and country appearances, minutes and scoring rates.",https://messivsronaldo17.com/seasons/2004,,no,350616,,2026-10-06T18:54:41Z
/seasons/2005,200,en,Messi vs Ronaldo 2005: Calendar Year Goals & Stats | The Rivalry,"Messi vs Ronaldo in 2005: 3 vs 15 goals, 4 vs 11 assists. Compare club and country appearances, minutes and scoring rates.",https://messivsronaldo17.com/seasons/2005,,no,352658,,2026-10-06T18:54:41Z
/seasons/2006,200,en,Messi vs Ronaldo 2006: Calendar Year Goals & Stats | The Rivalry,"Messi vs Ronaldo in 2006: 12 vs 25 goals, 3 vs 10 assists. Compare club and country appearances, minutes and scoring rates.",https://messivsronaldo17.com/seasons/2006,,no,352804,,2026-10-06T18:54:41Z
/seasons/2007,200,en,Messi vs Ronaldo 2007: Calendar Year Goals & Stats | The Rivalry,"Messi vs Ronaldo in 2007: 31 vs 34 goals, 12 vs 11 assists. Compare club and country appearances, minutes and scoring rates.",https://messivsronaldo17.com/seasons/2007,,no,352880,,2026-10-06T18:54:41Z
/seasons/2008,200,en,Messi vs Ronaldo 2008: Calendar Year Goals & Stats | The Rivalry,"Messi vs Ronaldo in 2008: 22 vs 35 goals, 18 vs 12 assists. Compare club and country appearances, minutes and scoring rates.",https://messivsronaldo17.com/seasons/2008,,no,352829,,2026-10-06T18:54:41Z
/seasons/2009,200,en,Messi vs Ronaldo 2009: Calendar Year Goals & Stats | The Rivalry,"Messi vs Ronaldo in 2009: 41 vs 30 goals, 15 vs 6 assists. Compare club and country appearances, minutes and scoring rates.",https://messivsronaldo17.com/seasons/2009,,no,352810,,2026-10-06T18:54:41Z
/seasons/2009-10,200,en,Messi vs Ronaldo 2009/10: Goals & Scoring Rates | The Rivalry,"In La Liga 2009/10, Messi scored 34 goals and Ronaldo scored 26. Compare league and Champions League figures with sources.",https://messivsronaldo17.com/seasons/2009-10,,no,284280,,2026-10-06T18:54:41Z
/seasons/2010,200,en,Messi vs Ronaldo 2010: Calendar Year Goals & Stats | The Rivalry,"Messi vs Ronaldo in 2010: 60 vs 48 goals, 17 vs 18 assists. Compare club and country appearances, minutes and scoring rates.",https://messivsronaldo17.com/seasons/2010,,no,352929,,2026-10-06T18:54:41Z
/seasons/2010-11,200,en,Messi vs Ronaldo 2010/11: Goals & Scoring Rates | The Rivalry,"In La Liga 2010/11, Messi scored 31 goals and Ronaldo scored 40. Compare league and Champions League figures with sources.",https://messivsronaldo17.com/seasons/2010-11,,no,284313,,2026-10-06T18:54:41Z
/seasons/2011,200,en,Messi vs Ronaldo 2011: Calendar Year Goals & Stats | The Rivalry,"Messi vs Ronaldo in 2011: 59 vs 60 goals, 37 vs 18 assists. Compare club and country appearances, minutes and scoring rates.",https://messivsronaldo17.com/seasons/2011,,no,353145,,2026-10-06T18:54:41Z
/seasons/2011-12,200,en,Messi vs Ronaldo 2011/12: Goals & Scoring Rates | The Rivalry,"In La Liga 2011/12, Messi scored 50 goals and Ronaldo scored 46. Compare league and Champions League figures with sources.",https://messivsronaldo17.com/seasons/2011-12,,no,284880,,2026-10-06T18:54:41Z
/seasons/2012,200,en,Messi vs Ronaldo 2012: Calendar Year Goals & Stats | The Rivalry,"Messi vs Ronaldo in 2012: 91 vs 63 goals, 22 vs 13 assists. Compare club and country appearances, minutes and scoring rates.",https://messivsronaldo17.com/seasons/2012,,no,353199,,2026-10-06T18:54:41Z
/seasons/2012-13,200,en,Messi vs Ronaldo 2012/13: Goals & Scoring Rates | The Rivalry,"In La Liga 2012/13, Messi scored 46 goals and Ronaldo scored 34. Compare league and Champions League figures with sources.",https://messivsronaldo17.com/seasons/2012-13,,no,284358,,2026-10-06T18:54:41Z
/seasons/2013,200,en,Messi vs Ronaldo 2013: Calendar Year Goals & Stats | The Rivalry,"Messi vs Ronaldo in 2013: 45 vs 69 goals, 16 vs 15 assists. Compare club and country appearances, minutes and scoring rates.",https://messivsronaldo17.com/seasons/2013,,no,353063,,2026-10-06T18:54:41Z
/seasons/2013-14,200,en,Messi vs Ronaldo 2013/14: Goals & Scoring Rates | The Rivalry,"In La Liga 2013/14, Messi scored 28 goals and Ronaldo scored 31. Compare league and Champions League figures with sources.",https://messivsronaldo17.com/seasons/2013-14,,no,283429,,2026-10-06T18:54:41Z
/seasons/2014,200,en,Messi vs Ronaldo 2014: Calendar Year Goals & Stats | The Rivalry,"Messi vs Ronaldo in 2014: 58 vs 61 goals, 21 vs 20 assists. Compare club and country appearances, minutes and scoring rates.",https://messivsronaldo17.com/seasons/2014,,no,352792,,2026-10-06T18:54:41Z
/seasons/2014-15,200,en,Messi vs Ronaldo 2014/15: Goals & Scoring Rates | The Rivalry,"In La Liga 2014/15, Messi scored 43 goals and Ronaldo scored 48. Compare league and Champions League figures with sources.",https://messivsronaldo17.com/seasons/2014-15,,no,283260,,2026-10-06T18:54:41Z
/seasons/2015,200,en,Messi vs Ronaldo 2015: Calendar Year Goals & Stats | The Rivalry,"Messi vs Ronaldo in 2015: 52 vs 57 goals, 26 vs 17 assists. Compare club and country appearances, minutes and scoring rates.",https://messivsronaldo17.com/seasons/2015,,no,352855,,2026-10-06T18:54:41Z
/seasons/2015-16,200,en,Messi vs Ronaldo 2015/16: Goals & Scoring Rates | The Rivalry,"In La Liga 2015/16, Messi scored 26 goals and Ronaldo scored 35. Compare league and Champions League figures with sources.",https://messivsronaldo17.com/seasons/2015-16,,no,284533,,2026-10-06T18:54:41Z
/seasons/2016,200,en,Messi vs Ronaldo 2016: Calendar Year Goals & Stats | The Rivalry,"Messi vs Ronaldo in 2016: 59 vs 55 goals, 31 vs 16 assists. Compare club and country appearances, minutes and scoring rates.",https://messivsronaldo17.com/seasons/2016,,no,352950,,2026-10-06T18:54:41Z
/seasons/2016-17,200,en,Messi vs Ronaldo 2016/17: Goals & Scoring Rates | The Rivalry,"In La Liga 2016/17, Messi scored 37 goals and Ronaldo scored 25. Compare league and Champions League figures with sources.",https://messivsronaldo17.com/seasons/2016-17,,no,284411,,2026-10-06T18:54:41Z
/seasons/2017,200,en,Messi vs Ronaldo 2017: Calendar Year Goals & Stats | The Rivalry,"Messi vs Ronaldo in 2017: 54 vs 53 goals, 16 vs 12 assists. Compare club and country appearances, minutes and scoring rates.",https://messivsronaldo17.com/seasons/2017,,no,353001,,2026-10-06T18:54:41Z
/seasons/2017-18,200,en,Messi vs Ronaldo 2017/18: Goals & Scoring Rates | The Rivalry,"In La Liga 2017/18, Messi scored 34 goals and Ronaldo scored 26. Compare league and Champions League figures with sources.",https://messivsronaldo17.com/seasons/2017-18,,no,284255,,2026-10-06T18:54:41Z
/seasons/2018,200,en,Messi vs Ronaldo 2018: Calendar Year Goals & Stats | The Rivalry,"Messi vs Ronaldo in 2018: 51 vs 49 goals, 26 vs 13 assists. Compare club and country appearances, minutes and scoring rates.",https://messivsronaldo17.com/seasons/2018,,no,352729,,2026-10-06T18:54:41Z
/seasons/2019,200,en,Messi vs Ronaldo 2019: Calendar Year Goals & Stats | The Rivalry,"Messi vs Ronaldo in 2019: 50 vs 39 goals, 18 vs 4 assists. Compare club and country appearances, minutes and scoring rates.",https://messivsronaldo17.com/seasons/2019,,no,352746,,2026-10-06T18:54:41Z
/seasons/2020,200,en,Messi vs Ronaldo 2020: Calendar Year Goals & Stats | The Rivalry,"Messi vs Ronaldo in 2020: 27 vs 44 goals, 19 vs 7 assists. Compare club and country appearances, minutes and scoring rates.",https://messivsronaldo17.com/seasons/2020,,no,352792,,2026-10-06T18:54:41Z
/seasons/2021,200,en,Messi vs Ronaldo 2021: Calendar Year Goals & Stats | The Rivalry,"Messi vs Ronaldo in 2021: 43 vs 47 goals, 18 vs 7 assists. Compare club and country appearances, minutes and scoring rates.",https://messivsronaldo17.com/seasons/2021,,no,352685,,2026-10-06T18:54:41Z
/seasons/2022,200,en,Messi vs Ronaldo 2022: Calendar Year Goals & Stats | The Rivalry,"Messi vs Ronaldo in 2022: 35 vs 16 goals, 30 vs 4 assists. Compare club and country appearances, minutes and scoring rates.",https://messivsronaldo17.com/seasons/2022,,no,353028,,2026-10-06T18:54:41Z
/seasons/2023,200,en,Messi vs Ronaldo 2023: Calendar Year Goals & Stats | The Rivalry,"Messi vs Ronaldo in 2023: 28 vs 54 goals, 12 vs 15 assists. Compare club and country appearances, minutes and scoring rates.",https://messivsronaldo17.com/seasons/2023,,no,353113,,2026-10-06T18:54:41Z
/seasons/2024,200,en,Messi vs Ronaldo 2024: Calendar Year Goals & Stats | The Rivalry,"Messi vs Ronaldo in 2024: 29 vs 43 goals, 18 vs 7 assists. Compare club and country appearances, minutes and scoring rates.",https://messivsronaldo17.com/seasons/2024,,no,353037,,2026-10-06T18:54:41Z
/seasons/2025,200,en,Messi vs Ronaldo 2025: Calendar Year Goals & Stats | The Rivalry,"Messi vs Ronaldo in 2025: 46 vs 41 goals, 28 vs 4 assists. Compare club and country appearances, minutes and scoring rates.",https://messivsronaldo17.com/seasons/2025,,no,352809,,2026-10-06T18:54:41Z
/seasons/2026,200,en,Messi vs Ronaldo 2026: Calendar Year Goals & Stats | The Rivalry,"Messi vs Ronaldo in 2026: 35 vs 22 goals, 17 vs 1 assists. Year to date through 27 September 2026.",https://messivsronaldo17.com/seasons/2026,,no,350414,,2026-10-06T18:54:41Z
/sitemap,200,en,Site Map | The Rivalry,"Browse every Messi vs Ronaldo comparison, player profile, calendar year, article and website policy on The Rivalry.",https://messivsronaldo17.com/sitemap,,no,372382,,2026-10-06T18:54:41Z
/terms,200,en,Terms of Use | The Rivalry,The terms for using our comparisons and articles on messivsronaldo17.com.,https://messivsronaldo17.com/terms,,no,255372,,2026-10-06T18:54:41Z
/th,200,th,เมสซี vs โรนัลโด: สถิติตลอดอาชีพ ประตู และถ้วยรางวัล,เปรียบเทียบประตู แอสซิสต์ ถ้วยรางวัล และอัตราทำประตูตลอดอาชีพของเมสซีกับโรนัลโด ดูสถิติสโมสร ฟุตบอลโลก และแชมเปียนส์ลีก ข้อมูลถึง 27 กันยายน ค.ศ. 2026,https://messivsronaldo17.com/th,,no,704397,,2026-10-06T18:54:41Z
/th/2026,200,th,เมสซี vs โรนัลโด 2026: ประตู แอสซิสต์ และสถิติ | The Rivalry,"Goals, assists, appearances and playing minutes from 1 January 2026. อัปเดต 27 กันยายน ค.ศ. 2026. The year is still in progress.",https://messivsronaldo17.com/th/2026,,no,636446,,2026-10-06T18:54:41Z
/th/about,200,th,เกี่ยวกับ The Rivalry | The Rivalry,สองอาชีพที่โดดเด่นควรมีมากกว่าการโต้เถียงเกี่ยวกับตัวเลขเดียว,https://messivsronaldo17.com/th/about,,no,587253,,2026-10-06T18:54:41Z
/th/accessibility,200,th,คำชี้แจงการเข้าถึงเว็บไซต์ | The Rivalry,แนวทางสนับสนุนการเข้าถึงเว็บไซต์ และวิธีอธิบายปัญหาเมื่อใช้งานติดขัด,https://messivsronaldo17.com/th/accessibility,,no,582634,,2026-10-06T18:54:41Z
/th/answers,200,th,เมสซี vs โรนัลโด: ประตู สถิติ และคำตอบสั้น ๆ | The Rivalry,ค้นหาคำตอบพร้อมวันที่เกี่ยวกับประตู แอสซิสต์ จำนวนลงเล่น และสถิติทำประตูของเมสซีกับโรนัลโด พร้อมแหล่งอ้างอิงและเกณฑ์นับ,https://messivsronaldo17.com/th/answers,,no,603368,,2026-10-06T18:54:41Z
/th/assists,200,th,เมสซี vs โรนัลโด: แอสซิสต์และการมีส่วนร่วมกับประตูตลอดอาชีพ | The Rivalry,ภาพรวมตลอดอาชีพ รวมชุดข้อมูลตั้งต้นที่ตรวจสอบแล้วกับผลการแข่งขันที่เผยแพร่ ดูขอบเขตของแต่ละสถิติและบันทึกการอัปเดต,https://messivsronaldo17.com/th/assists,,yes,649313,,2026-10-06T18:54:41Z
/th/ballon-dor,200,th,เมสซี vs โรนัลโด: บัลลงดอร์ | The Rivalry,เปรียบเทียบจำนวนบัลลงดอร์ ปีที่ชนะ และเส้นเวลารางวัลของเมสซีกับโรนัลโด,https://messivsronaldo17.com/th/ballon-dor,,no,641302,,2026-10-06T18:54:41Z
/th/career-timeline,200,th,เส้นเวลาเมสซี vs โรนัลโด: สำรวจประตูและแอสซิสต์ | The Rivalry,เลือกช่วงปี สลับประตูกับแอสซิสต์ และดูว่าอาชีพของทั้งคู่เปรียบเทียบกันอย่างไรเมื่อเวลาผ่านไป,https://messivsronaldo17.com/th/career-timeline,,no,585311,,2026-10-06T18:54:41Z
/th/champions-league,200,th,เมสซี vs โรนัลโด: ประตูและแอสซิสต์ในแชมเปียนส์ลีก | The Rivalry,แชมเปียนส์ลีก รวมชุดข้อมูลตั้งต้นที่ตรวจสอบแล้วกับผลการแข่งขันที่เผยแพร่ ดูขอบเขตของแต่ละสถิติและบันทึกการอัปเดต,https://messivsronaldo17.com/th/champions-league,,no,643156,,2026-10-06T18:54:41Z
/th/club-stats,200,th,เมสซี vs โรนัลโด: ประตูและสถิติตามฤดูกาลสโมสร | The Rivalry,เปรียบเทียบเมสซีและโรนัลโดตามฤดูกาลสโมสร ตั้งแต่ 2002/2003 ถึง 2026/2027: ประตู แอสซิสต์ การลงสนาม นาที และอัตราการทำประตู,https://messivsronaldo17.com/th/club-stats,,no,607610,,2026-10-06T18:54:41Z
/th/club-stats/2002-2003,200,th,เมสซี vs โรนัลโด 2002/2003: ประตูและสถิติประจำฤดูกาล | The Rivalry,ฤดูกาลสโมสร 2002/2003: เมสซี 0 ประตูและ 0 แอสซิสต์; โรนัลโด 5 ประตูและ 4 แอสซิสต์ เปรียบเทียบการลงสนาม นาที และอัตราการทำประตู,https://messivsronaldo17.com/th/club-stats/2002-2003,,no,638413,,2026-10-06T18:54:41Z
/th/club-stats/2003-2004,200,th,เมสซี vs โรนัลโด 2003/2004: ประตูและสถิติประจำฤดูกาล | The Rivalry,ฤดูกาลสโมสร 2003/2004: เมสซี 0 ประตูและ 0 แอสซิสต์; โรนัลโด 6 ประตูและ 6 แอสซิสต์ เปรียบเทียบการลงสนาม นาที และอัตราการทำประตู,https://messivsronaldo17.com/th/club-stats/2003-2004,,no,641870,,2026-10-06T18:54:41Z
/th/club-stats/2004-2005,200,th,เมสซี vs โรนัลโด 2004/2005: ประตูและสถิติประจำฤดูกาล | The Rivalry,ฤดูกาลสโมสร 2004/2005: เมสซี 1 ประตูและ 0 แอสซิสต์; โรนัลโด 9 ประตูและ 8 แอสซิสต์ เปรียบเทียบการลงสนาม นาที และอัตราการทำประตู,https://messivsronaldo17.com/th/club-stats/2004-2005,,no,645275,,2026-10-06T18:54:41Z
/th/club-stats/2005-2006,200,th,เมสซี vs โรนัลโด 2005/2006: ประตูและสถิติประจำฤดูกาล | The Rivalry,ฤดูกาลสโมสร 2005/2006: เมสซี 8 ประตูและ 3 แอสซิสต์; โรนัลโด 12 ประตูและ 8 แอสซิสต์ เปรียบเทียบการลงสนาม นาที และอัตราการทำประตู,https://messivsronaldo17.com/th/club-stats/2005-2006,,no,644622,,2026-10-06T18:54:41Z
/th/club-stats/2006-2007,200,th,เมสซี vs โรนัลโด 2006/2007: ประตูและสถิติประจำฤดูกาล | The Rivalry,ฤดูกาลสโมสร 2006/2007: เมสซี 17 ประตูและ 3 แอสซิสต์; โรนัลโด 23 ประตูและ 14 แอสซิสต์ เปรียบเทียบการลงสนาม นาที และอัตราการทำประตู,https://messivsronaldo17.com/th/club-stats/2006-2007,,no,644674,,2026-10-06T18:54:41Z
/th/club-stats/2007-2008,200,th,เมสซี vs โรนัลโด 2007/2008: ประตูและสถิติประจำฤดูกาล | The Rivalry,ฤดูกาลสโมสร 2007/2008: เมสซี 16 ประตูและ 13 แอสซิสต์; โรนัลโด 42 ประตูและ 7 แอสซิสต์ เปรียบเทียบการลงสนาม นาที และอัตราการทำประตู,https://messivsronaldo17.com/th/club-stats/2007-2008,,no,644683,,2026-10-06T18:54:41Z
/th/club-stats/2008-2009,200,th,เมสซี vs โรนัลโด 2008/2009: ประตูและสถิติประจำฤดูกาล | The Rivalry,ฤดูกาลสโมสร 2008/2009: เมสซี 38 ประตูและ 17 แอสซิสต์; โรนัลโด 26 ประตูและ 9 แอสซิสต์ เปรียบเทียบการลงสนาม นาที และอัตราการทำประตู,https://messivsronaldo17.com/th/club-stats/2008-2009,,no,644728,,2026-10-06T18:54:41Z
/th/club-stats/2009-2010,200,th,เมสซี vs โรนัลโด 2009/2010: ประตูและสถิติประจำฤดูกาล | The Rivalry,ฤดูกาลสโมสร 2009/2010: เมสซี 47 ประตูและ 11 แอสซิสต์; โรนัลโด 33 ประตูและ 8 แอสซิสต์ เปรียบเทียบการลงสนาม นาที และอัตราการทำประตู,https://messivsronaldo17.com/th/club-stats/2009-2010,,no,645058,,2026-10-06T18:54:41Z
/th/club-stats/2010-2011,200,th,เมสซี vs โรนัลโด 2010/2011: ประตูและสถิติประจำฤดูกาล | The Rivalry,ฤดูกาลสโมสร 2010/2011: เมสซี 53 ประตูและ 23 แอสซิสต์; โรนัลโด 53 ประตูและ 16 แอสซิสต์ เปรียบเทียบการลงสนาม นาที และอัตราการทำประตู,https://messivsronaldo17.com/th/club-stats/2010-2011,,no,645071,,2026-10-06T18:54:41Z
/th/club-stats/2011-2012,200,th,เมสซี vs โรนัลโด 2011/2012: ประตูและสถิติประจำฤดูกาล | The Rivalry,ฤดูกาลสโมสร 2011/2012: เมสซี 73 ประตูและ 30 แอสซิสต์; โรนัลโด 60 ประตูและ 15 แอสซิสต์ เปรียบเทียบการลงสนาม นาที และอัตราการทำประตู,https://messivsronaldo17.com/th/club-stats/2011-2012,,no,644875,,2026-10-06T18:54:41Z
/th/club-stats/2012-2013,200,th,เมสซี vs โรนัลโด 2012/2013: ประตูและสถิติประจำฤดูกาล | The Rivalry,ฤดูกาลสโมสร 2012/2013: เมสซี 60 ประตูและ 15 แอสซิสต์; โรนัลโด 55 ประตูและ 12 แอสซิสต์ เปรียบเทียบการลงสนาม นาที และอัตราการทำประตู,https://messivsronaldo17.com/th/club-stats/2012-2013,,no,644884,,2026-10-06T18:54:41Z
/th/club-stats/2013-2014,200,th,เมสซี vs โรนัลโด 2013/2014: ประตูและสถิติประจำฤดูกาล | The Rivalry,ฤดูกาลสโมสร 2013/2014: เมสซี 41 ประตูและ 14 แอสซิสต์; โรนัลโด 51 ประตูและ 14 แอสซิสต์ เปรียบเทียบการลงสนาม นาที และอัตราการทำประตู,https://messivsronaldo17.com/th/club-stats/2013-2014,,no,644828,,2026-10-06T18:54:41Z
/th/club-stats/2014-2015,200,th,เมสซี vs โรนัลโด 2014/2015: ประตูและสถิติประจำฤดูกาล | The Rivalry,ฤดูกาลสโมสร 2014/2015: เมสซี 58 ประตูและ 27 แอสซิสต์; โรนัลโด 61 ประตูและ 21 แอสซิสต์ เปรียบเทียบการลงสนาม นาที และอัตราการทำประตู,https://messivsronaldo17.com/th/club-stats/2014-2015,,no,644819,,2026-10-06T18:54:41Z
/th/club-stats/2015-2016,200,th,เมสซี vs โรนัลโด 2015/2016: ประตูและสถิติประจำฤดูกาล | The Rivalry,ฤดูกาลสโมสร 2015/2016: เมสซี 41 ประตูและ 23 แอสซิสต์; โรนัลโด 51 ประตูและ 15 แอสซิสต์ เปรียบเทียบการลงสนาม นาที และอัตราการทำประตู,https://messivsronaldo17.com/th/club-stats/2015-2016,,no,644909,,2026-10-06T18:54:41Z
/th/club-stats/2016-2017,200,th,เมสซี vs โรนัลโด 2016/2017: ประตูและสถิติประจำฤดูกาล | The Rivalry,ฤดูกาลสโมสร 2016/2017: เมสซี 54 ประตูและ 16 แอสซิสต์; โรนัลโด 42 ประตูและ 11 แอสซิสต์ เปรียบเทียบการลงสนาม นาที และอัตราการทำประตู,https://messivsronaldo17.com/th/club-stats/2016-2017,,no,644733,,2026-10-06T18:54:41Z
/th/club-stats/2017-2018,200,th,เมสซี vs โรนัลโด 2017/2018: ประตูและสถิติประจำฤดูกาล | The Rivalry,ฤดูกาลสโมสร 2017/2018: เมสซี 45 ประตูและ 18 แอสซิสต์; โรนัลโด 44 ประตูและ 8 แอสซิสต์ เปรียบเทียบการลงสนาม นาที และอัตราการทำประตู,https://messivsronaldo17.com/th/club-stats/2017-2018,,no,644988,,2026-10-06T18:54:41Z
/th/club-stats/2018-2019,200,th,เมสซี vs โรนัลโด 2018/2019: ประตูและสถิติประจำฤดูกาล | The Rivalry,ฤดูกาลสโมสร 2018/2019: เมสซี 51 ประตูและ 19 แอสซิสต์; โรนัลโด 28 ประตูและ 10 แอสซิสต์ เปรียบเทียบการลงสนาม นาที และอัตราการทำประตู,https://messivsronaldo17.com/th/club-stats/2018-2019,,no,644903,,2026-10-06T18:54:41Z
/th/club-stats/2019-2020,200,th,เมสซี vs โรนัลโด 2019/2020: ประตูและสถิติประจำฤดูกาล | The Rivalry,ฤดูกาลสโมสร 2019/2020: เมสซี 31 ประตูและ 25 แอสซิสต์; โรนัลโด 37 ประตูและ 5 แอสซิสต์ เปรียบเทียบการลงสนาม นาที และอัตราการทำประตู,https://messivsronaldo17.com/th/club-stats/2019-2020,,no,644692,,2026-10-06T18:54:41Z
/th/club-stats/2020-2021,200,th,เมสซี vs โรนัลโด 2020/2021: ประตูและสถิติประจำฤดูกาล | The Rivalry,ฤดูกาลสโมสร 2020/2021: เมสซี 38 ประตูและ 12 แอสซิสต์; โรนัลโด 36 ประตูและ 5 แอสซิสต์ เปรียบเทียบการลงสนาม นาที และอัตราการทำประตู,https://messivsronaldo17.com/th/club-stats/2020-2021,,no,644600,,2026-10-06T18:54:41Z
/th/club-stats/2021-2022,200,th,เมสซี vs โรนัลโด 2021/2022: ประตูและสถิติประจำฤดูกาล | The Rivalry,ฤดูกาลสโมสร 2021/2022: เมสซี 11 ประตูและ 14 แอสซิสต์; โรนัลโด 24 ประตูและ 3 แอสซิสต์ เปรียบเทียบการลงสนาม นาที และอัตราการทำประตู,https://messivsronaldo17.com/th/club-stats/2021-2022,,no,644766,,2026-10-06T18:54:41Z
/th/club-stats/2022-2023,200,th,เมสซี vs โรนัลโด 2022/2023: ประตูและสถิติประจำฤดูกาล | The Rivalry,ฤดูกาลสโมสร 2022/2023: เมสซี 21 ประตูและ 20 แอสซิสต์; โรนัลโด 17 ประตูและ 4 แอสซิสต์ เปรียบเทียบการลงสนาม นาที และอัตราการทำประตู,https://messivsronaldo17.com/th/club-stats/2022-2023,,no,644657,,2026-10-06T18:54:41Z
/th/club-stats/2023-2024,200,th,เมสซี vs โรนัลโด 2023/2024: ประตูและสถิติประจำฤดูกาล | The Rivalry,ฤดูกาลสโมสร 2023/2024: เมสซี 25 ประตูและ 16 แอสซิสต์; โรนัลโด 50 ประตูและ 13 แอสซิสต์ เปรียบเทียบการลงสนาม นาที และอัตราการทำประตู,https://messivsronaldo17.com/th/club-stats/2023-2024,,no,641835,,2026-10-06T18:54:41Z
/th/club-stats/2024-2025,200,th,เมสซี vs โรนัลโด 2024/2025: ประตูและสถิติประจำฤดูกาล | The Rivalry,ฤดูกาลสโมสร 2024/2025: เมสซี 33 ประตูและ 9 แอสซิสต์; โรนัลโด 35 ประตูและ 4 แอสซิสต์ เปรียบเทียบการลงสนาม นาที และอัตราการทำประตู,https://messivsronaldo17.com/th/club-stats/2024-2025,,no,645201,,2026-10-06T18:54:41Z
/th/club-stats/2025-2026,200,th,เมสซี vs โรนัลโด 2025/2026: ประตูและสถิติประจำฤดูกาล | The Rivalry,ฤดูกาลสโมสร 2025/2026: เมสซี 32 ประตูและ 25 แอสซิสต์; โรนัลโด 30 ประตูและ 4 แอสซิสต์ เปรียบเทียบการลงสนาม นาที และอัตราการทำประตู,https://messivsronaldo17.com/th/club-stats/2025-2026,,no,645259,,2026-10-06T18:54:41Z
/th/club-stats/2026-2027,200,th,เมสซี vs โรนัลโด 2026/2027: ประตูและสถิติประจำฤดูกาล | The Rivalry,ฤดูกาลสโมสร 2026/2027: เมสซี 12 ประตูและ 6 แอสซิสต์; โรนัลโด 3 ประตูและ 0 แอสซิสต์ เปรียบเทียบการลงสนาม นาที และอัตราการทำประตู ฤดูกาลยังดำเนินอยู่; ตรวจสอบแหล่งข้อมูลเมื่อ 29 กันยายน ค.ศ. 2026,https://messivsronaldo17.com/th/club-stats/2026-2027,,no,645337,,2026-10-06T18:54:41Z
/th/clubs,200,th,สถิติสโมสรเมสซีและโรนัลโด: อินเตอร์ ไมอามี อัล นาสเซอร์ และทีมอื่น | The Rivalry,อินเตอร์ ไมอามี / อัล นาสเซอร์ รวมชุดข้อมูลตั้งต้นที่ตรวจสอบแล้วกับผลการแข่งขันที่เผยแพร่ ดูขอบเขตของแต่ละสถิติและบันทึกการอัปเดต,https://messivsronaldo17.com/th/clubs,,no,674828,,2026-10-06T18:54:41Z
/th/compare,200,th,สำรวจการเปรียบเทียบเมสซี vs โรนัลโด | The Rivalry,ภาพรวมตลอดอาชีพ รวมชุดข้อมูลตั้งต้นที่ตรวจสอบแล้วกับผลการแข่งขันที่เผยแพร่ ดูขอบเขตของแต่ละสถิติและบันทึกการอัปเดต,https://messivsronaldo17.com/th/compare,,yes,646399,,2026-10-06T18:54:41Z
/th/comparison-posters,200,th,โปสเตอร์เปรียบเทียบเมสซี่กับโรนัลโด้ | The Rivalry,สร้างโปสเตอร์เมสซี่เทียบโรนัลโด้จากสถิติที่เราเผยแพร่ เลือกการแข่งขัน ปรับแต่งดีไซน์ และแชร์พร้อมลิงก์เว็บไซต์,https://messivsronaldo17.com/th/comparison-posters,,no,591824,,2026-10-06T18:54:41Z
/th/contact,200,th,ติดต่อและความช่วยเหลือ | The Rivalry,ส่งคำถาม การแก้ไขสถิติ คำขอความเป็นส่วนตัว ปัญหาการเข้าถึง หรือข้อกังวลด้านสิทธิ์ในภาพถึง The Rivalry,https://messivsronaldo17.com/th/contact,,no,579148,,2026-10-06T18:54:41Z
/th/cookies,200,th,นโยบายคุกกี้ | The Rivalry,สรุปข้อมูลที่เว็บไซต์ฉบับนี้จัดเก็บ,https://messivsronaldo17.com/th/cookies,,no,590314,,2026-10-06T18:54:41Z
/th/copa-america-vs-euros,200,th,เมสซีในโคปาอเมริกา vs โรนัลโดในยูโร: ประตูและสถิติ | The Rivalry,โคปาอเมริกา / ยูโร รวมชุดข้อมูลตั้งต้นที่ตรวจสอบแล้วกับผลการแข่งขันที่เผยแพร่ ดูขอบเขตของแต่ละสถิติและบันทึกการอัปเดต,https://messivsronaldo17.com/th/copa-america-vs-euros,,no,641202,,2026-10-06T18:54:41Z
/th/credits,200,th,เครดิตภาพถ่ายและสัญญาอนุญาต | The Rivalry,เครดิตภาพผู้เล่น ไอคอน และฟอนต์ที่จัดเก็บในเว็บไซต์ The Rivalry,https://messivsronaldo17.com/th/credits,,no,582230,,2026-10-06T18:54:41Z
/th/disclaimer,200,th,ข้อจำกัดด้านเนื้อหาและข้อมูล | The Rivalry,วิธีอ่านตัวเลข ภาพถ่าย และความสัมพันธ์ของเว็บไซต์กับบุคคลที่นำมาเปรียบเทียบ,https://messivsronaldo17.com/th/disclaimer,,no,585985,,2026-10-06T18:54:41Z
/th/european-clubs,200,th,เมสซี vs โรนัลโด: ประตูและแอสซิสต์กับสโมสรยุโรป | The Rivalry,สโมสรยุโรป รวมชุดข้อมูลตั้งต้นที่ตรวจสอบแล้วกับผลการแข่งขันที่เผยแพร่ ดูขอบเขตของแต่ละสถิติและบันทึกการอัปเดต,https://messivsronaldo17.com/th/european-clubs,,no,641021,,2026-10-06T18:54:41Z
/th/fifa-awards,200,th,เมสซี VS โรนัลโด: รางวัลของฟีฟ่า | The Rivalry,เปรียบเทียบจำนวนรางวัล The Best FIFA Men’s Player และปีที่เมสซีกับโรนัลโดได้รับรางวัล,https://messivsronaldo17.com/th/fifa-awards,,no,620079,,2026-10-06T18:54:41Z
/th/football-quiz,200,th,ควิซสถิติเมสซี vs โรนัลโด: ทดสอบความรู้ฟุตบอล | The Rivalry,แปดคำถาม สองอาชีพที่ยอดเยี่ยม เลือกผู้เล่น สำรวจตัวเลข แล้วดูคะแนนของคุณ,https://messivsronaldo17.com/th/football-quiz,,no,574663,,2026-10-06T18:54:41Z
/th/free-kicks,200,th,ประตูฟรีคิกเมสซี vs โรนัลโด: ยอดตลอดอาชีพ | The Rivalry,ประตูจากฟรีคิกโดยตรง: เมสซี 76 โรนัลโด 65 เปรียบเทียบยอดและดูเกณฑ์นับประตูฟรีคิก อัปเดต 27 กันยายน ค.ศ. 2026,https://messivsronaldo17.com/th/free-kicks,,no,650806,,2026-10-06T18:54:41Z
/th/glossary,200,th,คำศัพท์สถิติฟุตบอล: ประตู แอสซิสต์ และอัตราทำประตู | The Rivalry,อะไรนับเป็นประตู แอสซิสต์ การลงเล่น หรือแฮตทริก? ทำความเข้าใจคำนิยาม สูตรทำประตู และเกณฑ์นับในการเปรียบเทียบเมสซี vs โรนัลโดของเรา,https://messivsronaldo17.com/th/glossary,,no,624205,,2026-10-06T18:54:41Z
/th/goals,200,th,เมสซี vs โรนัลโด: ประตูตลอดอาชีพ อัปเดต 2026 | The Rivalry,เมสซีมี 931 ประตูตลอดอาชีพ และโรนัลโดมี 979 ประตู เปรียบเทียบยอดสโมสรและทีมชาติ จำนวนลงเล่น และอัตราทำประตู อัปเดต 27 กันยายน ค.ศ. 2026,https://messivsronaldo17.com/th/goals,,no,646815,,2026-10-06T18:54:41Z
/th/golden-boots,200,th,เมสซี vs โรนัลโด: รองเท้าทองคำ | The Rivalry,เปรียบเทียบรองเท้าทองคำยุโรปของเมสซีกับโรนัลโด และฤดูกาลลีกที่ได้รับรางวัล,https://messivsronaldo17.com/th/golden-boots,,no,637170,,2026-10-06T18:54:41Z
/th/hat-tricks,200,th,เมสซี vs โรนัลโด: แฮตทริกและสถิติการทำประตูตลอดอาชีพ | The Rivalry,ภาพรวมตลอดอาชีพ รวมชุดข้อมูลตั้งต้นที่ตรวจสอบแล้วกับผลการแข่งขันที่เผยแพร่ ดูขอบเขตของแต่ละสถิติและบันทึกการอัปเดต,https://messivsronaldo17.com/th/hat-tricks,,yes,652022,,2026-10-06T18:54:41Z
/th/head-to-head,200,th,เมสซี vs โรนัลโด: ประตูในเกมที่พบกันโดยตรง | The Rivalry,เกมที่พบกัน รวมชุดข้อมูลตั้งต้นที่ตรวจสอบแล้วกับผลการแข่งขันที่เผยแพร่ ดูขอบเขตของแต่ละสถิติและบันทึกการอัปเดต,https://messivsronaldo17.com/th/head-to-head,,no,638958,,2026-10-06T18:54:41Z
/th/honours,200,th,เมสซี vs โรนัลโด: ถ้วยรางวัลและบัลลงดอร์ 2026 | The Rivalry,เมสซีมีถ้วยรางวัลทีม 49 รายการ โรนัลโดมี 37 รายการ เปรียบเทียบรายการถ้วยและเกณฑ์นับ โดยแยกรางวัลส่วนบุคคลไว้ต่างหาก ถึง 21 กันยายน ค.ศ. 2026,https://messivsronaldo17.com/th/honours,,no,632461,,2026-10-06T18:54:41Z
/th/insights,200,th,วิเคราะห์ฟุตบอล: บัลลงดอร์ สถิติ และผลงาน | The Rivalry,สำรวจผู้เข้าชิงบัลลงดอร์ 2026 สถิติฤดูกาลที่ตรวจสอบแล้ว และผลงานเมสซี–โรนัลโด พร้อมบทวิเคราะห์ที่มีแหล่งอ้างอิงและการเปรียบเทียบแบบโต้ตอบ,https://messivsronaldo17.com/th/insights,,no,597136,,2026-10-06T18:54:41Z
/th/insights/ballon-dor-2026-contenders-stats,200,th,ผู้ท้าชิงบัลลงดอร์ 2026: เหตุผลทางแท็กติกที่ตารางดาวซัลโวบอกไม่ครบ | The Rivalry,เคน เอ็มบัปเป้ ควารัตสเคเลีย ยามาล และโรดรีสร้างคุณค่าคนละแบบ วิเคราะห์ผลงานที่ทำให้ทีมเล่นได้ โดยแยกข้อเท็จจริงจากอันดับคาดการณ์,https://messivsronaldo17.com/th/insights/ballon-dor-2026-contenders-stats,,no,720618,,2026-10-06T18:54:41Z
/th/insights/ballon-dor-2026-date-voting-rules,200,th,บัลลงดอร์ 2026: วันประกาศ กติกาโหวต และวิธีตัดสินฟุตบอลให้พ้นจากยอดประตู | The Rivalry,คู่มือวันประกาศและกติกาบัลลงดอร์ 2026 พร้อมวิเคราะห์ว่าควรเทียบผู้ทำประตู ปีก และกองกลางอย่างไร โดยไม่สับสนผลโหวตกับสถิติหรือความนิยม,https://messivsronaldo17.com/th/insights/ballon-dor-2026-date-voting-rules,,no,702835,,2026-10-06T18:54:41Z
/th/insights/kane-vs-mbappe-ballon-dor-2026-stats,200,th,เคนกับเอ็มบัปเป้ในบัลลงดอร์ 2026: กองหน้าสองแบบที่ทำให้แนวรับเสียรูป | The Rivalry,เคนถอยมาเชื่อม เอ็มบัปเป้ขู่ด้านหลัง เปรียบเทียบผลงานและแท็กติกโดยแยกยอดสโมสร แชมเปียนส์ลีก และตัวอย่างประวัติศาสตร์ออกจากหลักฐานรางวัลปี 2026,https://messivsronaldo17.com/th/insights/kane-vs-mbappe-ballon-dor-2026-stats,,no,710463,,2026-10-06T18:54:41Z
/th/insights/messi-2011-12-vs-ronaldo-2013-14-champions-league,200,th,เมสซี 14 กับโรนัลโด 17: ยอดพีกแชมเปียนส์ลีกกับบททดสอบน็อกเอาต์ | The Rivalry,ลงสนามเท่ากันไม่ได้แปลว่าเจอโจทย์เท่ากัน อ่านฤดูกาลยุโรปของเมสซีและโรนัลโดผ่านเลเวอร์คูเซ่น เชลซี และนัดชิงมาดริดที่เกือบจบอีกแบบ,https://messivsronaldo17.com/th/insights/messi-2011-12-vs-ronaldo-2013-14-champions-league,,no,701573,,2026-10-06T18:54:41Z
/th/insights/messi-2011-12-vs-ronaldo-2014-15-la-liga,200,th,เมสซี 50 กับโรนัลโด 48: สองฤดูกาลยิงกระหน่ำที่ไม่ได้แชมป์ลาลีกา | The Rivalry,ทำไมยอดประตูมหาศาลจึงไม่พอรับประกันแชมป์ อ่านเมสซีฤดูกาล 2011/12 กับโรนัลโดฤดูกาล 2014/15 ผ่านกลาซิโก การวิ่งเข้าจบ และพื้นที่ที่ทีมทิ้งไว้,https://messivsronaldo17.com/th/insights/messi-2011-12-vs-ronaldo-2014-15-la-liga,,no,700307,,2026-10-06T18:54:41Z
/th/insights/messi-2012-vs-ronaldo-2013-goals,200,th,เมสซีปี 2012 กับโรนัลโดปี 2013: สองปีประวัติศาสตร์ที่เล่นฟุตบอลคนละแบบ | The Rivalry,เจาะเกมรุกเบื้องหลัง 91 ประตูกับ 69 ประตู ผ่านการต่อบอลของบาร์เซโลนา การวิ่งของโปรตุเกส และบริบทที่ปีปฏิทินไม่ได้ทำให้เท่ากัน,https://messivsronaldo17.com/th/insights/messi-2012-vs-ronaldo-2013-goals,,no,702058,,2026-10-06T18:54:41Z
/th/insights/messi-vs-ronaldo-stats-guide,200,th,เมสซีกับโรนัลโด: อ่านสถิติอย่างไรให้เห็นฟุตบอลที่อยู่เบื้องหลังตัวเลข | The Rivalry,จากลูกโหม่งที่กรุงโรม การวิ่งเข้าจุดนัดพบที่คาร์ดิฟฟ์ ถึงการดวลที่ลูเซล อ่านประตู แอสซิสต์ และค่าเฉลี่ยของเมสซีกับโรนัลโดผ่านบทบาทที่เปลี่ยนไปตลอดอาชีพ,https://messivsronaldo17.com/th/insights/messi-vs-ronaldo-stats-guide,,no,702957,,2026-10-06T18:54:41Z
/th/insights/totals-vs-scoring-rates,200,th,เมสซีกับโรนัลโด: ทำไมค่าเฉลี่ยประตูต่อเกมจึงเล่าอีกเรื่องหนึ่ง | The Rivalry,ยอดรวม ค่าเฉลี่ยต่อเกม และประตูต่อเก้าสิบนาทีตอบคนละคำถาม อ่านบทบาทและสภาพเกมที่ซ่อนอยู่ในตัวหาร ผ่านเลเวอร์คูเซ่น มิวนิก และเชลซี,https://messivsronaldo17.com/th/insights/totals-vs-scoring-rates,,no,700248,,2026-10-06T18:54:41Z
/th/insights/what-counts-as-a-career-goal,200,th,ประตูตลอดอาชีพนับอะไรบ้าง? เมสซี โรนัลโด และฟุตบอลเบื้องหลังยอดรวม | The Rivalry,ทำไมลูกยิงที่ตัดสินแชมป์อาจไม่เพิ่มยอดประตูตลอดอาชีพ อ่านเกณฑ์การนับผ่านนัดชิงที่มอสโกและลูเซล พร้อมวิธีเล่นที่เปลี่ยนไปของเมสซีกับโรนัลโด,https://messivsronaldo17.com/th/insights/what-counts-as-a-career-goal,,no,704600,,2026-10-06T18:54:41Z
/th/insights/why-assist-totals-differ,200,th,เมสซีกับโรนัลโด: การสร้างโอกาสที่ยอดแอสซิสต์บอกไม่หมด | The Rivalry,แอสซิสต์เก็บชื่อคนจ่ายสุดท้าย แต่ใครเป็นคนเปิดช่อง? อ่านบทบาทของเมสซี โรนัลโด และเพื่อนร่วมทีมผ่านเวมบลีย์ มิวนิก และลูเซล,https://messivsronaldo17.com/th/insights/why-assist-totals-differ,,no,701042,,2026-10-06T18:54:41Z
/th/international,200,th,เมสซี vs โรนัลโด: ประตูและแอสซิสต์ทีมชาติ 2026 | The Rivalry,ฟุตบอลทีมชาติ รวมชุดข้อมูลตั้งต้นที่ตรวจสอบแล้วกับผลการแข่งขันที่เผยแพร่ ดูขอบเขตของแต่ละสถิติและบันทึกการอัปเดต,https://messivsronaldo17.com/th/international,,no,645306,,2026-10-06T18:54:41Z
/th/la-liga,200,th,เมสซี vs โรนัลโด: ประตูและอัตราทำประตูในลาลีกา | The Rivalry,เมสซียิง 474 ประตูจาก 520 นัดในลาลีกา ส่วนโรนัลโดยิง 311 ประตูจาก 292 นัด เปรียบเทียบยอดรวมและประตูต่อนัด,https://messivsronaldo17.com/th/la-liga,,no,640256,,2026-10-06T18:54:41Z
/th/league,200,th,เมสซี vs โรนัลโด: ประตูลีกจากทุกสโมสร | The Rivalry,สถิติตลอดอาชีพในลีกภายในประเทศ รวมชุดข้อมูลตั้งต้นที่ตรวจสอบแล้วกับผลการแข่งขันที่เผยแพร่ ดูขอบเขตของแต่ละสถิติและบันทึกการอัปเดต,https://messivsronaldo17.com/th/league,,no,645695,,2026-10-06T18:54:41Z
/th/man-of-the-match,200,th,เมสซี vs โรนัลโด: ผู้เล่นยอดเยี่ยมประจำเกม | The Rivalry,เปรียบเทียบรางวัลผู้เล่นยอดเยี่ยมประจำเกมจาก WhoScored ในลีกยุโรปและแชมเปียนส์ลีก ตั้งแต่ 2009/10,https://messivsronaldo17.com/th/man-of-the-match,,no,610880,,2026-10-06T18:54:41Z
/th/methodology,200,th,แหล่งข้อมูล คำนิยาม และวิธีรวบรวมข้อมูล | The Rivalry,สิ่งที่เรานับ ที่มันมาจาก สิ่งที่เราไม่รู้ รายละเอียดที่ทำให้ตัวเลขคุ้มค่าที่จะอ่าน,https://messivsronaldo17.com/th/methodology,,no,685096,,2026-10-06T18:54:41Z
/th/milestone-planner,200,th,เครื่องคำนวณเป้าหมายประตูเมสซี vs โรนัลโด | The Rivalry,กำหนดเป้าหมายและอัตราทำประตูของแต่ละคน ดูจำนวนลงเล่นที่ต้องใช้ตามสมมติฐานของคุณ โดยอิงยอดตลอดอาชีพที่เผยแพร่,https://messivsronaldo17.com/th/milestone-planner,,no,582120,,2026-10-06T18:54:41Z
/th/penalties,200,th,เมสซี vs โรนัลโด: จุดโทษที่เข้า พลาด และอัตราสำเร็จ | The Rivalry,ภาพรวมตลอดอาชีพ รวมชุดข้อมูลตั้งต้นที่ตรวจสอบแล้วกับผลการแข่งขันที่เผยแพร่ ดูขอบเขตของแต่ละสถิติและบันทึกการอัปเดต,https://messivsronaldo17.com/th/penalties,,yes,652307,,2026-10-06T18:54:41Z
/th/players/messi,200,th,Lionel Messi: ประตู สถิติ และรางวัล — 2026 | The Rivalry,สถิติตลอดอาชีพของ Lionel Messi พร้อมแหล่งอ้างอิงถึง 27 กันยายน ค.ศ. 2026 รวมสถิติแชมเปียนส์ลีก ลาลีกา และรางวัลส่วนบุคคล,https://messivsronaldo17.com/th/players/messi,,no,631260,,2026-10-06T18:54:41Z
/th/players/ronaldo,200,th,Cristiano Ronaldo: ประตู สถิติ และรางวัล — 2026 | The Rivalry,สถิติตลอดอาชีพของ Cristiano Ronaldo พร้อมแหล่งอ้างอิงถึง 27 กันยายน ค.ศ. 2026 รวมสถิติแชมเปียนส์ลีก ลาลีกา และรางวัลส่วนบุคคล,https://messivsronaldo17.com/th/players/ronaldo,,no,639033,,2026-10-06T18:54:41Z
/th/privacy,200,th,นโยบายความเป็นส่วนตัว | The Rivalry,สิ่งที่ The Rivalry จัดเก็บไว้ ทำไมถึงใช้ และการเลือกที่ผู้เข้าชมสามารถเลือกได้,https://messivsronaldo17.com/th/privacy,,no,627804,,2026-10-06T18:54:41Z
/th/records,200,th,"เมสซี vs โรนัลโด: เส้นทางสู่ 1,000 ประตู | The Rivalry",ภาพรวมตลอดอาชีพ รวมชุดข้อมูลตั้งต้นที่ตรวจสอบแล้วกับผลการแข่งขันที่เผยแพร่ ดูขอบเขตของแต่ละสถิติและบันทึกการอัปเดต,https://messivsronaldo17.com/th/records,,yes,651667,,2026-10-06T18:54:41Z
/th/scoring-calculator,200,th,เครื่องคำนวณเมสซี vs โรนัลโด: เปรียบเทียบฤดูกาลและอัตราทำประตู | The Rivalry,เลือกชุดสถิติของผู้เล่นแต่ละคน เปรียบเทียบประตูเมื่อนาทีหรือจำนวนลงเล่นเท่ากัน สำรวจฤดูกาลที่โดดเด่น และแชร์ผลคำนวณ,https://messivsronaldo17.com/th/scoring-calculator,,no,599415,,2026-10-06T18:54:41Z
/th/seasons,200,th,เมสซี vs โรนัลโดรายปี: ประตูและแอสซิสต์ 2002–2026 | The Rivalry,เปรียบเทียบทุกปีปฏิทินถึง 2026: ประตู แอสซิสต์ นาทีลงเล่น จำนวนนัด และอัตราต่อ 90 นาที ทั้งสโมสร ทีมชาติ และลีก,https://messivsronaldo17.com/th/seasons,,no,633938,,2026-10-06T18:54:41Z
/th/seasons/2002,200,th,เมสซี vs โรนัลโด 2002: ประตูและสถิติปีปฏิทิน | The Rivalry,เมสซี vs โรนัลโดในปี 2002: 0 เทียบกับ 5 ประตู และ 0 เทียบกับ 4 แอสซิสต์ เปรียบเทียบการลงสนาม นาที และอัตราการทำประตูให้สโมสรและทีมชาติ,https://messivsronaldo17.com/th/seasons/2002,,no,687463,,2026-10-06T18:54:41Z
/th/seasons/2003,200,th,เมสซี vs โรนัลโด 2003: ประตูและสถิติปีปฏิทิน | The Rivalry,เมสซี vs โรนัลโดในปี 2003: 0 เทียบกับ 1 ประตู และ 0 เทียบกับ 2 แอสซิสต์ เปรียบเทียบการลงสนาม นาที และอัตราการทำประตูให้สโมสรและทีมชาติ,https://messivsronaldo17.com/th/seasons/2003,,no,691807,,2026-10-06T18:54:41Z
/th/seasons/2004,200,th,เมสซี vs โรนัลโด 2004: ประตูและสถิติปีปฏิทิน | The Rivalry,เมสซี vs โรนัลโดในปี 2004: 0 เทียบกับ 13 ประตู และ 0 เทียบกับ 14 แอสซิสต์ เปรียบเทียบการลงสนาม นาที และอัตราการทำประตูให้สโมสรและทีมชาติ,https://messivsronaldo17.com/th/seasons/2004,,no,698709,,2026-10-06T18:54:41Z
/th/seasons/2005,200,th,เมสซี vs โรนัลโด 2005: ประตูและสถิติปีปฏิทิน | The Rivalry,เมสซี vs โรนัลโดในปี 2005: 3 เทียบกับ 15 ประตู และ 4 เทียบกับ 11 แอสซิสต์ เปรียบเทียบการลงสนาม นาที และอัตราการทำประตูให้สโมสรและทีมชาติ,https://messivsronaldo17.com/th/seasons/2005,,no,700357,,2026-10-06T18:54:41Z
/th/seasons/2006,200,th,เมสซี vs โรนัลโด 2006: ประตูและสถิติปีปฏิทิน | The Rivalry,เมสซี vs โรนัลโดในปี 2006: 12 เทียบกับ 25 ประตู และ 3 เทียบกับ 10 แอสซิสต์ เปรียบเทียบการลงสนาม นาที และอัตราการทำประตูให้สโมสรและทีมชาติ,https://messivsronaldo17.com/th/seasons/2006,,no,700516,,2026-10-06T18:54:41Z
/th/seasons/2007,200,th,เมสซี vs โรนัลโด 2007: ประตูและสถิติปีปฏิทิน | The Rivalry,เมสซี vs โรนัลโดในปี 2007: 31 เทียบกับ 34 ประตู และ 12 เทียบกับ 11 แอสซิสต์ เปรียบเทียบการลงสนาม นาที และอัตราการทำประตูให้สโมสรและทีมชาติ,https://messivsronaldo17.com/th/seasons/2007,,no,700524,,2026-10-06T18:54:41Z
/th/seasons/2008,200,th,เมสซี vs โรนัลโด 2008: ประตูและสถิติปีปฏิทิน | The Rivalry,เมสซี vs โรนัลโดในปี 2008: 22 เทียบกับ 35 ประตู และ 18 เทียบกับ 12 แอสซิสต์ เปรียบเทียบการลงสนาม นาที และอัตราการทำประตูให้สโมสรและทีมชาติ,https://messivsronaldo17.com/th/seasons/2008,,no,700460,,2026-10-06T18:54:41Z
/th/seasons/2009,200,th,เมสซี vs โรนัลโด 2009: ประตูและสถิติปีปฏิทิน | The Rivalry,เมสซี vs โรนัลโดในปี 2009: 41 เทียบกับ 30 ประตู และ 15 เทียบกับ 6 แอสซิสต์ เปรียบเทียบการลงสนาม นาที และอัตราการทำประตูให้สโมสรและทีมชาติ,https://messivsronaldo17.com/th/seasons/2009,,no,700522,,2026-10-06T18:54:41Z
/th/seasons/2009-10,200,th,เมสซี vs โรนัลโด 2009/10: ประตูและอัตราการทำประตู | The Rivalry,ในลาลีกา 2009/10 เมสซียิง 34 ประตู และโรนัลโดยิง 26 ประตู เปรียบเทียบตัวเลขในลีกและแชมเปียนส์ลีกพร้อมแหล่งอ้างอิง,https://messivsronaldo17.com/th/seasons/2009-10,,no,621538,,2026-10-06T18:54:41Z
/th/seasons/2010,200,th,เมสซี vs โรนัลโด 2010: ประตูและสถิติปีปฏิทิน | The Rivalry,เมสซี vs โรนัลโดในปี 2010: 60 เทียบกับ 48 ประตู และ 17 เทียบกับ 18 แอสซิสต์ เปรียบเทียบการลงสนาม นาที และอัตราการทำประตูให้สโมสรและทีมชาติ,https://messivsronaldo17.com/th/seasons/2010,,no,700586,,2026-10-06T18:54:41Z
/th/seasons/2010-11,200,th,เมสซี vs โรนัลโด 2010/11: ประตูและอัตราการทำประตู | The Rivalry,ในลาลีกา 2010/11 เมสซียิง 31 ประตู และโรนัลโดยิง 40 ประตู เปรียบเทียบตัวเลขในลีกและแชมเปียนส์ลีกพร้อมแหล่งอ้างอิง,https://messivsronaldo17.com/th/seasons/2010-11,,no,621566,,2026-10-06T18:54:41Z
/th/seasons/2011,200,th,เมสซี vs โรนัลโด 2011: ประตูและสถิติปีปฏิทิน | The Rivalry,เมสซี vs โรนัลโดในปี 2011: 59 เทียบกับ 60 ประตู และ 37 เทียบกับ 18 แอสซิสต์ เปรียบเทียบการลงสนาม นาที และอัตราการทำประตูให้สโมสรและทีมชาติ,https://messivsronaldo17.com/th/seasons/2011,,no,700925,,2026-10-06T18:54:41Z
/th/seasons/2011-12,200,th,เมสซี vs โรนัลโด 2011/12: ประตูและอัตราการทำประตู | The Rivalry,ในลาลีกา 2011/12 เมสซียิง 50 ประตู และโรนัลโดยิง 46 ประตู เปรียบเทียบตัวเลขในลีกและแชมเปียนส์ลีกพร้อมแหล่งอ้างอิง,https://messivsronaldo17.com/th/seasons/2011-12,,no,622320,,2026-10-06T18:54:41Z
/th/seasons/2012,200,th,เมสซี vs โรนัลโด 2012: ประตูและสถิติปีปฏิทิน | The Rivalry,เมสซี vs โรนัลโดในปี 2012: 91 เทียบกับ 63 ประตู และ 22 เทียบกับ 13 แอสซิสต์ เปรียบเทียบการลงสนาม นาที และอัตราการทำประตูให้สโมสรและทีมชาติ,https://messivsronaldo17.com/th/seasons/2012,,no,701046,,2026-10-06T18:54:41Z
/th/seasons/2012-13,200,th,เมสซี vs โรนัลโด 2012/13: ประตูและอัตราการทำประตู | The Rivalry,ในลาลีกา 2012/13 เมสซียิง 46 ประตู และโรนัลโดยิง 34 ประตู เปรียบเทียบตัวเลขในลีกและแชมเปียนส์ลีกพร้อมแหล่งอ้างอิง,https://messivsronaldo17.com/th/seasons/2012-13,,no,621611,,2026-10-06T18:54:41Z
/th/seasons/2013,200,th,เมสซี vs โรนัลโด 2013: ประตูและสถิติปีปฏิทิน | The Rivalry,เมสซี vs โรนัลโดในปี 2013: 45 เทียบกับ 69 ประตู และ 16 เทียบกับ 15 แอสซิสต์ เปรียบเทียบการลงสนาม นาที และอัตราการทำประตูให้สโมสรและทีมชาติ,https://messivsronaldo17.com/th/seasons/2013,,no,700923,,2026-10-06T18:54:41Z
/th/seasons/2013-14,200,th,เมสซี vs โรนัลโด 2013/14: ประตูและอัตราการทำประตู | The Rivalry,ในลาลีกา 2013/14 เมสซียิง 28 ประตู และโรนัลโดยิง 31 ประตู เปรียบเทียบตัวเลขในลีกและแชมเปียนส์ลีกพร้อมแหล่งอ้างอิง,https://messivsronaldo17.com/th/seasons/2013-14,,no,620492,,2026-10-06T18:54:41Z
/th/seasons/2014,200,th,เมสซี vs โรนัลโด 2014: ประตูและสถิติปีปฏิทิน | The Rivalry,เมสซี vs โรนัลโดในปี 2014: 58 เทียบกับ 61 ประตู และ 21 เทียบกับ 20 แอสซิสต์ เปรียบเทียบการลงสนาม นาที และอัตราการทำประตูให้สโมสรและทีมชาติ,https://messivsronaldo17.com/th/seasons/2014,,no,700436,,2026-10-06T18:54:41Z
/th/seasons/2014-15,200,th,เมสซี vs โรนัลโด 2014/15: ประตูและอัตราการทำประตู | The Rivalry,ในลาลีกา 2014/15 เมสซียิง 43 ประตู และโรนัลโดยิง 48 ประตู เปรียบเทียบตัวเลขในลีกและแชมเปียนส์ลีกพร้อมแหล่งอ้างอิง,https://messivsronaldo17.com/th/seasons/2014-15,,no,620385,,2026-10-06T18:54:41Z
/th/seasons/2015,200,th,เมสซี vs โรนัลโด 2015: ประตูและสถิติปีปฏิทิน | The Rivalry,เมสซี vs โรนัลโดในปี 2015: 52 เทียบกับ 57 ประตู และ 26 เทียบกับ 17 แอสซิสต์ เปรียบเทียบการลงสนาม นาที และอัตราการทำประตูให้สโมสรและทีมชาติ,https://messivsronaldo17.com/th/seasons/2015,,no,700499,,2026-10-06T18:54:41Z
/th/seasons/2015-16,200,th,เมสซี vs โรนัลโด 2015/16: ประตูและอัตราการทำประตู | The Rivalry,ในลาลีกา 2015/16 เมสซียิง 26 ประตู และโรนัลโดยิง 35 ประตู เปรียบเทียบตัวเลขในลีกและแชมเปียนส์ลีกพร้อมแหล่งอ้างอิง,https://messivsronaldo17.com/th/seasons/2015-16,,no,621856,,2026-10-06T18:54:41Z
/th/seasons/2016,200,th,เมสซี vs โรนัลโด 2016: ประตูและสถิติปีปฏิทิน | The Rivalry,เมสซี vs โรนัลโดในปี 2016: 59 เทียบกับ 55 ประตู และ 31 เทียบกับ 16 แอสซิสต์ เปรียบเทียบการลงสนาม นาที และอัตราการทำประตูให้สโมสรและทีมชาติ,https://messivsronaldo17.com/th/seasons/2016,,no,700581,,2026-10-06T18:54:41Z
/th/seasons/2016-17,200,th,เมสซี vs โรนัลโด 2016/17: ประตูและอัตราการทำประตู | The Rivalry,ในลาลีกา 2016/17 เมสซียิง 37 ประตู และโรนัลโดยิง 25 ประตู เปรียบเทียบตัวเลขในลีกและแชมเปียนส์ลีกพร้อมแหล่งอ้างอิง,https://messivsronaldo17.com/th/seasons/2016-17,,no,621634,,2026-10-06T18:54:41Z
/th/seasons/2017,200,th,เมสซี vs โรนัลโด 2017: ประตูและสถิติปีปฏิทิน | The Rivalry,เมสซี vs โรนัลโดในปี 2017: 54 เทียบกับ 53 ประตู และ 16 เทียบกับ 12 แอสซิสต์ เปรียบเทียบการลงสนาม นาที และอัตราการทำประตูให้สโมสรและทีมชาติ,https://messivsronaldo17.com/th/seasons/2017,,no,700645,,2026-10-06T18:54:41Z
/th/seasons/2017-18,200,th,เมสซี vs โรนัลโด 2017/18: ประตูและอัตราการทำประตู | The Rivalry,ในลาลีกา 2017/18 เมสซียิง 34 ประตู และโรนัลโดยิง 26 ประตู เปรียบเทียบตัวเลขในลีกและแชมเปียนส์ลีกพร้อมแหล่งอ้างอิง,https://messivsronaldo17.com/th/seasons/2017-18,,no,621453,,2026-10-06T18:54:41Z
/th/seasons/2018,200,th,เมสซี vs โรนัลโด 2018: ประตูและสถิติปีปฏิทิน | The Rivalry,เมสซี vs โรนัลโดในปี 2018: 51 เทียบกับ 49 ประตู และ 26 เทียบกับ 13 แอสซิสต์ เปรียบเทียบการลงสนาม นาที และอัตราการทำประตูให้สโมสรและทีมชาติ,https://messivsronaldo17.com/th/seasons/2018,,no,700386,,2026-10-06T18:54:41Z
/th/seasons/2019,200,th,เมสซี vs โรนัลโด 2019: ประตูและสถิติปีปฏิทิน | The Rivalry,เมสซี vs โรนัลโดในปี 2019: 50 เทียบกับ 39 ประตู และ 18 เทียบกับ 4 แอสซิสต์ เปรียบเทียบการลงสนาม นาที และอัตราการทำประตูให้สโมสรและทีมชาติ,https://messivsronaldo17.com/th/seasons/2019,,no,700390,,2026-10-06T18:54:41Z
/th/seasons/2020,200,th,เมสซี vs โรนัลโด 2020: ประตูและสถิติปีปฏิทิน | The Rivalry,เมสซี vs โรนัลโดในปี 2020: 27 เทียบกับ 44 ประตู และ 19 เทียบกับ 7 แอสซิสต์ เปรียบเทียบการลงสนาม นาที และอัตราการทำประตูให้สโมสรและทีมชาติ,https://messivsronaldo17.com/th/seasons/2020,,no,700491,,2026-10-06T18:54:41Z
/th/seasons/2021,200,th,เมสซี vs โรนัลโด 2021: ประตูและสถิติปีปฏิทิน | The Rivalry,เมสซี vs โรนัลโดในปี 2021: 43 เทียบกับ 47 ประตู และ 18 เทียบกับ 7 แอสซิสต์ เปรียบเทียบการลงสนาม นาที และอัตราการทำประตูให้สโมสรและทีมชาติ,https://messivsronaldo17.com/th/seasons/2021,,no,700254,,2026-10-06T18:54:41Z
/th/seasons/2022,200,th,เมสซี vs โรนัลโด 2022: ประตูและสถิติปีปฏิทิน | The Rivalry,เมสซี vs โรนัลโดในปี 2022: 35 เทียบกับ 16 ประตู และ 30 เทียบกับ 4 แอสซิสต์ เปรียบเทียบการลงสนาม นาที และอัตราการทำประตูให้สโมสรและทีมชาติ,https://messivsronaldo17.com/th/seasons/2022,,no,700740,,2026-10-06T18:54:41Z
/th/seasons/2023,200,th,เมสซี vs โรนัลโด 2023: ประตูและสถิติปีปฏิทิน | The Rivalry,เมสซี vs โรนัลโดในปี 2023: 28 เทียบกับ 54 ประตู และ 12 เทียบกับ 15 แอสซิสต์ เปรียบเทียบการลงสนาม นาที และอัตราการทำประตูให้สโมสรและทีมชาติ,https://messivsronaldo17.com/th/seasons/2023,,no,700799,,2026-10-06T18:54:41Z
/th/seasons/2024,200,th,เมสซี vs โรนัลโด 2024: ประตูและสถิติปีปฏิทิน | The Rivalry,เมสซี vs โรนัลโดในปี 2024: 29 เทียบกับ 43 ประตู และ 18 เทียบกับ 7 แอสซิสต์ เปรียบเทียบการลงสนาม นาที และอัตราการทำประตูให้สโมสรและทีมชาติ,https://messivsronaldo17.com/th/seasons/2024,,no,700736,,2026-10-06T18:54:41Z
/th/seasons/2025,200,th,เมสซี vs โรนัลโด 2025: ประตูและสถิติปีปฏิทิน | The Rivalry,เมสซี vs โรนัลโดในปี 2025: 46 เทียบกับ 41 ประตู และ 28 เทียบกับ 4 แอสซิสต์ เปรียบเทียบการลงสนาม นาที และอัตราการทำประตูให้สโมสรและทีมชาติ,https://messivsronaldo17.com/th/seasons/2025,,no,700453,,2026-10-06T18:54:41Z
/th/seasons/2026,200,th,เมสซี vs โรนัลโด 2026: ประตูและสถิติปีปฏิทิน | The Rivalry,เมสซี vs โรนัลโดในปี 2026: 35 เทียบกับ 22 ประตู และ 17 เทียบกับ 1 แอสซิสต์ ตั้งแต่ต้นปีถึง 27 กันยายน ค.ศ. 2026,https://messivsronaldo17.com/th/seasons/2026,,no,697070,,2026-10-06T18:54:41Z
/th/sitemap,200,th,แผนผังเว็บไซต์ | The Rivalry,สำรวจการเปรียบเทียบเมสซีกับโรนัลโด ประวัตินักเตะ ปีปฏิทิน บทความ และนโยบายทั้งหมดของ The Rivalry,https://messivsronaldo17.com/th/sitemap,,no,707018,,2026-10-06T18:54:41Z
/th/terms,200,th,ข้อกำหนดการใช้งาน | The Rivalry,ข้อกำหนดการใช้การเปรียบเทียบและบทความของเราบน messivsronaldo17.com,https://messivsronaldo17.com/th/terms,,no,594097,,2026-10-06T18:54:41Z
/th/tools,200,th,เครื่องมือโต้ตอบและเกมฟุตบอลเมสซี vs โรนัลโด | The Rivalry,ทดสอบความรู้ฟุตบอล สำรวจแนวโน้มตลอดอาชีพ และสร้างสถานการณ์ทำประตูของคุณเอง ด้วยเครื่องมือที่พัฒนาจากสถิติ,https://messivsronaldo17.com/th/tools,,no,585216,,2026-10-06T18:54:41Z
/th/uefa-awards,200,th,เมสซี vs โรนัลโด: รางวัล UEFA | The Rivalry,เปรียบเทียบรางวัลนักฟุตบอลชายยอดเยี่ยมแห่งปีของ UEFA และฤดูกาลที่เมสซีกับโรนัลโดได้รับรางวัล,https://messivsronaldo17.com/th/uefa-awards,,no,622402,,2026-10-06T18:54:41Z
/th/updates,200,th,อัปเดตการแข่งขันที่เผยแพร่ | The Rivalry,บันทึกการแข่งขันเมสซีและโรนัลโดที่เพิ่มหลังข้อมูลพื้นฐานที่ตรวจทานแล้ว พร้อมวันที่ แหล่งอ้างอิง และหมายเหตุขอบเขต,https://messivsronaldo17.com/th/updates,,no,576300,,2026-10-06T18:54:41Z
/th/vote,200,th,โหวตแฟนบอล เมสซี vs โรนัลโด | The Rivalry,เลือกนักเตะที่คุณชื่นชอบและดูผลโหวต หนึ่งเสียงต่อเบราว์เซอร์ โดยแสดงยอดเริ่มต้นและเสียงจากผู้เข้าชมแยกกัน,https://messivsronaldo17.com/th/vote,,no,580759,,2026-10-06T18:54:41Z
/th/world-cup,200,th,เมสซี vs โรนัลโด: ประตูและแอสซิสต์ฟุตบอลโลก 2026 | The Rivalry,ฟุตบอลโลกรอบสุดท้าย รวมชุดข้อมูลตั้งต้นที่ตรวจสอบแล้วกับผลการแข่งขันที่เผยแพร่ ดูขอบเขตของแต่ละสถิติและบันทึกการอัปเดต,https://messivsronaldo17.com/th/world-cup,,no,638944,,2026-10-06T18:54:41Z
/tools,200,en,Messi vs Ronaldo Interactive Tools & Football Games | The Rivalry,"Test your football knowledge, explore career trends and build your own scoring scenarios. Original tools built around the records.",https://messivsronaldo17.com/tools,,no,249919,,2026-10-06T18:54:41Z
/uefa-awards,200,en,Messi vs Ronaldo: UEFA awards | The Rivalry,Compare UEFA Men’s Player of the Year awards and the winning seasons for Messi and Ronaldo.,https://messivsronaldo17.com/uefa-awards,,no,286697,,2026-10-06T18:54:41Z
/updates,200,en,Published match updates | The Rivalry,"Dated Messi and Ronaldo match records added after the reviewed baseline, with sources and coverage notes.",https://messivsronaldo17.com/updates,,no,242292,,2026-10-06T18:54:41Z
/vote,200,en,Messi vs Ronaldo Fan Vote | The Rivalry,"Choose your favourite player and see the poll results. One vote per browser, with starting totals and visitor votes shown separately.",https://messivsronaldo17.com/vote,,no,247173,,2026-10-06T18:54:41Z
/world-cup,200,en,Messi vs Ronaldo World Cup Goals & Assists — 2026 | The Rivalry,World Cup finals. Reviewed baseline plus published match updates. See each statistic’s coverage and the public update log.,https://messivsronaldo17.com/world-cup,,no,293831,,2026-10-06T18:54:41Z
